$MeshFormat
2.2 0 8
$EndMeshFormat
$PhysicalNames
6
1 1 ".top"
1 2 ".bottom"
1 3 ".left"
1 4 ".right"
1 5 "fracture"
2 6 "rock"
$EndPhysicalNames
$Nodes
8033
1 0.2374999999994485 0 0
2 0.4874999999987294 0 0
3 0.4624999999987995 0 0
4 0.4374999999988697 0 0
5 0.4124999999989398 0 0
6 0.3874999999990114 0 0
7 0.3624999999990842 0 0
8 0.3374999999991571 0 0
9 0.3124999999992299 0 0
10 0.2874999999993029 0 0
11 0.2624999999993757 0 0
12 0.5124999999987259 0 0
13 0.2124999999995215 0 0
14 0.18749999999959 0 0
15 0.1624999999996542 0 0
16 0.1374999999997184 0 0
17 0.1124999999997826 0 0
18 0.08749999999983783 0 0
19 0.06249999999988416 0 0
20 0.03749999999993049 0 0
21 0.01249999999997683 0 0
22 0.7624999999993746 0 0
23 0.9874999999999671 0 0
24 0.9624999999999013 0 0
25 0.9374999999998355 0 0
26 0.9124999999997697 0 0
27 0.8874999999997039 0 0
28 0.862499999999638 0 0
29 0.8374999999995721 0 0
30 0.8124999999995063 0 0
31 0.7874999999994404 0 0
32 0.09999999999981467 0 0
33 0.7374999999993087 0 0
34 0.712499999999243 0 0
35 0.6874999999991771 0 0
36 0.6624999999991114 0 0
37 0.6374999999990455 0 0
38 0.6124999999989797 0 0
39 0.5874999999989152 0 0
40 0.5624999999988521 0 0
41 0.5374999999987891 0 0
42 0.4749999999987645 0 0
43 0.9249999999998026 0 0
44 0.8749999999996709 0 0
45 0.8249999999995392 0 0
46 0.7749999999994075 0 0
47 0.7249999999992758 0 0
48 0.6749999999991443 0 0
49 0.6249999999990126 0 0
50 0.5749999999988837 0 0
51 1 0 0
52 0.9749999999999341 0 0
53 0.4249999999989048 0 0
54 0.3749999999990478 0 0
55 0.3249999999991935 0 0
56 0.2749999999993393 0 0
57 0.224999999999485 0 0
58 0.1749999999996221 0 0
59 0.1249999999997505 0 0
60 0.074999999999861 0 0
61 0.02499999999995366 0 0
62 0.1499999999996863 0 0
63 0.1999999999995579 0 0
64 0.2999999999992664 0 0
65 0.3999999999989749 0 0
66 0.4999999999986943 0 0
67 0.5999999999989468 0 0
68 0.69999999999921 0 0
69 0.7999999999994734 0 0
70 0 0 0
71 0.8999999999997368 0 0
72 0.5249999999987575 0 0
73 0.2499999999994121 0 0
74 0.3499999999991207 0 0
75 0.4499999999988346 0 0
76 0.5499999999988205 0 0
77 0.6499999999990784 0 0
78 0.7499999999993416 0 0
79 0.8499999999996051 0 0
80 0.9499999999998684 0 0
81 0.04999999999990733 0 0
82 1 0.2624999999993757 0
83 1 0.4874999999987294 0
84 1 0.4624999999987995 0
85 1 0.4374999999988697 0
86 1 0.4124999999989398 0
87 1 0.3874999999990114 0
88 1 0.3624999999990842 0
89 1 0.3374999999991571 0
90 1 0.3124999999992299 0
91 1 0.2874999999993029 0
92 1 0.5124999999987259 0
93 1 0.2374999999994485 0
94 1 0.2124999999995215 0
95 1 0.18749999999959 0
96 1 0.1624999999996542 0
97 1 0.1374999999997184 0
98 1 0.1124999999997826 0
99 1 0.08749999999983783 0
100 1 0.06249999999988416 0
101 1 0.03749999999993049 0
102 1 0.7624999999993746 0
103 1 0.9874999999999671 0
104 1 0.9624999999999013 0
105 1 0.9374999999998355 0
106 1 0.9124999999997697 0
107 1 0.8874999999997039 0
108 1 0.862499999999638 0
109 1 0.8374999999995721 0
110 1 0.8124999999995063 0
111 1 0.7874999999994404 0
112 1 0.01249999999997683 0
113 1 0.7374999999993087 0
114 1 0.712499999999243 0
115 1 0.6874999999991771 0
116 1 0.6624999999991114 0
117 1 0.6374999999990455 0
118 1 0.6124999999989797 0
119 1 0.5874999999989152 0
120 1 0.5624999999988521 0
121 1 0.5374999999987891 0
122 1 0.02499999999995366 0
123 1 0.9749999999999341 0
124 1 0.9249999999998026 0
125 1 0.8749999999996709 0
126 1 0.8249999999995392 0
127 1 0.7749999999994075 0
128 1 0.7249999999992758 0
129 1 0.6749999999991443 0
130 1 0.6249999999990126 0
131 1 0.5749999999988837 0
132 1 1 0
133 1 0.4749999999987645 0
134 1 0.4249999999989048 0
135 1 0.3749999999990478 0
136 1 0.3249999999991935 0
137 1 0.2749999999993393 0
138 1 0.224999999999485 0
139 1 0.1749999999996221 0
140 1 0.1249999999997505 0
141 1 0.074999999999861 0
142 1 0.04999999999990733 0
143 1 0.09999999999981467 0
144 1 0.1999999999995579 0
145 1 0.2999999999992664 0
146 1 0.3999999999989749 0
147 1 0.4999999999986943 0
148 1 0.5999999999989468 0
149 1 0.69999999999921 0
150 1 0.7999999999994734 0
151 1 0.8999999999997368 0
152 1 0.5249999999987575 0
153 1 0.1499999999996863 0
154 1 0.2499999999994121 0
155 1 0.3499999999991207 0
156 1 0.4499999999988346 0
157 1 0.5499999999988205 0
158 1 0.6499999999990784 0
159 1 0.7499999999993416 0
160 1 0.8499999999996051 0
161 1 0.9499999999998684 0
162 0.7375000000004333 1 0
163 0.5125000000019747 1 0
164 0.5375000000018068 1 0
165 0.5625000000016388 1 0
166 0.5875000000014708 1 0
167 0.6125000000013001 1 0
168 0.6375000000011268 1 0
169 0.6625000000009535 1 0
170 0.68750000000078 1 0
171 0.7125000000006068 1 0
172 0.4875000000020094 1 0
173 0.76250000000026 1 0
174 0.7875000000000865 1 0
175 0.8124999999999478 1 0
176 0.8374999999998438 1 0
177 0.8624999999997396 1 0
178 0.8874999999996356 1 0
179 0.9124999999996356 1 0
180 0.9374999999997398 1 0
181 0.9624999999998438 1 0
182 0.2375000000009883 1 0
183 0.012500000000052 1 0
184 0.03750000000015601 1 0
185 0.06250000000026001 1 0
186 0.08750000000036401 1 0
187 0.1125000000004681 1 0
188 0.1375000000005721 1 0
189 0.1625000000006762 1 0
190 0.1875000000007802 1 0
191 0.2125000000008842 1 0
192 0.987499999999948 1 0
193 0.2625000000010923 1 0
194 0.2875000000011963 1 0
195 0.3125000000013003 1 0
196 0.3375000000014044 1 0
197 0.3625000000015084 1 0
198 0.3875000000016124 1 0
199 0.4125000000017137 1 0
200 0.4375000000018123 1 0
201 0.4625000000019108 1 0
202 0.9749999999998959 1 0
203 0.025000000000104 1 0
204 0.07500000000031201 1 0
205 0.1250000000005201 1 0
206 0.1750000000007282 1 0
207 0.2250000000009362 1 0
208 0.2750000000011443 1 0
209 0.3250000000013524 1 0
210 0.3750000000015604 1 0
211 0.425000000001763 1 0
212 0 1 0
213 0.5250000000018907 1 0
214 0.5750000000015548 1 0
215 0.6250000000012135 1 0
216 0.6750000000008668 1 0
217 0.72500000000052 1 0
218 0.7750000000001732 1 0
219 0.8249999999998958 1 0
220 0.8749999999996876 1 0
221 0.9249999999996876 1 0
222 0.9499999999997918 1 0
223 0.8999999999995836 1 0
224 0.7999999999999998 1 0
225 0.7000000000006934 1 0
226 0.6000000000013869 1 0
227 0.5000000000020587 1 0
228 0.4000000000016644 1 0
229 0.3000000000012483 1 0
230 0.2000000000008322 1 0
231 0.100000000000416 1 0
232 0.4750000000019601 1 0
233 0.8499999999997917 1 0
234 0.7500000000003466 1 0
235 0.6500000000010402 1 0
236 0.5500000000017228 1 0
237 0.4500000000018616 1 0
238 0.3500000000014564 1 0
239 0.2500000000010403 1 0
240 0.1500000000006241 1 0
241 0.050000000000208 1 0
242 0 0.7375000000004333 0
243 0 0.5125000000019747 0
244 0 0.5375000000018068 0
245 0 0.5625000000016388 0
246 0 0.5875000000014708 0
247 0 0.6125000000013001 0
248 0 0.6375000000011268 0
249 0 0.6625000000009535 0
250 0 0.68750000000078 0
251 0 0.7125000000006068 0
252 0 0.4875000000020094 0
253 0 0.76250000000026 0
254 0 0.7875000000000865 0
255 0 0.8124999999999478 0
256 0 0.8374999999998438 0
257 0 0.8624999999997396 0
258 0 0.8874999999996356 0
259 0 0.9124999999996356 0
260 0 0.9374999999997398 0
261 0 0.9624999999998438 0
262 0 0.2375000000009883 0
263 0 0.012500000000052 0
264 0 0.03750000000015601 0
265 0 0.06250000000026001 0
266 0 0.08750000000036401 0
267 0 0.1125000000004681 0
268 0 0.1375000000005721 0
269 0 0.1625000000006762 0
270 0 0.1875000000007802 0
271 0 0.2125000000008842 0
272 0 0.987499999999948 0
273 0 0.2625000000010923 0
274 0 0.2875000000011963 0
275 0 0.3125000000013003 0
276 0 0.3375000000014044 0
277 0 0.3625000000015084 0
278 0 0.3875000000016124 0
279 0 0.4125000000017137 0
280 0 0.4375000000018123 0
281 0 0.4625000000019108 0
282 0 0.9749999999998959 0
283 0 0.025000000000104 0
284 0 0.07500000000031201 0
285 0 0.1250000000005201 0
286 0 0.1750000000007282 0
287 0 0.2250000000009362 0
288 0 0.2750000000011443 0
289 0 0.3250000000013524 0
290 0 0.3750000000015604 0
291 0 0.425000000001763 0
292 0 0.8999999999995836 0
293 0 0.5250000000018907 0
294 0 0.5750000000015548 0
295 0 0.6250000000012135 0
296 0 0.6750000000008668 0
297 0 0.72500000000052 0
298 0 0.7750000000001732 0
299 0 0.8249999999998958 0
300 0 0.8749999999996876 0
301 0 0.9249999999996876 0
302 0 0.8499999999997917 0
303 0 0.7999999999999998 0
304 0 0.7000000000006934 0
305 0 0.6000000000013869 0
306 0 0.5000000000020587 0
307 0 0.4000000000016644 0
308 0 0.3000000000012483 0
309 0 0.2000000000008322 0
310 0 0.100000000000416 0
311 0 0.9499999999997918 0
312 0 0.4750000000019601 0
313 0 0.7500000000003466 0
314 0 0.6500000000010402 0
315 0 0.5500000000017228 0
316 0 0.4500000000018616 0
317 0 0.3500000000014564 0
318 0 0.2500000000010403 0
319 0 0.1500000000006241 0
320 0 0.050000000000208 0
321 0.5125000000003295 0.5 0
322 0.2625000000000693 0.5 0
323 0.2875000000002081 0.5 0
324 0.3125000000003468 0.5 0
325 0.3375000000004855 0.5 0
326 0.3625000000005376 0.5 0
327 0.3875000000005029 0.5 0
328 0.4125000000004682 0.5 0
329 0.4375000000004335 0.5 0
330 0.4625000000003988 0.5 0
331 0.4875000000003642 0.5 0
332 0.75 0.5 0
333 0.5375000000002947 0.5 0
334 0.5625000000002602 0.5 0
335 0.5875000000002255 0.5 0
336 0.6125000000001908 0.5 0
337 0.6375000000001561 0.5 0
338 0.6625000000001213 0.5 0
339 0.6875000000000866 0.5 0
340 0.7125000000000521 0.5 0
341 0.7375000000000174 0.5 0
342 0.2750000000001387 0.5 0
343 0.7250000000000347 0.5 0
344 0.675000000000104 0.5 0
345 0.6250000000001734 0.5 0
346 0.5750000000002429 0.5 0
347 0.5250000000003121 0.5 0
348 0.4750000000003815 0.5 0
349 0.4250000000004509 0.5 0
350 0.3750000000005203 0.5 0
351 0.3250000000004162 0.5 0
352 0.7000000000000693 0.5 0
353 0.25 0.5 0
354 0.6000000000002081 0.5 0
355 0.5000000000003468 0.5 0
356 0.4000000000004855 0.5 0
357 0.3000000000002775 0.5 0
358 0.6500000000001387 0.5 0
359 0.5500000000002775 0.5 0
360 0.4500000000004162 0.5 0
361 0.3500000000005549 0.5 0
362 0.7491826982392498 0.9138693290139832 0
363 0.5500000000017589 0.9133974596220723 0
364 0.3499999999990664 0.08660254037827959 0
365 0.5499999999988737 0.08660254037849059 0
366 0.749999999999325 0.08660254037874826 0
367 0.3500000000016414 0.9133974596216335 0
368 0.08962961249560558 0.7586725654709496 0
369 0.08962961249548015 0.2413274345299924 0
370 0.9098985181125807 0.7594898672319458 0
371 0.9103703875043442 0.2413274345292363 0
372 0.1504237369277718 0.08467720450543034 0
373 0.1504237369286845 0.9153227954941436 0
374 0.08261011954042195 0.5469233223492024 0
375 0.9173898804593043 0.4530766776513945 0
376 0.4500000000021522 0.9133974596220228 0
377 0.5000000000020598 0.826794919243991 0
378 0.6000000000016366 0.8267949192441503 0
379 0.5500000000018188 0.7401923788656761 0
380 0.450000000001607 0.7401923788648948 0
381 0.650000000001598 0.7401923788660085 0
382 0.6000000000019704 0.653589838487762 0
383 0.7000000000017508 0.653589838487961 0
384 0.7470993649064432 0.7385176964134499 0
385 0.8000000000015923 0.6535898384881703 0
386 0.2500706228224241 0.9137183489334904 0
387 0.3000117704716067 0.8268484007949711 0
388 0.1844729824734499 0.8185707090198736 0
389 0.2500000000010319 0.7401923788641998 0
390 0.3500019617464218 0.7402012924565172 0
391 0.3000000000009037 0.6535898384856578 0
392 0.2000000000008665 0.6535898384858083 0
393 0.400000000000885 0.6535898384855205 0
394 0.5000000000013295 0.6535898384862819 0
395 0.6499999999991045 0.08660254037865686 0
396 0.5999999999987675 0.1732050807570069 0
397 0.499999999998759 0.1732050807568498 0
398 0.5499999999986146 0.2598076211353103 0
399 0.4499999999986956 0.2598076211351372 0
400 0.6499999999986144 0.2598076211355719 0
401 0.4999999999985321 0.3464101615136086 0
402 0.3999999999986406 0.3464101615134557 0
403 0.3499999999987621 0.259807621134978 0
404 0.299999999998699 0.3464101615133494 0
405 0.2529006350936088 0.2614823035876902 0
406 0.1999999999986039 0.3464101615133011 0
407 0.6999999999989368 0.1732050807573301 0
408 0.7470993649041384 0.2614823035886252 0
409 0.6999999999981412 0.3464101615141314 0
410 0.7999999999980364 0.3464101615147011 0
411 0.8151849454016278 0.1819970608647019 0
412 0.8506980051542256 0.08465468751306802 0
413 0.8991553918760878 0.6535377034216604 0
414 0.9136316044647074 0.8548847302819405 0
415 0.915681605974404 0.5480257191923095 0
416 0.3004834391814943 0.1734841944986959 0
417 0.1007771982105899 0.3465790539737355 0
418 0.4499999999989438 0.08660254037841333 0
419 0.4000805731959534 0.1732515997137256 0
420 0.08430715903981896 0.4519937403741514 0
421 0.6498637830409466 0.9134761045207258 0
422 0.8997931476227867 0.3470185793513793 0
423 0.1002068523768968 0.6529814206490165 0
424 0.2501511960177391 0.08632817002314969 0
425 0.5999999999983366 0.346410161513713 0
426 0.6993576410316575 0.8266075578838155 0
427 0.1849662506158432 0.1817226905092691 0
428 0.4000022887042481 0.826805318434005 0
429 0.8138374579457246 0.8199631629925695 0
430 0.8490092303012733 0.9183882099841227 0
431 0.08318840360948307 0.8509037909364143 0
432 0.08324712600732853 0.1491311375793957 0
433 0.9169044142426817 0.1491611201220711 0
434 0.8393487875466934 0.4999999999986032 0
435 0.1606512124531819 0.5000000000020549 0
436 0.7476391151939359 0.5947306179099646 0
437 0.650000000001997 0.584933478489133 0
438 0.550000000002666 0.5849334784888979 0
439 0.4499999999984813 0.4150665215114718 0
440 0.3499999999985968 0.4150665215114058 0
441 0.5499999999983629 0.4150665215115436 0
442 0.4500000000016302 0.584933478488365 0
443 0.6499999999979515 0.4150665215116603 0
444 0.252360884806124 0.4052693820908497 0
445 0.7366899495184114 0.4193460192955941 0
446 0.3500000000007999 0.5849334784881498 0
447 0.2633100504807806 0.5806539807044981 0
448 0.8325961894319087 0.2698557158520641 0
449 0.1674038105678277 0.7301442841486432 0
450 0.8325961894326938 0.730144284149835 0
451 0.1674038105673746 0.2698557158515088 0
452 0.8253041500987854 0.5749806465017847 0
453 0.174682742418053 0.4250420563256821 0
454 0.823870294190872 0.4276419063019453 0
455 0.1761297058086913 0.5723580936984299 0
456 0.9267949192428531 0.9267949192428941 0
457 0.07320508075719248 0.9267949192428074 0
458 0.926794919242756 0.07320508075712377 0
459 0.07320508075662228 0.07320508075678341 0
460 0.9117650612886441 0.8071872987569431 0
461 0.863734531205216 0.8374239466372551 0
462 0.8618679880291527 0.7897265151122577 0
463 0.1370512974845277 0.7886216372454116 0
464 0.1338306930414665 0.834737249978144 0
465 0.08640900805254433 0.804788178203682 0
466 0.862777666452986 0.2116622476969691 0
467 0.8660446798221547 0.1655790904933865 0
468 0.9136374008735129 0.1952442773256537 0
469 0.1372979315556617 0.2115250625196307 0
470 0.08643836925140434 0.195229286054694 0
471 0.1341066883115859 0.1654269140443324 0
472 0.8232168236892092 0.7750537235712023 0
473 0.8712473537726373 0.7448170756908904 0
474 0.1285167115317166 0.7444084248097964 0
475 0.1759383965206388 0.7743574965842583 0
476 0.8714832884681265 0.2555915751906502 0
477 0.8238905674167682 0.225926388358383 0
478 0.1761850305916089 0.2257892031803889 0
479 0.1285167115314274 0.2555915751907506 0
480 0.3500000000006774 0.542466739244075 0
481 0.3066550252407902 0.5827937295963239 0
482 0.3066550252406678 0.5403269903522491 0
483 0.4500000000010232 0.5424667392441824 0
484 0.4000000000012151 0.5849334784882574 0
485 0.400000000000608 0.542466739244075 0
486 0.2566550252403903 0.5403269903522491 0
487 0.7000000000009985 0.5424667392445666 0
488 0.6500000000010678 0.5424667392445666 0
489 0.7488195575969679 0.5473653089549824 0
490 0.6988195575979664 0.5898320481995488 0
491 0.5500000000014718 0.5424667392444489 0
492 0.5000000000021481 0.5849334784886314 0
493 0.5000000000009539 0.5424667392441824 0
494 0.2999999999992984 0.4575332607557029 0
495 0.3499999999995759 0.4575332607557029 0
496 0.3999999999995181 0.4575332607557359 0
497 0.4499999999994487 0.4575332607557359 0
498 0.251180442403062 0.4526346910454249 0
499 0.3011804424023604 0.4101679518011278 0
500 0.4999999999993895 0.4575332607557718 0
501 0.5499999999993201 0.4575332607557718 0
502 0.4999999999984221 0.4150665215115077 0
503 0.3999999999985391 0.4150665215114387 0
504 0.6000000000023316 0.5849334784890154 0
505 0.6000000000014023 0.5424667392444489 0
506 0.5999999999991146 0.4575332607558301 0
507 0.6499999999990451 0.4575332607558301 0
508 0.5999999999981572 0.4150665215116019 0
509 0.693344974759275 0.4596730096477971 0
510 0.7433449747592057 0.4596730096477971 0
511 0.6933449747581815 0.4172062704036272 0
512 0.1674483597010672 0.8669467522570087 0
513 0.1168060702690838 0.883113293215279 0
514 0.8329414752779267 0.133325874188885 0
515 0.8838012096984535 0.1169079038175696 0
516 0.1676949937718075 0.1331999475073497 0
517 0.1168354314675502 0.116904171042413 0
518 0.8498965738104116 0.3467143704330402 0
519 0.8162980947149725 0.3081329386833826 0
520 0.8661946685273477 0.3084371476017217 0
521 0.1501034261888817 0.6532856295674124 0
522 0.1837019052843471 0.6918670613172258 0
523 0.1338053314723622 0.6915628523988299 0
524 0.8495776959388401 0.6535637709549154 0
525 0.8658757906543908 0.6918409937857477 0
526 0.816298094717143 0.6918670613190027 0
527 0.1503885991045969 0.3464946077435183 0
528 0.1340905043889823 0.3082173849126222 0
529 0.1837019052829892 0.308132938682405 0
530 0.8813204173829903 0.8866364701330316 0
531 0.8314233441234989 0.8691756864883462 0
532 0.219719878144736 0.5765060372014641 0
533 0.2130648529043457 0.5361790468492149 0
534 0.7802801218546417 0.4234939627987697 0
535 0.786935147095436 0.4638209531509727 0
536 0.7876520750493927 0.5374903232508923 0
537 0.7864716326463607 0.5848556322058747 0
538 0.2123413712090265 0.462521028162841 0
539 0.2135218136120885 0.4151557192082659 0
540 0.205325606226591 0.5000000000010274 0
541 0.1683904591309366 0.5361790468502424 0
542 0.7946743937733467 0.4999999999993016 0
543 0.8316095408687827 0.4638209531502743 0
544 0.8323264688227394 0.537490323250194 0
545 0.1676669774356175 0.4625210281638685 0
546 0.9045269549943342 0.7065137853268031 0
547 0.09491823243625119 0.7058269930599831 0
548 0.09520340535303504 0.293953244251864 0
549 0.9050817675635654 0.2941730069403078 0
550 0.8618317209068294 0.3873302428266623 0
551 0.8119351470944542 0.3870260339083232 0
552 0.1381682790927941 0.6126697571737232 0
553 0.1880648529047789 0.6129739660921192 0
554 0.8126520750501889 0.6142852424949775 0
555 0.8622297709874367 0.6142591749617226 0
556 0.1873413712083284 0.3857261089194916 0
557 0.1377299703143215 0.3858105551497088 0
558 0.4000009808740144 0.740196835660706 0
559 0.3750009808736534 0.6968955654710189 0
560 0.425000000001246 0.6968911086752076 0
561 0.4500000000011072 0.6535898384859012 0
562 0.4750000000014682 0.6968911086755883 0
563 0.3250068661090142 0.7835248466257442 0
564 0.3750021252253349 0.7835033054452611 0
565 0.3500070295879274 0.8268268596144881 0
566 0.4250011443529276 0.7834988486494499 0
567 0.5750000000018947 0.6968911086767191 0
568 0.5250000000015742 0.696891108675979 0
569 0.5500000000016499 0.653589838487022 0
570 0.5000000000017129 0.7401923788652854 0
571 0.8753490025769812 0.04232734375653401 0
572 0.8253490025768495 0.04232734375653401 0
573 0.325005885236624 0.8701229302083023 0
574 0.3750011443529447 0.8701013890278193 0
575 0.7749999999993992 0.04330127018937413 0
576 0.8003490025767752 0.08562861394590815 0
577 0.7825924727004764 0.1342998006217251 0
578 0.957840802987202 0.5740128595956282 0
579 0.957840802987202 0.5240128595955019 0
580 0.9586949402296521 0.4765383388250444 0
581 0.9165357432168542 0.500551198421852 0
582 0.3000353114120328 0.9135579042775619 0
583 0.2750411966470154 0.8702833748642307 0
584 0.6249999999986909 0.2165063509462894 0
585 0.6499999999988522 0.1732050807571685 0
586 0.6749999999987756 0.216506350946451 0
587 0.3750000000016529 0.9566987298108167 0
588 0.4000000000018968 0.9133974596218282 0
589 0.4250000000019083 0.9566987298110115 0
590 0.624999999998936 0.1299038105678319 0
591 0.6749999999990206 0.1299038105679935 0
592 0.217271802647937 0.866144528976682 0
593 0.2422423764725283 0.8227095549074224 0
594 0.2002471798755543 0.914520572213817 0
595 0.7249999999991309 0.1299038105680392 0
596 0.7575924727002823 0.177601070811016 0
597 0.9549492590562904 0.7297449336155779 0
598 0.949577695938044 0.6767688517104352 0
599 0.5749999999989103 0.0433012701892453 0
600 0.524999999998784 0.0433012701892453 0
601 0.5999999999989891 0.08660254037857373 0
602 0.5749999999988207 0.1299038105677487 0
603 0.3250000000014449 0.9566987298108167 0
604 0.2750353114118362 0.9568591744667452 0
605 0.7235496824515376 0.2173436921729776 0
606 0.6985496824513764 0.2606449623620986 0
607 0.9549492590562904 0.7797449336157096 0
608 0.9568158022323536 0.8274423651407069 0
609 0.3999999999987288 0.2598076211350576 0
610 0.3750402865973578 0.2165296104243518 0
611 0.4250402865973245 0.2165296104244314 0
612 0.6249999999990257 0.04330127018932843 0
613 0.1252118684645502 0.9576613977470718 0
614 0.1752118684647583 0.9576613977470718 0
615 0.05038859910529495 0.3732895269877 0
616 0.09254217862520443 0.3992863971739434 0
617 0.04215357951990948 0.4259968701879079 0
618 0.474999999998819 0.04330127018920667 0
619 0.4249999999989593 0.04330127018920667 0
620 0.2250353114116281 0.9568591744667452 0
621 0.949577695938044 0.6267688517103036 0
622 0.9074184989252458 0.6007817113069849 0
623 0.3749999999990207 0.0433012701891398 0
624 0.3999999999990051 0.08660254037834647 0
625 0.5499999999987633 0.1732050807569284 0
626 0.5249999999988164 0.1299038105676702 0
627 0.4749999999987273 0.2165063509459935 0
628 0.4500402865973562 0.1732283402352877 0
629 0.04481480624774008 0.2706637172656203 0
630 0.05038859910529495 0.3232895269874919 0
631 0.6999999999992148 0.08660254037870256 0
632 0.4999999999989088 0.08660254037845197 0
633 0.7235496824511398 0.3039462325513783 0
634 0.6749999999983778 0.3031088913248516 0
635 0.7249999999992676 0.04330127018937413 0
636 0.6749999999991573 0.04330127018932843 0
637 0.3252417195901282 0.216645907816837 0
638 0.3502820061887238 0.1733678971062108 0
639 0.9568158022323536 0.8774423651408386 0
640 0.3250009808736627 0.6968955654710876 0
641 0.3500000000008944 0.6535898384855892 0
642 0.2172364912372409 0.7793815439420366 0
643 0.2750058852363193 0.7835203898295855 0
644 0.3252417195902804 0.1300433674384877 0
645 0.3750402865975099 0.1299270700460026 0
646 0.04481480624774008 0.2206637172654123 0
647 0.574999999998691 0.2165063509461586 0
648 0.5249999999986867 0.2165063509460801 0
649 0.4999999999986551 0.2598076211352238 0
650 0.7735496824510875 0.3039462325516631 0
651 0.7499999999980889 0.3464101615144163 0
652 0.3014503175461855 0.2606449623613341 0
653 0.2766920371375515 0.217483249043193 0
654 0.2750000000009678 0.6968911086749288 0
655 0.2250000000009492 0.696891108675004 0
656 0.2500000000008851 0.653589838485733 0
657 0.5999999999986145 0.2598076211354411 0
658 0.5249999999985734 0.3031088913244595 0
659 0.4749999999986139 0.3031088913243729 0
660 0.3000009808737268 0.7401968356603585 0
661 0.7811421551528831 0.2217396822266635 0
662 0.4750000000021054 0.9566987298110115 0
663 0.4250011443532001 0.8701013890280138 0
664 0.4749999999988514 0.1299038105676316 0
665 0.4250402865974486 0.1299270700460695 0
666 0.04215357951990948 0.475996870188105 0
667 0.6499999999982389 0.3464101615139222 0
668 0.6249999999984754 0.3031088913246425 0
669 0.3249999999991664 0.0433012701891398 0
670 0.5749999999984756 0.3031088913245117 0
671 0.9586949402296521 0.4265383388251847 0
672 0.4499999999985864 0.3464101615135322 0
673 0.4249999999986681 0.3031088913242965 0
674 0.3749999999987014 0.3031088913242169 0
675 0.2753173175996167 0.1299061822609228 0
676 0.3000755980084028 0.08646535520071463 0
677 0.5250000000019093 0.8700961894330317 0
678 0.5500000000018481 0.8267949192440707 0
679 0.5750000000016977 0.8700961894331113 0
680 0.5250000000019088 0.9566987298110361 0
681 0.5750000000015729 0.9566987298110361 0
682 0.7245913491199716 0.9569346645069916 0
683 0.7745913491196248 0.9569346645069916 0
684 0.6249318915211668 0.9567380522603629 0
685 0.67493189152082 0.9567380522603629 0
686 0.9498965738113934 0.3735092896751771 0
687 0.9498965738113934 0.3235092896753229 0
688 0.6750000000016744 0.6968911086769848 0
689 0.723549682454097 0.6960537674507055 0
690 0.6985496824540206 0.7393550376397292 0
691 0.6250000000017841 0.6968911086768852 0
692 0.6500000000018606 0.6535898384878616 0
693 0.7500000000016716 0.6535898384880656 0
694 0.7735496824540178 0.69605376745081 0
695 0.9085915140410454 0.4000476285013869 0
696 0.2750755980085028 0.04316408501157484 0
697 0.2250755980086485 0.04316408501157484 0
698 0.1752118684636648 0.04233860225271517 0
699 0.1252118684637932 0.04233860225271517 0
700 0.955185193752172 0.2706637172642514 0
701 0.955185193752172 0.2206637172643971 0
702 0.6000000000017084 0.7401923788658423 0
703 0.5750000000017277 0.7834936490549131 0
704 0.6250000000016173 0.7834936490550795 0
705 0.3249999999987305 0.3031088913241637 0
706 0.2764503175461539 0.3039462325505198 0
707 0.5999318915213527 0.9134367820713991 0
708 0.5250000000019392 0.7834936490548335 0
709 0.4750000000018334 0.7834936490544429 0
710 0.5499999999984344 0.3464101615136608 0
711 0.6995232406400982 0.9136727167673545 0
712 0.6746107120363021 0.8700418312022706 0
713 0.7242701696354537 0.8702384434488993 0
714 0.6249318915212916 0.8701355118824381 0
715 0.04481480624780279 0.7293362827358215 0
716 0.04481480624780279 0.7793362827354747 0
717 0.2002874664727555 0.08550268726429001 0
718 0.3499999999986698 0.3464101615134025 0
719 0.2499999999986514 0.3464101615133253 0
720 0.2264503175461064 0.3039462325504957 0
721 0.2175587233167912 0.1340254302662094 0
722 0.0501034261884484 0.6264907103252018 0
723 0.0501034261884484 0.676490710324855 0
724 0.2427248448986687 0.1776034425039825 0
725 0.04130505977021098 0.5234616611756305 0
726 0.04130505977021098 0.5734616611752946 0
727 0.649678820516647 0.8267012385639829 0
728 0.7232285029690504 0.7825626271486327 0
729 0.6746788205166278 0.783399968374912 0
730 0.5000000000019555 0.9133974596220475 0
731 0.475000000002106 0.8700961894330068 0
732 0.218933442854726 0.2216024970484796 0
733 0.450001144353154 0.826800118838998 0
734 0.09140848595865939 0.5999523714991095 0
735 0.08345863929012046 0.4994585313616769 0
736 0.7565975494886911 0.8232853604381924 0
737 0.7815100780924872 0.8669162460032764 0
738 0.7804684114260839 0.7792404297030098 0
739 0.8245046151506366 0.9591941049920614 0
740 0.8745046151504284 0.9591941049920614 0
741 0.04159420180474153 0.8254518954682071 0
742 0.04159420180474153 0.875451895467999 0
743 0.04162356300366427 0.1245655687899059 0
744 0.04162356300366427 0.174565568790114 0
745 0.9584522071213408 0.1745805600608145 0
746 0.9584522071213408 0.1245805600609429 0
747 0.7990959642702615 0.916128769499053 0
748 0.7898477771680236 0.2656690097203446 0
749 0.2087019052844298 0.7351683315064215 0
750 0.2101522228304917 0.2656690097195995 0
751 0.7898477771695684 0.7343309902816424 0
752 0.8704928780365947 0.5615031828470471 0
753 0.129494950728936 0.4385178983499167 0
754 0.8706300873250881 0.4403592919766699 0
755 0.1293699126745566 0.5596407080238162 0
756 0.9133974596212183 0.9633974596214471 0
757 0.9633974596214265 0.9633974596214471 0
758 0.03660254037859624 0.9133974596211956 0
759 0.03660254037859624 0.9633974596214037 0
760 0.963397459621378 0.08660254037846922 0
761 0.963397459621378 0.03660254037856189 0
762 0.9133974596212464 0.03660254037856189 0
763 0.9633974596214265 0.9133974596213155 0
764 0.08660254037880424 0.9633974596214037 0
765 0.08660254037821848 0.0366025403783917 0
766 0.03660254037831114 0.0366025403783917 0
767 0.03660254037831114 0.08660254037859971 0
768 0.8775151967605487 0.5240128595954563 0
769 0.8783693340029988 0.4765383388249989 0
770 0.1224791857465004 0.4759968701881032 0
771 0.1216306659968019 0.5234616611756286 0
772 0.5250000000019978 0.6192616584875898 0
773 0.4750000000014798 0.6192616584873234 0
774 0.5750000000023182 0.6192616584883299 0
775 0.7238195575978433 0.6241602281989629 0
776 0.7738195575977641 0.6241602281990675 0
777 0.6750000000018739 0.6192616584885471 0
778 0.4250000000012576 0.6192616584869428 0
779 0.3750000000008424 0.6192616584868351 0
780 0.6250000000019837 0.6192616584884475 0
781 0.4749999999985067 0.3807383415125402 0
782 0.5249999999984475 0.3807383415125761 0
783 0.424999999998561 0.3807383415124638 0
784 0.3749999999986187 0.3807383415124307 0
785 0.5749999999983497 0.3807383415126283 0
786 0.3249999999986479 0.3807383415123776 0
787 0.6749999999980464 0.3807383415128959 0
788 0.6249999999981442 0.3807383415126867 0
789 0.7683449747582238 0.3828780904051476 0
790 0.7183449747582763 0.3828780904048628 0
791 0.2761804424024115 0.3758397718020995 0
792 0.3250000000008518 0.6192616584869037 0
793 0.226180442402364 0.3758397718020754 0
794 0.2316550252408235 0.6171219095951532 0
795 0.2816550252408422 0.617121909595078 0
796 0.07822610338197541 0.1111681091680896 0
797 0.9218496667427188 0.1111831004395974 0
798 0.8879020747720632 0.9225915646135084 0
799 0.07819674218333778 0.8888493550896108 0
800 0.8887464621984908 0.0789298841350959 0
801 0.1118144088429385 0.9210588573684755 0
802 0.9202132618537802 0.8908398247624173 0
803 0.111814408842197 0.07894114263110688 0
804 0.9108317897006124 0.7833385829944444 0
805 0.8868165246588984 0.7984569069346004 0
806 0.8858832530708667 0.7746081911721017 0
807 0.8877497962469301 0.8223056226970991 0
808 0.8628012596171843 0.8135752308747564 0
809 0.9126983328766758 0.8310360145194418 0
810 0.8886830678349618 0.8461543384595978 0
811 0.8387859945754703 0.8286935548149124 0
812 0.8378527229874386 0.8048448390524137 0
813 0.1133404549900666 0.7736471013581806 0
814 0.111730152768536 0.7967049077245467 0
815 0.08801931027407495 0.7817303718373159 0
816 0.1354409952629971 0.8116794436117778 0
817 0.1101198505470054 0.8197627140909129 0
818 0.1607621399789888 0.8035961731326426 0
819 0.1591518377574582 0.8266539794990089 0
820 0.1085095483254748 0.8428205204572792 0
821 0.0847987058310137 0.8278459845700481 0
822 0.8865740269786651 0.2264948411131027 0
823 0.8882075336632494 0.2034532625113114 0
824 0.9120038941889286 0.218285855927445 0
825 0.8644111731375703 0.1886206690951778 0
826 0.8898410403478338 0.1804116839095201 0
827 0.8389813059273069 0.1968296542808355 0
828 0.8406148126118913 0.1737880756790442 0
829 0.8914745470324181 0.1573701053077288 0
830 0.9152709075580973 0.1722026987238624 0
831 0.1611320910857524 0.1966238765144499 0
832 0.1357023099336238 0.1884759882819816 0
833 0.1595364694637146 0.1735748022768007 0
834 0.111868150403533 0.2033771742871623 0
835 0.1102725287814951 0.1803281000495132 0
836 0.1134637720255709 0.2264262485248116 0
837 0.08803399087344224 0.2182783602923432 0
838 0.08484274762936644 0.1721802118170448 0
839 0.1086769071594572 0.157279025811864 0
840 0.866557670900895 0.767271795401574 0
841 0.890572935942609 0.7521534714614181 0
842 0.8425424058591809 0.78239011934173 0
843 0.8472320887309233 0.7599353996310463 0
844 0.8185271408174669 0.797508443281886 0
845 0.8279065065609514 0.7525990038605186 0
846 0.8519217716026655 0.7374806799203627 0
847 0.1564948470025833 0.781489566914835 0
848 0.1802056894970444 0.796464102802066 0
849 0.1327840045081222 0.766515031027604 0
850 0.1522275540261777 0.7593829606970274 0
851 0.1090731620136611 0.751540495140373 0
852 0.1479602610497721 0.7372763544792198 0
853 0.1716711035442333 0.7522508903664508 0
854 0.8433341169348771 0.218794318027676 0
855 0.819537756409198 0.2039617246115424 0
856 0.8671304774605563 0.2336269114438096 0
857 0.8476869279424474 0.2407589817745166 0
858 0.8909268379862354 0.2484595048599432 0
859 0.8520397389500176 0.2627236455213571 0
860 0.8282433784243385 0.2478910521052236 0
861 0.1329073215435446 0.2335583188551907 0
862 0.1090731620134538 0.2484595048603715 0
863 0.1567414810736353 0.2186571328500098 0
864 0.1523508710615182 0.2406903891855697 0
865 0.1805756406037261 0.203755946844829 0
866 0.1717944205794917 0.2478224595159488 0
867 0.147960261049401 0.2627236455211297 0
868 0.3500000000006162 0.5212333696220375 0
869 0.3283275126206726 0.541396864798162 0
870 0.3283275126206113 0.5201634951761245 0
871 0.3283275126207338 0.5626302344201994 0
872 0.306655025240729 0.5615603599742864 0
873 0.3500000000007386 0.5637001088661124 0
874 0.3283275126207951 0.5838636040422369 0
875 0.2849825378607854 0.581723855150411 0
876 0.2849825378607242 0.5604904855283737 0
877 0.4500000000007197 0.5212333696220912 0
878 0.4250000000008156 0.5424667392441287 0
879 0.4250000000005121 0.5212333696220375 0
880 0.4250000000011191 0.5637001088662199 0
881 0.4000000000009115 0.5637001088661662 0
882 0.4500000000013267 0.5637001088662736 0
883 0.4250000000014227 0.5849334784883111 0
884 0.3750000000010075 0.5849334784882037 0
885 0.3750000000007039 0.5637001088661124 0
886 0.3750000000005814 0.5212333696220375 0
887 0.4000000000005468 0.5212333696220375 0
888 0.3750000000006427 0.542466739244075 0
889 0.2783275126203339 0.5201634951761245 0
890 0.2533275126201951 0.5201634951761245 0
891 0.3033275126204726 0.5201634951761245 0
892 0.281655025240529 0.5403269903522491 0
893 0.2599825378605854 0.5604904855283737 0
894 0.6750000000005686 0.5212333696222833 0
895 0.6500000000006032 0.5212333696222833 0
896 0.700000000000534 0.5212333696222833 0
897 0.6750000000010332 0.5424667392445666 0
898 0.7250000000004992 0.5212333696222833 0
899 0.6750000000014977 0.5637001088668498 0
900 0.6500000000015325 0.5637001088668498 0
901 0.7494097787984839 0.5236826544774912 0
902 0.7244097787989832 0.5449160240997745 0
903 0.7238195575974672 0.5685986785772656 0
904 0.6994097787994824 0.5661493937220576 0
905 0.748229336395452 0.5710479634324734 0
906 0.7232293363959512 0.5922813330547567 0
907 0.6744097787999817 0.5873827633443409 0
908 0.5500000000008747 0.5212333696222244 0
909 0.5250000000012128 0.5424667392443157 0
910 0.5250000000006156 0.5212333696220912 0
911 0.5250000000018099 0.5637001088665401 0
912 0.500000000001551 0.5637001088664069 0
913 0.5500000000020688 0.5637001088666733 0
914 0.5250000000024071 0.5849334784887646 0
915 0.4750000000018891 0.5849334784884982 0
916 0.4750000000012921 0.5637001088662736 0
917 0.475000000000685 0.5212333696220912 0
918 0.5000000000006504 0.5212333696220912 0
919 0.4750000000009885 0.5424667392441824 0
920 0.3249999999999267 0.4787666303778514 0
921 0.3500000000000654 0.4787666303778514 0
922 0.2999999999997879 0.4787666303778514 0
923 0.3249999999994371 0.4575332607557029 0
924 0.2749999999996492 0.4787666303778514 0
925 0.3249999999989476 0.4362998911335543 0
926 0.3499999999990864 0.4362998911335543 0
927 0.4249999999999671 0.4787666303778679 0
928 0.4499999999999325 0.4787666303778679 0
929 0.4000000000000018 0.4787666303778679 0
930 0.4249999999994833 0.4575332607557359 0
931 0.3750000000000365 0.4787666303778679 0
932 0.4249999999989997 0.4362998911336038 0
933 0.449999999998965 0.4362998911336038 0
934 0.3005902212008294 0.4338506062784153 0
935 0.3255902212004786 0.4126172366562668 0
936 0.2755902212011802 0.4550839759005639 0
937 0.2761804424027112 0.4314013214232764 0
938 0.250590221201531 0.4763173455227124 0
939 0.251770663604593 0.4289520365681373 0
940 0.2767706636042422 0.4077186669459887 0
941 0.5249999999998335 0.4787666303778859 0
942 0.5499999999997989 0.4787666303778859 0
943 0.4999999999998682 0.4787666303778859 0
944 0.5249999999993549 0.4575332607557718 0
945 0.4749999999999028 0.4787666303778859 0
946 0.5249999999988761 0.4362998911336577 0
947 0.5499999999988415 0.4362998911336577 0
948 0.4749999999994191 0.4575332607557538 0
949 0.4749999999989354 0.4362998911336218 0
950 0.4999999999989058 0.4362998911336398 0
951 0.4749999999984517 0.4150665215114897 0
952 0.5249999999983925 0.4150665215115257 0
953 0.3999999999990286 0.4362998911335873 0
954 0.4249999999985102 0.4150665215114552 0
955 0.374999999999547 0.4575332607557194 0
956 0.3749999999990575 0.4362998911335708 0
957 0.3749999999985679 0.4150665215114222 0
958 0.625000000001235 0.5424667392445077 0
959 0.6250000000007705 0.5212333696222244 0
960 0.6250000000016998 0.563700108866791 0
961 0.6000000000018669 0.5637001088667322 0
962 0.6250000000021643 0.5849334784890743 0
963 0.5750000000024988 0.5849334784889566 0
964 0.5750000000020341 0.5637001088666733 0
965 0.57500000000084 0.5212333696222244 0
966 0.6000000000008052 0.5212333696222244 0
967 0.575000000001437 0.5424667392444489 0
968 0.6249999999996266 0.4787666303779151 0
969 0.6499999999995919 0.4787666303779151 0
970 0.5999999999996614 0.4787666303779151 0
971 0.6249999999990798 0.4575332607558301 0
972 0.574999999999696 0.4787666303779151 0
973 0.6249999999985331 0.4362998911337452 0
974 0.6499999999984983 0.4362998911337452 0
975 0.5749999999992174 0.4575332607558009 0
976 0.5749999999987387 0.4362998911336868 0
977 0.5999999999986358 0.436299891133716 0
978 0.57499999999826 0.4150665215115728 0
979 0.6249999999980544 0.4150665215116311 0
980 0.7216724873796375 0.4798365048238986 0
981 0.7466724873796029 0.4798365048238986 0
982 0.6966724873796721 0.4798365048238986 0
983 0.7183449747592403 0.4596730096477971 0
984 0.6716724873797069 0.4798365048238986 0
985 0.7150174621388432 0.4395095144716956 0
986 0.7400174621388085 0.4395095144716956 0
987 0.6716724873791601 0.4586031352018136 0
988 0.6716724873786133 0.4373697655797286 0
989 0.6933449747587282 0.4384396400257121 0
990 0.6716724873780665 0.4161363959576437 0
991 0.7150174621382964 0.4182761448496106 0
992 0.1759606710872585 0.8427587306384412 0
993 0.1506395263712668 0.8508420011175764 0
994 0.1421272149850755 0.8750300227361438 0
995 0.1253183816552751 0.8589252715967115 0
996 0.1589360483148758 0.8911347738755762 0
997 0.1336149035988841 0.8992180443547113 0
998 0.09999723693928343 0.8670085420758467 0
999 0.8240632103397773 0.1576614675267934 0
1000 0.8494930775500407 0.1494524823411358 0
1001 0.8583713424881901 0.1251168890032273 0
1002 0.8749229447603042 0.1412434971554781 0
1003 0.8418197402160761 0.1089902808509765 0
1004 0.8672496074263396 0.1007812956653188 0
1005 0.9003528119705676 0.1330345119698204 0
1006 0.1590593653497896 0.10893857600639 0
1007 0.1422652126196788 0.1250520592748814 0
1008 0.133629584197661 0.1007906877739217 0
1009 0.1509008410416967 0.1493134307758411 0
1010 0.1254710598895681 0.1411655425433727 0
1011 0.1763306221938253 0.1574613190083094 0
1012 0.1000412787374394 0.1330176543109043 0
1013 0.8748448607165992 0.3468664748922098 0
1014 0.8580456211688796 0.327575759017381 0
1015 0.8829939080750673 0.3277278634765505 0
1016 0.8330973342626921 0.3274236545582114 0
1017 0.8412463816211602 0.3082850431425521 0
1018 0.8249482869042239 0.3465622659738706 0
1019 0.8081490473565045 0.3272715500990419 0
1020 0.8244471420734406 0.2889943272677233 0
1021 0.8493954289796282 0.2891464317268929 0
1022 0.1251551392828892 0.6531335251082144 0
1023 0.141954378830622 0.6724242409831211 0
1024 0.1170060919246295 0.6722721365239233 0
1025 0.1669026657366144 0.672576345442319 0
1026 0.1587536183783547 0.6917149568580279 0
1027 0.1750517130948741 0.6534377340266104 0
1028 0.1918509526426068 0.672728449901517 0
1029 0.1755528579260874 0.7110056727329345 0
1030 0.1506045710200949 0.7108535682737365 0
1031 0.8247888479702162 0.6535768047215429 0
1032 0.8329378953279916 0.6727154161369591 0
1033 0.8081490473593677 0.6727284499035865 0
1034 0.8577267432966155 0.6727023823703315 0
1035 0.8410869426857669 0.6918540275523752 0
1036 0.8743665439074639 0.6535507371882878 0
1037 0.8825155912652394 0.672689348603704 0
1038 0.8492359900435422 0.7109926389677914 0
1039 0.8244471420749184 0.7110056727344188 0
1040 0.1751942995516004 0.3464523846284097 0
1041 0.167045252193793 0.3273137732129616 0
1042 0.1918509526407965 0.327271550097853 0
1043 0.1422395517467896 0.3273559963280702 0
1044 0.1588962048359857 0.3081751617975136 0
1045 0.1255828986575934 0.3465368308586269 0
1046 0.1174338512997861 0.3273982194431788 0
1047 0.1507471574781785 0.2890365503820655 0
1048 0.1755528579251819 0.2889943272669569 0
1049 0.8475789376643574 0.8532998165628006 0
1050 0.8226304010346117 0.8445694247404578 0
1051 0.8725274742941032 0.8620302083851433 0
1052 0.8563718807532446 0.8779060783106889 0
1053 0.8974760109238489 0.870760600207486 0
1054 0.8651648238421318 0.9025123400585772 0
1055 0.8402162872123862 0.8937819482362345 0
1056 0.234859939072368 0.5382530186007319 0
1057 0.2315324264521729 0.5180895234246075 0
1058 0.2381874516925632 0.5584165137768566 0
1059 0.2163923655245409 0.5563425420253395 0
1060 0.2415149643127583 0.5785800089529811 0
1061 0.1979247919767136 0.5744320654499471 0
1062 0.1945972793565185 0.5542685702738224 0
1063 0.7651400609273209 0.4617469813993849 0
1064 0.768467573547718 0.4819104765754864 0
1065 0.7618125483069237 0.4415834862232834 0
1066 0.7836076344750389 0.4436574579748712 0
1067 0.7584850356865265 0.4214199910471819 0
1068 0.8020752080227569 0.4255679345503575 0
1069 0.805402720643154 0.445731429726459 0
1070 0.7676455951216643 0.5661104705804285 0
1071 0.7670553739201482 0.5897931250579196 0
1072 0.7682358163231804 0.5424278161029373 0
1073 0.7870618538478766 0.5611729777283835 0
1074 0.7688260375246964 0.5187451616254461 0
1075 0.8064781125740891 0.5562354848763384 0
1076 0.8058878913725731 0.5799181393538297 0
1077 0.2323511280075752 0.4338952051268454 0
1078 0.2329413492091063 0.4102125506495578 0
1079 0.2317609068060442 0.457577859604133 0
1080 0.2129315924105575 0.4388383736855535 0
1081 0.2311706856045133 0.4812605140814205 0
1082 0.1935120568135398 0.4437815422442616 0
1083 0.1941022780150707 0.420098887766974 0
1084 0.1829884093398864 0.5000000000015412 0
1085 0.1868580326787638 0.5180895234256349 0
1086 0.1645208357920592 0.5180895234261487 0
1087 0.2091952295654683 0.5180895234251212 0
1088 0.1907276560176411 0.5361790468497287 0
1089 0.2276628031132955 0.5000000000005137 0
1090 0.1722600824698139 0.5542685702743362 0
1091 0.81701159066002 0.4999999999989524 0
1092 0.8131419673210647 0.4819104765747879 0
1093 0.835479164207738 0.4819104765744388 0
1094 0.7908047704343913 0.4819104765751372 0
1095 0.8092723439821093 0.4638209531506235 0
1096 0.7723371968866733 0.4999999999996508 0
1097 0.8277399175298273 0.4457314297261098 0
1098 0.7911632344113697 0.518745161625097 0
1099 0.8135004312980431 0.5187451616247478 0
1100 0.8099892719360661 0.5374903232505431 0
1101 0.8358376281847164 0.5187451616243985 0
1102 0.8288153094607624 0.5562354848759894 0
1103 0.2088334887178087 0.4812605140819342 0
1104 0.1864962918311042 0.481260514082448 0
1105 0.190004174322322 0.4625210281633547 0
1106 0.1641590949443997 0.4812605140829617 0
1107 0.1711748599268353 0.4437815422447753 0
1108 0.901841173435211 0.6800257443742317 0
1109 0.8852013728243625 0.6991773895562754 0
1110 0.8878871543834858 0.7256654305088468 0
1111 0.868561572213514 0.7183290347383191 0
1112 0.9072127365534575 0.7330018262793745 0
1113 0.09227392246592839 0.7322497792654663 0
1114 0.1117174719839839 0.7251177089348897 0
1115 0.1143617819543067 0.6986949227294065 0
1116 0.1311610215020394 0.7179856386043131 0
1117 0.097562542406574 0.6794042068544999 0
1118 0.09799030178181248 0.3202661491127997 0
1119 0.1146469548710087 0.3010853145822431 0
1120 0.1118600584422312 0.2747724097213073 0
1121 0.1313036079602048 0.2819044800516864 0
1122 0.0924165089242576 0.2676403393909282 0
1123 0.9077260775339548 0.2677502207347721 0
1124 0.888282528015846 0.274882291065479 0
1125 0.8856382180454565 0.3013050772710147 0
1126 0.8688389784977371 0.282014361396186 0
1127 0.9024374575931761 0.3205957931458435 0
1128 0.8309158604524329 0.3668702021706817 0
1129 0.8059675735462453 0.3667180977115121 0
1130 0.8558641473586205 0.3670223066298512 0
1131 0.8368834340006418 0.3871781383674927 0
1132 0.880812434264808 0.3671744110890208 0
1133 0.8428510075488507 0.4074860745643038 0
1134 0.8179027206426631 0.4073339701051343 0
1135 0.1690841395468303 0.6331297978297659 0
1136 0.1940324264528227 0.6332819022889637 0
1137 0.1441358526408379 0.6329776933705678 0
1138 0.1631165659987865 0.6128218616329212 0
1139 0.1191875657348455 0.6328255889113699 0
1140 0.1571489924507427 0.5925139254360765 0
1141 0.1820972793567351 0.5926660298952746 0
1142 0.8559037334631384 0.633911472958319 0
1143 0.8806925814317623 0.6338984391916915 0
1144 0.8311148854945145 0.6339245067249464 0
1145 0.8374409230188128 0.6142722087283501 0
1146 0.8063260375258906 0.6339375404915739 0
1147 0.8189781125744872 0.5946329444983811 0
1148 0.8437669605431111 0.5946199107317536 0
1149 0.1440592847094592 0.3661525814466136 0
1150 0.1192535842624557 0.3661948045617222 0
1151 0.1688649851564626 0.366110358331505 0
1152 0.1625356707613249 0.3857683320346002 0
1153 0.1936706856034661 0.3660681352163964 0
1154 0.1810120568131907 0.4053840826225868 0
1155 0.1562063563661872 0.4054263057376954 0
1156 0.4250004904378107 0.7401946072628004 0
1157 0.4125004904376302 0.7185439721679568 0
1158 0.4375000000014265 0.7185417437700512 0
1159 0.3875009808738339 0.7185462005658625 0
1160 0.4000004904374497 0.6968933370731133 0
1161 0.3750014713102181 0.7401990640586116 0
1162 0.3625014713100376 0.718548428963768 0
1163 0.3875004904372692 0.6752427019782697 0
1164 0.4125000000010655 0.6752404735803641 0
1165 0.4500000000013571 0.6968911086753979 0
1166 0.4625000000015376 0.7185417437702415 0
1167 0.4375000000011766 0.6752404735805544 0
1168 0.4625000000012877 0.6752404735807448 0
1169 0.4250000000009961 0.6535898384857108 0
1170 0.4750000000012183 0.6535898384860916 0
1171 0.4875000000013988 0.6752404735809352 0
1172 0.3125093182903105 0.8051866237103577 0
1173 0.3375069478484708 0.8051758531201161 0
1174 0.3250094000297671 0.8268376302047296 0
1175 0.3500044956671745 0.7835140760355026 0
1176 0.3625045774066311 0.8051650825298746 0
1177 0.337504413927718 0.7618630695411307 0
1178 0.3625020434858783 0.7618522989508891 0
1179 0.3875022069647915 0.805154311939633 0
1180 0.3750046591460877 0.8268160890242465 0
1181 0.3875015530496747 0.7618500705529836 0
1182 0.412501062613471 0.7618478421550779 0
1183 0.4000016347891312 0.7835010770473555 0
1184 0.4375005721772673 0.7618456137571723 0
1185 0.4125017165285878 0.8051520835417274 0
1186 0.5875000000019326 0.6752404735822406 0
1187 0.5625000000017724 0.6752404735818706 0
1188 0.5750000000018102 0.6535898384873919 0
1189 0.5500000000017344 0.6968911086763491 0
1190 0.5375000000016121 0.6752404735815005 0
1191 0.5625000000018567 0.7185417437711976 0
1192 0.5375000000016965 0.7185417437708276 0
1193 0.5125000000014519 0.6752404735811305 0
1194 0.5250000000014897 0.653589838486652 0
1195 0.5250000000017658 0.7401923788654807 0
1196 0.5125000000016435 0.7185417437706323 0
1197 0.4875000000015905 0.7185417437704369 0
1198 0.5000000000015212 0.6968911086757836 0
1199 0.4750000000016599 0.7401923788650902 0
1200 0.8376745012882273 0.02116367187826701 0
1201 0.8126745012881614 0.02116367187826701 0
1202 0.8626745012882931 0.02116367187826701 0
1203 0.8503490025769154 0.04232734375653401 0
1204 0.887674501288359 0.02116367187826701 0
1205 0.8630235038656033 0.06349101563480102 0
1206 0.8380235038655375 0.06349101563480102 0
1207 0.3375029426191327 0.8917601949149679 0
1208 0.3500035147947843 0.8701121596180608 0
1209 0.362500572177293 0.8917494243247264 0
1210 0.3375064574122757 0.8484748949113952 0
1211 0.362504086970436 0.8484641243211537 0
1212 0.3125088278541154 0.8484856655016367 0
1213 0.3875017165285964 0.8484533537309121 0
1214 0.762499999999362 0.0649519052840612 0
1215 0.7876745012880872 0.06446494206764114 0
1216 0.7751745012880501 0.08611557716232821 0
1217 0.8001745012881243 0.04281430697295407 0
1218 0.8128490025768124 0.06397797885122108 0
1219 0.7874999999994363 0.02165063509468707 0
1220 0.8255235038655004 0.08514165072948809 0
1221 0.7988887090510521 0.1581484307432135 0
1222 0.8077669739892015 0.1338128374053051 0
1223 0.7914707376386259 0.1099642072838166 0
1224 0.816645238927351 0.1094772440673966 0
1225 0.7662962363499006 0.1104511705002367 0
1226 0.978920401493601 0.5370064297971613 0
1227 0.978920401493601 0.5120064297970981 0
1228 0.978920401493601 0.5620064297972244 0
1229 0.957840802987202 0.549012859595565 0
1230 0.978920401493601 0.5870064297972875 0
1231 0.9367612044808029 0.5610192893939688 0
1232 0.9367612044808029 0.5360192893939058 0
1233 0.9380424103444782 0.4648075082382195 0
1234 0.9376153417232531 0.4885447686234482 0
1235 0.9169628118380793 0.4768139380366233 0
1236 0.958267871608427 0.5002755992102732 0
1237 0.937188273102028 0.5122820290086769 0
1238 0.979347470114826 0.4882691694118694 0
1239 0.9161086745956291 0.5242884588070807 0
1240 0.3250176557068371 0.9134776819495978 0
1241 0.3125205983243284 0.8918404172429322 0
1242 0.2875382540295241 0.8919206395708963 0
1243 0.3000235409418197 0.8702031525362666 0
1244 0.2750529671172285 0.9136381266055261 0
1245 0.2625559097347198 0.8920008618988605 0
1246 0.287526483559311 0.848565887829601 0
1247 0.6374999999986526 0.2381569860409306 0
1248 0.6499999999987333 0.2165063509463702 0
1249 0.6624999999986949 0.2381569860410114 0
1250 0.6374999999987716 0.194855715851729 0
1251 0.6624999999988139 0.1948557158518097 0
1252 0.6124999999987293 0.1948557158516482 0
1253 0.6249999999988098 0.1732050807570877 0
1254 0.6749999999988945 0.1732050807572493 0
1255 0.6874999999988562 0.1948557158518905 0
1256 0.3875000000016586 0.9783493649054084 0
1257 0.4000000000017806 0.9566987298109141 0
1258 0.4125000000017863 0.9783493649055057 0
1259 0.3875000000017749 0.9350480947163224 0
1260 0.4125000000019026 0.9350480947164198 0
1261 0.3625000000016472 0.9350480947162252 0
1262 0.3750000000017691 0.9133974596217309 0
1263 0.4250000000020245 0.9133974596219254 0
1264 0.4375000000020303 0.9350480947165172 0
1265 0.6124999999988517 0.1515544456624194 0
1266 0.6374999999988941 0.1515544456625002 0
1267 0.6499999999989783 0.1299038105679127 0
1268 0.6624999999989364 0.151554445662581 0
1269 0.6374999999990203 0.1082531754732444 0
1270 0.6624999999990626 0.1082531754733252 0
1271 0.6874999999989787 0.1515544456626618 0
1272 0.2586417865597718 0.8464964648858265 0
1273 0.2711270734720675 0.8247789778511967 0
1274 0.2461564996474762 0.8682139519204564 0
1275 0.2297570895602327 0.8444270419420522 0
1276 0.2336712127351805 0.8899314389550862 0
1277 0.2008723925606934 0.8423576189982778 0
1278 0.2133576794729891 0.820640131963648 0
1279 0.2251589013489892 0.9141194605736537 0
1280 0.2087594912617456 0.8903325505952495 0
1281 0.1838477697883107 0.8907336622354128 0
1282 0.1923600811745021 0.8665456406168454 0
1283 0.1753354584021194 0.9149216838539803 0
1284 0.7124999999990338 0.1515544456626847 0
1285 0.7412962363497066 0.1537524406895276 0
1286 0.7287962363496095 0.1754030757841731 0
1287 0.7537962363498036 0.1321018055948822 0
1288 0.7700924727003793 0.1559504357163706 0
1289 0.737499999999228 0.1082531754733937 0
1290 0.786388709050955 0.179799065837859 0
1291 0.9774746295281451 0.714872466807394 0
1292 0.9522634774971672 0.7032568926630065 0
1293 0.974788847969022 0.6883844258548226 0
1294 0.9297381070253123 0.7181293594711905 0
1295 0.9270523254661891 0.6916413185186192 0
1296 0.9324238885844356 0.7446174004237618 0
1297 0.9243665439070659 0.6651532775660478 0
1298 0.5374999999988023 0.02165063509462265 0
1299 0.5124999999987392 0.02165063509462265 0
1300 0.5624999999988654 0.02165063509462265 0
1301 0.5499999999988472 0.0433012701892453 0
1302 0.5874999999989285 0.02165063509462265 0
1303 0.562499999998892 0.06495190528386795 0
1304 0.5374999999988288 0.06495190528386795 0
1305 0.5749999999989315 0.08660254037853216 0
1306 0.5874999999989049 0.1082531754731612 0
1307 0.5624999999988471 0.1082531754731196 0
1308 0.6124999999989625 0.1082531754732028 0
1309 0.5999999999988783 0.1299038105677903 0
1310 0.6249999999990468 0.0866025403786153 0
1311 0.5874999999987941 0.1515544456623778 0
1312 0.3375000000015431 0.9350480947162252 0
1313 0.3125176557067388 0.9351283170441893 0
1314 0.3000176557066405 0.9567789521387809 0
1315 0.2875353114119345 0.9352085393721535 0
1316 0.3125000000013466 0.9783493649054084 0
1317 0.2875176557065423 0.9784295872333726 0
1318 0.2625529671171302 0.9352887617001178 0
1319 0.686774841225076 0.2385756566542748 0
1320 0.6742748412249954 0.2602262917488353 0
1321 0.6992748412251566 0.2169250215597143 0
1322 0.7110496824514569 0.2389943272675381 0
1323 0.7117748412252372 0.1952743864651539 0
1324 0.7353245236778381 0.2394129978808014 0
1325 0.7228245236777574 0.2610636329753619 0
1326 0.9324238885844356 0.7696174004238276 0
1327 0.9333571601724673 0.7934661161863263 0
1328 0.9558825306443219 0.8035936493782083 0
1329 0.9342904317604989 0.817314831948825 0
1330 0.9774746295281451 0.7898724668075915 0
1331 0.9784079011161768 0.8137211825700901 0
1332 0.9352237033485304 0.8411635477113237 0
1333 0.4249999999987122 0.2598076211350974 0
1334 0.4125201432980267 0.2381686157797445 0
1335 0.43752014329801 0.2381686157797843 0
1336 0.3875201432980433 0.2381686157797047 0
1337 0.4000402865973411 0.2165296104243916 0
1338 0.3749999999987454 0.2598076211350178 0
1339 0.3625201432980599 0.2381686157796649 0
1340 0.3875604298966556 0.1948906050690387 0
1341 0.412560429896639 0.1948906050690785 0
1342 0.5874999999989496 0.06495190528390951 0
1343 0.599999999998968 0.04330127018928687 0
1344 0.6124999999990074 0.06495190528395109 0
1345 0.6124999999989862 0.02165063509466422 0
1346 0.6374999999990651 0.06495190528399264 0
1347 0.1626059342326912 0.9788306988735359 0
1348 0.1876059342327953 0.9788306988735359 0
1349 0.1376059342325872 0.9788306988735359 0
1350 0.1502118684646543 0.9576613977470718 0
1351 0.1126059342324831 0.9788306988735359 0
1352 0.1378178026966174 0.9364920966206077 0
1353 0.1628178026967214 0.9364920966206077 0
1354 0.02519429955264748 0.3866447634946822 0
1355 0.04627108931260222 0.3996431985878039 0
1356 0.02107678975995474 0.4129984350947862 0
1357 0.0714653888652497 0.3862879620808217 0
1358 0.06734787907255696 0.4126416336809257 0
1359 0.07558289865794243 0.3599342904807178 0
1360 0.09665968841789717 0.3729327255738394 0
1361 0.0884246688325117 0.4256400687740474 0
1362 0.06323036927986422 0.4389953052810296 0
1363 0.437499999998897 0.02165063509460333 0
1364 0.4124999999989671 0.02165063509460333 0
1365 0.4624999999988268 0.02165063509460333 0
1366 0.4499999999988892 0.04330127018920667 0
1367 0.4874999999987567 0.02165063509460333 0
1368 0.4624999999988814 0.06495190528381001 0
1369 0.4374999999989516 0.06495190528381001 0
1370 0.2001235899381932 0.9572602861069085 0
1371 0.2125176557062302 0.9784295872333726 0
1372 0.1877295241701563 0.9360909849804444 0
1373 0.2126412456435912 0.9356898733402811 0
1374 0.2375529671170261 0.9352887617001178 0
1375 0.9774746295281451 0.7398724668074598 0
1376 0.9774746295281451 0.7648724668075256 0
1377 0.9549492590562904 0.7547449336156438 0
1378 0.974788847969022 0.6133844258546253 0
1379 0.9537092494626229 0.6003908556529659 0
1380 0.9284980974316449 0.6137752815086442 0
1381 0.932629650956224 0.5873972854513065 0
1382 0.9243665439070659 0.6401532775659819 0
1383 0.9032869454006669 0.6271597073643227 0
1384 0.9115500524498249 0.5744037152496472 0
1385 0.3624999999990435 0.0649519052837097 0
1386 0.3874999999990129 0.06495190528374313 0
1387 0.3749999999990358 0.08660254037831303 0
1388 0.39999999999899 0.04330127018917324 0
1389 0.4124999999989822 0.06495190528377656 0
1390 0.3874999999989978 0.0216506350945699 0
1391 0.4249999999989744 0.0866025403783799 0
1392 0.5499999999988185 0.1299038105677094 0
1393 0.537499999998845 0.1082531754730804 0
1394 0.562499999998792 0.1515544456623386 0
1395 0.5374999999987898 0.1515544456622993 0
1396 0.5749999999987654 0.1732050807569677 0
1397 0.5249999999987611 0.1732050807568891 0
1398 0.5124999999987877 0.15155444566226 0
1399 0.4874999999987432 0.1948557158514216 0
1400 0.4625201432980417 0.1948673455906406 0
1401 0.4750201432980576 0.1732167104960687 0
1402 0.4500201432980259 0.2165179806852124 0
1403 0.4375402865973403 0.1948789753298595 0
1404 0.4624999999987114 0.2381569860405653 0
1405 0.4250604298966548 0.1732399699745066 0
1406 0.02240740312387004 0.2853318586334343 0
1407 0.04760170267651752 0.2969766221265561 0
1408 0.02519429955264748 0.3116447634943701 0
1409 0.07000910580038755 0.2823084807587422 0
1410 0.07279600222916499 0.3086213856196779 0
1411 0.06722220937161011 0.2559955758978063 0
1412 0.07558289865794243 0.3349342904806137 0
1413 0.6749999999991596 0.0866025403786797 0
1414 0.6874999999991177 0.108253175473348 0
1415 0.7124999999991728 0.1082531754733709 0
1416 0.6999999999990758 0.1299038105680164 0
1417 0.7249999999992699 0.08660254037872542 0
1418 0.4999999999988015 0.04330127018922598 0
1419 0.5124999999988464 0.06495190528384864 0
1420 0.4874999999988639 0.06495190528382933 0
1421 0.5249999999988912 0.08660254037847129 0
1422 0.4749999999989263 0.08660254037843265 0
1423 0.6867748412248771 0.2818769268434751 0
1424 0.6624999999984961 0.2814582562302117 0
1425 0.7110496824512581 0.2822955974567385 0
1426 0.6992748412247588 0.3035275619381149 0
1427 0.7353245236776391 0.2827142680700018 0
1428 0.7117748412246405 0.3251781970327549 0
1429 0.6874999999982595 0.3247595264194915 0
1430 0.7124999999992387 0.02165063509468707 0
1431 0.6999999999992124 0.04330127018935128 0
1432 0.6874999999991837 0.02165063509466422 0
1433 0.7124999999992412 0.06495190528403835 0
1434 0.687499999999186 0.0649519052840155 0
1435 0.7374999999992963 0.0649519052840612 0
1436 0.6624999999991309 0.06495190528399264 0
1437 0.3376208597944451 0.2382267644759075 0
1438 0.350141003093743 0.2165877591205944 0
1439 0.337761862889426 0.1950069024615239 0
1440 0.3626611463930408 0.1949487537652813 0
1441 0.3128625793858112 0.1950650511577665 0
1442 0.325382722685109 0.1734260458024534 0
1443 0.3751812896923386 0.1733097484099682 0
1444 0.9784079011161768 0.8387211825701559 0
1445 0.9784079011161768 0.8637211825702218 0
1446 0.9568158022323536 0.8524423651407728 0
1447 0.9784079011161768 0.8887211825702876 0
1448 0.9352237033485304 0.8661635477113896 0
1449 0.974788847969022 0.638384425854691 0
1450 0.974788847969022 0.6633844258547568 0
1451 0.949577695938044 0.6517688517103695 0
1452 0.3375014713100423 0.7185484289638024 0
1453 0.3500009808736581 0.6968955654710532 0
1454 0.3375004904372785 0.6752427019783384 0
1455 0.3625004904372739 0.675242701978304 0
1456 0.3125004904372832 0.6752427019783727 0
1457 0.325000000000899 0.6535898384856235 0
1458 0.3750000000008897 0.6535898384855549 0
1459 0.637499999999052 0.02165063509466422 0
1460 0.6624999999991179 0.02165063509466422 0
1461 0.6499999999990915 0.04330127018932843 0
1462 0.2586241308544238 0.8031149723685039 0
1463 0.287508827853963 0.8051843953122784 0
1464 0.2297394338548846 0.8010455494247295 0
1465 0.2461211882367801 0.7814509668858111 0
1466 0.2008547368553454 0.7989761264809552 0
1467 0.2336182456191364 0.7597869614031182 0
1468 0.2625029426186756 0.7618563843468926 0
1469 0.3128625793858874 0.1517637809685918 0
1470 0.3377618628895021 0.1517056322723493 0
1471 0.3501410030938952 0.1299852187422452 0
1472 0.3626611463931169 0.1516474835761067 0
1473 0.3376208597946734 0.1083229539083836 0
1474 0.3625201432982881 0.1082648052121411 0
1475 0.3875604298967317 0.1515893348798641 0
1476 0.02240740312387004 0.2603318586333303 0
1477 0.02240740312387004 0.2353318586332263 0
1478 0.04481480624774008 0.2456637172655163 0
1479 0.02240740312387004 0.2103318586331223 0
1480 0.06722220937161011 0.2309955758977024 0
1481 0.537499999998725 0.1948557158515042 0
1482 0.5124999999987229 0.1948557158514649 0
1483 0.5624999999987271 0.1948557158515435 0
1484 0.5499999999986889 0.2165063509461194 0
1485 0.5874999999987293 0.1948557158515828 0
1486 0.5624999999986529 0.2381569860407345 0
1487 0.5374999999986507 0.2381569860406952 0
1488 0.499999999998707 0.2165063509460368 0
1489 0.5124999999986709 0.2381569860406519 0
1490 0.4874999999986912 0.2381569860406086 0
1491 0.5249999999986348 0.2598076211352671 0
1492 0.4749999999986754 0.2598076211351805 0
1493 0.7367748412246143 0.3251781970328973 0
1494 0.724999999998115 0.3464101615142738 0
1495 0.7485496824511136 0.3039462325515207 0
1496 0.7617748412245882 0.3251781970330397 0
1497 0.7603245236776129 0.2827142680701441 0
1498 0.7867748412245619 0.3251781970331821 0
1499 0.7749999999980626 0.3464101615145587 0
1500 0.3625000000015547 0.9783493649054084 0
1501 0.3375000000014506 0.9783493649054084 0
1502 0.3500000000015489 0.9566987298108167 0
1503 0.3257251587724738 0.260226291748156 0
1504 0.3133460185681569 0.2386454350890856 0
1505 0.2890711773418685 0.2390641057022636 0
1506 0.3009668783638398 0.217064578430015 0
1507 0.2771754763198971 0.2610636329745122 0
1508 0.2647963361155802 0.2394827763154416 0
1509 0.2885877381595229 0.1954837217709444 0
1510 0.2625176557064383 0.9784295872333726 0
1511 0.2375176557063342 0.9784295872333726 0
1512 0.2500353114117321 0.9568591744667452 0
1513 0.02519429955264748 0.3616447634945782 0
1514 0.02519429955264748 0.3366447634944741 0
1515 0.05038859910529495 0.348289526987596 0
1516 0.7374999999993046 0.02165063509468707 0
1517 0.7624999999993705 0.02165063509468707 0
1518 0.7499999999993334 0.04330127018937413 0
1519 0.2875000000009358 0.6752404735802933 0
1520 0.2625000000009264 0.6752404735803309 0
1521 0.2750000000008944 0.6535898384856954 0
1522 0.2500000000009585 0.6968911086749664 0
1523 0.2375000000009171 0.6752404735803685 0
1524 0.2625000000009998 0.7185417437695643 0
1525 0.2375000000009905 0.7185417437696019 0
1526 0.2125000000009079 0.6752404735804062 0
1527 0.2250000000008758 0.6535898384857707 0
1528 0.5874999999986528 0.2381569860407999 0
1529 0.5749999999986146 0.2598076211353757 0
1530 0.5999999999986909 0.216506350946224 0
1531 0.6124999999986527 0.2381569860408652 0
1532 0.6249999999986144 0.2598076211355065 0
1533 0.4874999999986345 0.2814582562297984 0
1534 0.4624999999986548 0.2814582562297551 0
1535 0.5124999999986142 0.2814582562298417 0
1536 0.4999999999985937 0.3031088913244162 0
1537 0.537499999998594 0.2814582562298849 0
1538 0.5124999999985528 0.3247595264190341 0
1539 0.487499999998573 0.3247595264189908 0
1540 0.3250014713100743 0.7401990640584379 0
1541 0.3125009808736947 0.718546200565723 0
1542 0.2875004904373473 0.7185439721676437 0
1543 0.3000004904373152 0.6968933370730082 0
1544 0.2750004904373793 0.7401946072622791 0
1545 0.7523459188022104 0.2195416871998205 0
1546 0.7641207600285107 0.2416109929076443 0
1547 0.74057107757591 0.1974723814919968 0
1548 0.7693673139265826 0.1996703765188397 0
1549 0.7981635502772555 0.2018683715456827 0
1550 0.4625000000019835 0.9783493649055057 0
1551 0.487500000002082 0.9783493649055057 0
1552 0.4375000000018849 0.9783493649055057 0
1553 0.4500000000020069 0.9566987298110115 0
1554 0.4625000000021288 0.9350480947165172 0
1555 0.4125005721775484 0.891749424324921 0
1556 0.4375005721776761 0.8917494243250184 0
1557 0.3875005721774207 0.8917494243248237 0
1558 0.4000011443530724 0.8701013890279166 0
1559 0.4125017165287241 0.8484533537310094 0
1560 0.5124999999988626 0.1082531754730611 0
1561 0.4999999999988339 0.1299038105676509 0
1562 0.4874999999988801 0.1082531754730418 0
1563 0.4874999999988052 0.1515544456622407 0
1564 0.4624999999988976 0.1082531754730225 0
1565 0.3000063756726667 0.7835226182276649 0
1566 0.287503433055023 0.761858612744972 0
1567 0.3125039234913705 0.7618608411430514 0
1568 0.3875201432982575 0.1082648052121745 0
1569 0.4125201432982268 0.108264805212208 0
1570 0.4000402865974793 0.129927070046036 0
1571 0.4375201432981962 0.1082648052122414 0
1572 0.412560429896701 0.1515893348798976 0
1573 0.02107678975995474 0.4629984350949833 0
1574 0.02107678975995474 0.4879984350950818 0
1575 0.02107678975995474 0.4379984350948847 0
1576 0.04215357951990948 0.4509968701880064 0
1577 0.06323036927986422 0.4639953052811282 0
1578 0.6499999999984266 0.3031088913247471 0
1579 0.6374999999985449 0.2814582562301072 0
1580 0.6624999999983083 0.3247595264193869 0
1581 0.6374999999983572 0.3247595264192824 0
1582 0.67499999999819 0.3464101615140268 0
1583 0.6249999999982878 0.3464101615138176 0
1584 0.612499999998406 0.3247595264191778 0
1585 0.3374999999991435 0.0216506350945699 0
1586 0.3124999999992164 0.0216506350945699 0
1587 0.3624999999990707 0.0216506350945699 0
1588 0.3499999999990935 0.0433012701891398 0
1589 0.3374999999991164 0.0649519052837097 0
1590 0.5874999999985451 0.2814582562299764 0
1591 0.5624999999985452 0.281458256229911 0
1592 0.612499999998545 0.2814582562300418 0
1593 0.5999999999984755 0.3031088913245771 0
1594 0.5874999999984061 0.3247595264191123 0
1595 0.979347470114826 0.4382691694120097 0
1596 0.979347470114826 0.4132691694120798 0
1597 0.979347470114826 0.4632691694119395 0
1598 0.9586949402296521 0.4515383388251146 0
1599 0.9380424103444782 0.4398075082382896 0
1600 0.45002014329815 0.1299154403068505 0
1601 0.4625201432981038 0.1515660754014596 0
1602 0.4375402865974024 0.1515777051406786 0
1603 0.449999999998641 0.3031088913243347 0
1604 0.4374999999986818 0.2814582562297169 0
1605 0.4624999999986001 0.3247595264189526 0
1606 0.4374999999986273 0.3247595264189144 0
1607 0.4749999999985592 0.3464101615135704 0
1608 0.4249999999986135 0.346410161513494 0
1609 0.4124999999986544 0.3247595264188761 0
1610 0.4124999999986985 0.2814582562296771 0
1611 0.3999999999986847 0.3031088913242567 0
1612 0.3874999999987151 0.2814582562296373 0
1613 0.387499999998671 0.3247595264188363 0
1614 0.3624999999987317 0.2814582562295975 0
1615 0.3126586587993416 0.1082543613196012 0
1616 0.3250377990037346 0.08653394778949711 0
1617 0.3002795185949486 0.1299747748497053 0
1618 0.2876964578040098 0.1081857687308187 0
1619 0.2879003783905555 0.1516951883798093 0
1620 0.2627342568086779 0.1081171761420362 0
1621 0.2751133970130709 0.08639676261193216 0
1622 0.5375000000018341 0.8917468245275519 0
1623 0.5500000000018035 0.8700961894330714 0
1624 0.5625000000017283 0.8917468245275918 0
1625 0.5375000000018787 0.8484455543385512 0
1626 0.5625000000017729 0.8484455543385909 0
1627 0.5125000000019846 0.8484455543385113 0
1628 0.5250000000019539 0.8267949192440308 0
1629 0.5750000000017423 0.8267949192441104 0
1630 0.5875000000016671 0.8484455543386308 0
1631 0.5625000000016478 0.978349364905518 0
1632 0.5875000000014798 0.978349364905518 0
1633 0.5375000000018157 0.978349364905518 0
1634 0.5500000000017409 0.9566987298110361 0
1635 0.5125000000019837 0.978349364905518 0
1636 0.5375000000018338 0.9350480947165543 0
1637 0.5625000000016659 0.9350480947165543 0
1638 0.7622956745599857 0.9784673322534958 0
1639 0.7872956745598123 0.9784673322534958 0
1640 0.7372956745601591 0.9784673322534958 0
1641 0.7495913491197982 0.9569346645069916 0
1642 0.7122956745603325 0.9784673322534958 0
1643 0.7368870236796107 0.9354019967604874 0
1644 0.7618870236794373 0.9354019967604874 0
1645 0.6624659457609301 0.9783690261301814 0
1646 0.6874659457607567 0.9783690261301814 0
1647 0.6374659457611035 0.9783690261301814 0
1648 0.6499318915209934 0.9567380522603629 0
1649 0.6124659457612769 0.9783690261301814 0
1650 0.6373978372810567 0.9351070783905444 0
1651 0.6623978372808833 0.9351070783905444 0
1652 0.9749482869056967 0.3367546448372218 0
1653 0.9749482869056967 0.3117546448372946 0
1654 0.9749482869056967 0.3617546448371489 0
1655 0.9498965738113934 0.34850928967525 0
1656 0.9749482869056967 0.386754644837076 0
1657 0.92484486071709 0.3602639345132782 0
1658 0.92484486071709 0.3352639345133511 0
1659 0.6625000000016361 0.7185417437714967 0
1660 0.6867748412278475 0.718123073158357 0
1661 0.6742748412278092 0.7397737082528688 0
1662 0.6992748412278857 0.6964724380638452 0
1663 0.7110496824540589 0.7177044025452173 0
1664 0.6875000000017126 0.6752404735824729 0
1665 0.7117748412279239 0.6748218029693333 0
1666 0.7353245236802701 0.7172857319320777 0
1667 0.722824523680232 0.7389363670265896 0
1668 0.637500000001691 0.7185417437714469 0
1669 0.6500000000017292 0.6968911086769349 0
1670 0.6375000000018224 0.6752404735823734 0
1671 0.6625000000017676 0.6752404735824231 0
1672 0.6125000000018772 0.6752404735823236 0
1673 0.6250000000019156 0.6535898384878118 0
1674 0.6750000000018057 0.6535898384879113 0
1675 0.7485496824540574 0.6960537674507578 0
1676 0.7603245236802305 0.71728573193213 0
1677 0.7367748412278843 0.6748218029693855 0
1678 0.7617748412278447 0.6748218029694378 0
1679 0.7250000000017112 0.6535898384880133 0
1680 0.7750000000016319 0.653589838488118 0
1681 0.7867748412278051 0.6748218029694901 0
1682 0.9542957570205227 0.4000238142501809 0
1683 0.9336432271353488 0.4132929836632858 0
1684 0.9292440439262194 0.386778459088282 0
1685 0.9129906972501749 0.4265621530763907 0
1686 0.9041923308319161 0.3735331039263831 0
1687 0.3000377990038346 0.04323267760035732 0
1688 0.2875377990038846 0.02158204250578742 0
1689 0.3125377990037846 0.06488331269492721 0
1690 0.2875755980084528 0.06481472010614474 0
1691 0.2626133970131209 0.06474612751736226 0
1692 0.2375377990040303 0.02158204250578742 0
1693 0.2125377990041032 0.02158204250578742 0
1694 0.2625377990039575 0.02158204250578742 0
1695 0.2500755980085757 0.04316408501157484 0
1696 0.2376133970131938 0.06474612751736226 0
1697 0.1376059342317398 0.02116930112635759 0
1698 0.1126059342318039 0.02116930112635759 0
1699 0.1626059342316755 0.02116930112635759 0
1700 0.150211868463729 0.04233860225271517 0
1701 0.1876059342316113 0.02116930112635759 0
1702 0.1628178026957183 0.06350790337907275 0
1703 0.1378178026957825 0.06350790337907275 0
1704 0.977592596876086 0.2353318586319046 0
1705 0.977592596876086 0.2103318586319775 0
1706 0.977592596876086 0.2603318586318318 0
1707 0.955185193752172 0.2456637172643243 0
1708 0.977592596876086 0.2853318586317589 0
1709 0.9327777906282582 0.2559955758967439 0
1710 0.9327777906282582 0.2309955758968167 0
1711 0.6250000000016531 0.7401923788659255 0
1712 0.6125000000017462 0.7185417437713637 0
1713 0.5875000000018016 0.7185417437712807 0
1714 0.6000000000018394 0.6968911086768022 0
1715 0.5750000000017637 0.7401923788657592 0
1716 0.5875000000016821 0.8051442841495318 0
1717 0.6000000000016725 0.7834936490549963 0
1718 0.612500000001627 0.8051442841496148 0
1719 0.5875000000017181 0.7618430139603778 0
1720 0.6125000000016628 0.7618430139604608 0
1721 0.5625000000017732 0.7618430139602946 0
1722 0.6375000000016076 0.761843013960544 0
1723 0.3374999999987463 0.2814582562295709 0
1724 0.313225158772458 0.2818769268427489 0
1725 0.3007251587724422 0.3035275619373418 0
1726 0.2889503175461697 0.2822955974559269 0
1727 0.3124999999987148 0.3247595264187566 0
1728 0.2882251587724264 0.3251781970319346 0
1729 0.2646754763198814 0.282714268069105 0
1730 0.5999659457613699 0.9567183910356996 0
1731 0.5874659457614628 0.9350677559412176 0
1732 0.6124318915212598 0.935087417165881 0
1733 0.5749659457615558 0.9134171208467357 0
1734 0.6248978372811497 0.9134564432960625 0
1735 0.537500000001879 0.7618430139602548 0
1736 0.5125000000018261 0.7618430139600595 0
1737 0.5000000000018863 0.7834936490546383 0
1738 0.4875000000017731 0.7618430139598642 0
1739 0.5125000000019995 0.8051442841494123 0
1740 0.4875000000019466 0.8051442841492169 0
1741 0.4625000000017202 0.7618430139596688 0
1742 0.537499999998504 0.3247595264190601 0
1743 0.5249999999984832 0.3464101615136347 0
1744 0.5499999999985246 0.3031088913244856 0
1745 0.562499999998455 0.3247595264190862 0
1746 0.5749999999983855 0.3464101615136869 0
1747 0.7120572948800349 0.935303690637173 0
1748 0.724352969439674 0.9137710228906688 0
1749 0.6997616203203958 0.9568363583836772 0
1750 0.6872275660804591 0.9352053845138587 0
1751 0.6746935118405224 0.9135744106440402 0
1752 0.7118967051377759 0.8919555801081269 0
1753 0.7367264339373517 0.8920538862314413 0
1754 0.6870669763382001 0.8918572739848125 0
1755 0.6994404408358779 0.870140137325585 0
1756 0.6622372475386243 0.8917589678614982 0
1757 0.6869841765339798 0.848324694543043 0
1758 0.7118139053335556 0.8484230006663573 0
1759 0.5625000000017879 0.8051442841494919 0
1760 0.5375000000018937 0.805144284149452 0
1761 0.5500000000018335 0.7834936490548734 0
1762 0.5874659457615252 0.8917664857522551 0
1763 0.5999659457614946 0.8701158506577746 0
1764 0.6124318915213222 0.8917861469769186 0
1765 0.6124659457614641 0.8484652155632941 0
1766 0.6373978372811191 0.891805808201582 0
1767 0.9301334806578687 0.2824183621022796 0
1768 0.9525408837817827 0.2970865034697872 0
1769 0.9274891706874794 0.3088411483078153 0
1770 0.0224074031239014 0.7646681413679106 0
1771 0.0224074031239014 0.7896681413677373 0
1772 0.0224074031239014 0.7396681413680841 0
1773 0.04481480624780279 0.7543362827356481 0
1774 0.0224074031239014 0.7146681413682574 0
1775 0.06722220937170419 0.7440044241033856 0
1776 0.06722220937170419 0.7690044241032121 0
1777 0.1877496674682101 0.06392064475850259 0
1778 0.1753556017002637 0.08508994588486019 0
1779 0.2001437332361566 0.04275134363214501 0
1780 0.212681532240702 0.06433338613793244 0
1781 0.2252193312452473 0.08591542864371984 0
1782 0.349999999998716 0.3031088913241903 0
1783 0.3624999999986857 0.3247595264188097 0
1784 0.3374999999987002 0.3247595264187831 0
1785 0.3749999999986552 0.3464101615134291 0
1786 0.3249999999986844 0.3464101615133759 0
1787 0.2514503175461301 0.3039462325505077 0
1788 0.2396754763198576 0.2827142680690929 0
1789 0.2632251587724027 0.3251781970319225 0
1790 0.2382251587723789 0.3251781970319105 0
1791 0.2749999999986752 0.3464101615133374 0
1792 0.2249999999986277 0.3464101615133132 0
1793 0.2132251587723552 0.3251781970318984 0
1794 0.1839912301222815 0.1093513173858199 0
1795 0.2089230948947733 0.1097640587652497 0
1796 0.1926268585442993 0.1336126888867795 0
1797 0.2338549596672652 0.1101768001446795 0
1798 0.2012624869663172 0.1578740603877392 0
1799 0.0250517130942242 0.6632453551629476 0
1800 0.0250517130942242 0.6882453551627742 0
1801 0.0250517130942242 0.638245355163121 0
1802 0.0501034261884484 0.6514907103250284 0
1803 0.0250517130942242 0.6132453551632944 0
1804 0.0751551392826726 0.6397360654871092 0
1805 0.0751551392826726 0.6647360654869358 0
1806 0.246438020458204 0.1319658062635661 0
1807 0.2590210812491427 0.1537548123824526 0
1808 0.23014178410773 0.155814436385096 0
1809 0.2716041420400815 0.1755438185013392 0
1810 0.2138455477572559 0.1796630665066258 0
1811 0.02065252988510549 0.5617308305885087 0
1812 0.02065252988510549 0.5867308305883407 0
1813 0.02065252988510549 0.5367308305886767 0
1814 0.04130505977021098 0.5484616611754626 0
1815 0.02065252988510549 0.5117308305888446 0
1816 0.06195758965531647 0.5351924917624165 0
1817 0.06195758965531647 0.5601924917622485 0
1818 0.6497713017787968 0.8700886715423544 0
1819 0.6373053560189693 0.8484183752232105 0
1820 0.6621447662764746 0.8483715348831268 0
1821 0.6248394102591418 0.8267480789040667 0
1822 0.6745182307741523 0.8266543982238992 0
1823 0.6866142514853242 0.7613775030073207 0
1824 0.6623394102591129 0.7617961736204603 0
1825 0.7108890927115354 0.7609588323941809 0
1826 0.6989536617428391 0.7829812977617723 0
1827 0.7351639339377468 0.7605401617810412 0
1828 0.711293072000354 0.8045850925162241 0
1829 0.6870182307741426 0.8050037631293637 0
1830 0.5250000000018572 0.91339745962206 0
1831 0.5125000000019324 0.8917468245275396 0
1832 0.4875000000020308 0.8917468245275272 0
1833 0.5000000000020076 0.8700961894330193 0
1834 0.4750000000020539 0.9133974596220351 0
1835 0.4625000000021291 0.8917468245275149 0
1836 0.4875000000020829 0.8484455543384989 0
1837 0.5125000000019322 0.9350480947165418 0
1838 0.5000000000020071 0.9566987298110238 0
1839 0.4875000000020305 0.9350480947165295 0
1840 0.06986651934202699 0.7175816378979023 0
1841 0.0474591162181256 0.7029134965303383 0
1842 0.0725108293123498 0.691158851692419 0
1843 0.2597084410181101 0.1975433457735877 0
1844 0.2478127399961388 0.2195428730458363 0
1845 0.2308291438766973 0.199602969776231 0
1846 0.2359170389741674 0.2415424003180849 0
1847 0.2019498467352846 0.2016625937788744 0
1848 0.6373394102591321 0.8050974438095312 0
1849 0.6498394102591225 0.7834468087149957 0
1850 0.6621788205166375 0.8050506034694475 0
1851 0.46250057217763 0.8484481541360024 0
1852 0.4750005721776069 0.8267975190414945 0
1853 0.450000572177653 0.8700987892305103 0
1854 0.4375011443531771 0.8484507539335059 0
1855 0.4250017165287011 0.8268027186365015 0
1856 0.4500005721773805 0.7834962488519464 0
1857 0.4625005721774937 0.8051468839467204 0
1858 0.4375011443530408 0.8051494837442239 0
1859 0.04570424297932969 0.5999761857502481 0
1860 0.06635677286443518 0.5867070163372021 0
1861 0.07075595607355389 0.6132215409121556 0
1862 0.08700930274954066 0.5734378469241559 0
1863 0.0958076691677781 0.626466896074063 0
1864 0.06238184953016572 0.5114600962686537 0
1865 0.0830343794152712 0.5231909268554397 0
1866 0.04172931964506023 0.4997292656818678 0
1867 0.06280610940501496 0.4877277007748909 0
1868 0.08388289916496972 0.4757261358679141 0
1869 0.7528901238639705 0.8685773447260878 0
1870 0.7653463881658684 0.8903927875086298 0
1871 0.7404338595620723 0.8467619019435459 0
1872 0.7690538137905891 0.8451008032207344 0
1873 0.7279775952601744 0.824946459161004 0
1874 0.7852175037172078 0.8216242617153811 0
1875 0.7976737680191059 0.8434397044979229 0
1876 0.7399130262288707 0.8029239937934125 0
1877 0.7518484571975672 0.7809015284258212 0
1878 0.7685329804573875 0.8012628950706011 0
1879 0.7637838881662635 0.7588790630582298 0
1880 0.7971529346859043 0.7996017963477897 0
1881 0.8622523075751101 0.9795970524960307 0
1882 0.8872523075750061 0.9795970524960307 0
1883 0.8372523075752141 0.9795970524960307 0
1884 0.8495046151505325 0.9591941049920614 0
1885 0.8122523075753182 0.9795970524960307 0
1886 0.8367569227259549 0.9387911574880921 0
1887 0.8617569227258508 0.9387911574880921 0
1888 0.02079710090237076 0.8627259477338953 0
1889 0.02079710090237076 0.8877259477337913 0
1890 0.02079710090237076 0.8377259477339993 0
1891 0.04159420180474153 0.8504518954681031 0
1892 0.02079710090237076 0.8127259477341034 0
1893 0.06239130270711229 0.8381778432023107 0
1894 0.06239130270711229 0.8631778432022066 0
1895 0.02081178150183214 0.1622827843953691 0
1896 0.02081178150183214 0.1872827843954731 0
1897 0.02081178150183214 0.137282784395265 0
1898 0.04162356300366427 0.14956556879001 0
1899 0.02081178150183214 0.112282784395161 0
1900 0.0624353445054964 0.1368483531846508 0
1901 0.0624353445054964 0.1618483531847549 0
1902 0.9792261035606704 0.1372902800303146 0
1903 0.9792261035606704 0.1122902800303788 0
1904 0.9792261035606704 0.1622902800302504 0
1905 0.9584522071213408 0.1495805600608787 0
1906 0.9792261035606704 0.1872902800301862 0
1907 0.9376783106820112 0.1618708400914428 0
1908 0.9376783106820112 0.136870840091507 0
1909 0.7903030211813744 0.8915225077511647 0
1910 0.7741393312547556 0.9149990492565181 0
1911 0.8064667111079931 0.8680459662458113 0
1912 0.8152596541968802 0.8926522279936996 0
1913 0.8240525972857674 0.9172584897415879 0
1914 0.7995479821351307 0.9580643847495265 0
1915 0.7868436566949432 0.9365317170030223 0
1916 0.811800289710449 0.9376614372455572 0
1917 0.04320450402627216 0.8023940891018408 0
1918 0.06561190715017357 0.7920622304695784 0
1919 0.06400160492864293 0.8151200368359446 0
1920 0.06562658774957221 0.2079465016600532 0
1921 0.04321918462570218 0.1976146430277632 0
1922 0.06403096612753431 0.184897427422404 0
1923 0.9568187004367564 0.1976221386626058 0
1924 0.9344112973128424 0.2079539972950254 0
1925 0.9360448039974268 0.1849124186932341 0
1926 0.7854949661604533 0.243704345973504 0
1927 0.768473571036081 0.2635756566544849 0
1928 0.8025163612848256 0.2238330352925232 0
1929 0.806869172292396 0.2457976990393638 0
1930 0.8112219832999661 0.2677623627862044 0
1931 0.2129691982608354 0.757274937724229 0
1932 0.2293509526427309 0.7376803551853106 0
1933 0.1965874438789398 0.7768695202631475 0
1934 0.1923201509025343 0.7547629140453399 0
1935 0.1880528579261287 0.7326563078275323 0
1936 0.1975592367231674 0.2236958501144342 0
1937 0.2145428328426088 0.2436357533840395 0
1938 0.1931686267110503 0.2457291064499942 0
1939 0.2315264289620503 0.2635756566536449 0
1940 0.1887780166989332 0.2677623627855542 0
1941 0.8018426175576465 0.777147076637106 0
1942 0.7851580942978262 0.7567857099923261 0
1943 0.8065323004293888 0.7546923569264223 0
1944 0.7684735710380058 0.7364243433475461 0
1945 0.8112219833011312 0.7322376372157386 0
1946 0.8889556884809202 0.581142447077016 0
1947 0.8930872420054994 0.5547644510196783 0
1948 0.8848241349563413 0.6075204431343537 0
1949 0.8663613245120156 0.5878811789043848 0
1950 0.84789851406769 0.568241914674416 0
1951 0.1110185646770702 0.41890214776193 0
1952 0.1069010548843775 0.4452558193620341 0
1953 0.115136074469763 0.3925484761618261 0
1954 0.1336124605216287 0.4121642267498128 0
1955 0.1520888465734945 0.4317799773377994 0
1956 0.8852116174739374 0.3936889356640246 0
1957 0.8896108006830667 0.4202034602390284 0
1958 0.8662309041159587 0.4138447674016661 0
1959 0.8940099838921962 0.4467179848140322 0
1960 0.84725019075798 0.4340005991393076 0
1961 0.1147883825257267 0.6063110643364163 0
1962 0.110389199316608 0.5797965397614628 0
1963 0.1337690958836754 0.5861552325987697 0
1964 0.1059900161074893 0.5532820151865092 0
1965 0.152749809241624 0.5659994008611231 0
1966 0.9566987298106091 0.9816987298107236 0
1967 0.9816987298107133 0.9816987298107236 0
1968 0.9316987298105051 0.9816987298107236 0
1969 0.9383974596213225 0.9633974596214471 0
1970 0.906698729810401 0.9816987298107236 0
1971 0.9200961894320356 0.9450961894321706 0
1972 0.9450961894321398 0.9450961894321706 0
1973 0.01830127018929812 0.9566987298105978 0
1974 0.01830127018929812 0.9816987298107018 0
1975 0.01830127018929812 0.9316987298104937 0
1976 0.03660254037859624 0.9383974596212996 0
1977 0.01830127018929812 0.9066987298103896 0
1978 0.05490381056789436 0.9200961894320014 0
1979 0.05490381056789436 0.9450961894321055 0
1980 0.981698729810689 0.04330127018923461 0
1981 0.981698729810689 0.01830127018928095 0
1982 0.981698729810689 0.06830127018918827 0
1983 0.963397459621378 0.06160254037851556 0
1984 0.981698729810689 0.09330127018914194 0
1985 0.9450961894320671 0.0799038105677965 0
1986 0.9450961894320671 0.05490381056784283 0
1987 0.9316987298105575 0.01830127018928095 0
1988 0.9066987298104916 0.01830127018928095 0
1989 0.9566987298106232 0.01830127018928095 0
1990 0.9383974596213123 0.03660254037856189 0
1991 0.9200961894320012 0.05490381056784283 0
1992 0.9816987298107133 0.9316987298105919 0
1993 0.9816987298107133 0.9066987298105261 0
1994 0.9816987298107133 0.9566987298106577 0
1995 0.9633974596214265 0.9383974596213813 0
1996 0.9450961894321398 0.9200961894321048 0
1997 0.06830127018950613 0.9816987298107018 0
1998 0.09330127018961012 0.9816987298107018 0
1999 0.04330127018940212 0.9816987298107018 0
2000 0.06160254037870024 0.9633974596214037 0
2001 0.07990381056799836 0.9450961894321055 0
2002 0.04330127018910923 0.01830127018919585 0
2003 0.01830127018915557 0.01830127018919585 0
2004 0.0683012701890629 0.01830127018919585 0
2005 0.06160254037826481 0.0366025403783917 0
2006 0.09330127018901657 0.01830127018919585 0
2007 0.07990381056742038 0.05490381056758756 0
2008 0.05490381056746671 0.05490381056758756 0
2009 0.01830127018915557 0.06830127018940385 0
2010 0.01830127018915557 0.09330127018950786 0
2011 0.01830127018915557 0.04330127018929986 0
2012 0.03660254037831114 0.0616025403784957 0
2013 0.05490381056746671 0.07990381056769155 0
2014 0.8974525386099265 0.4885447686234254 0
2015 0.8978796072311515 0.4648075082381967 0
2016 0.8970254699887015 0.5122820290086542 0
2017 0.8779422653817737 0.5002755992102276 0
2018 0.8965984013674764 0.5360192893938829 0
2019 0.858431992153621 0.5120064297970297 0
2020 0.8588590607748461 0.488269169411801 0
2021 0.1025446526434612 0.5114600962686527 0
2022 0.1021203927686119 0.5351924917624156 0
2023 0.1029689125183104 0.48772770077489 0
2024 0.1220549258716511 0.4997292656818659 0
2025 0.1033931723931597 0.4639953052811273 0
2026 0.1415651990998411 0.4879984350950791 0
2027 0.1411409392249919 0.5117308305888417 0
2028 0.5375000000023319 0.6020975684882439 0
2029 0.512500000002073 0.6020975684881107 0
2030 0.5000000000017388 0.6192616584874566 0
2031 0.4875000000018139 0.6020975684879775 0
2032 0.5125000000016636 0.6364257484869359 0
2033 0.4875000000014046 0.6364257484868027 0
2034 0.462500000001555 0.6020975684878442 0
2035 0.5625000000019841 0.636425748487676 0
2036 0.5875000000021443 0.636425748488046 0
2037 0.5375000000018239 0.6364257484873059 0
2038 0.550000000002158 0.6192616584879599 0
2039 0.5625000000024921 0.6020975684886138 0
2040 0.7619097787997178 0.6388750333435665 0
2041 0.7869097787996782 0.6388750333436188 0
2042 0.7369097787997574 0.6388750333435143 0
2043 0.7488195575978037 0.6241602281990152 0
2044 0.711909778799797 0.638875033343462 0
2045 0.7357293363958897 0.6094454230544637 0
2046 0.7607293363958501 0.6094454230545161 0
2047 0.7113195575979049 0.6069961381992559 0
2048 0.6994097787998586 0.621710943343755 0
2049 0.6869097787999201 0.6045468533440479 0
2050 0.6875000000018123 0.6364257484882541 0
2051 0.6625000000019354 0.6020975684888401 0
2052 0.4375000000014439 0.6020975684876539 0
2053 0.4125000000012363 0.6020975684876001 0
2054 0.40000000000105 0.619261658486889 0
2055 0.3875000000010287 0.6020975684875463 0
2056 0.4125000000010713 0.6364257484862317 0
2057 0.3875000000008637 0.6364257484861778 0
2058 0.3625000000008212 0.6020975684874925 0
2059 0.6625000000018673 0.6364257484882043 0
2060 0.6375000000019222 0.6364257484881546 0
2061 0.6500000000019288 0.6192616584884973 0
2062 0.6125000000019771 0.6364257484881047 0
2063 0.6375000000019904 0.6020975684887903 0
2064 0.4625000000012935 0.6364257484866123 0
2065 0.4375000000011824 0.636425748486422 0
2066 0.4500000000013687 0.6192616584871331 0
2067 0.6125000000021577 0.6020975684887315 0
2068 0.600000000002151 0.6192616584883888 0
2069 0.5875000000023249 0.6020975684886727 0
2070 0.462499999998494 0.397902431512006 0
2071 0.4874999999984644 0.397902431512024 0
2072 0.4999999999984771 0.3807383415125581 0
2073 0.5124999999984348 0.3979024315120419 0
2074 0.4874999999985194 0.3635742515130744 0
2075 0.5124999999984898 0.3635742515130923 0
2076 0.5374999999984051 0.3979024315120598 0
2077 0.4374999999985737 0.363574251512998 0
2078 0.4124999999986008 0.3635742515129597 0
2079 0.4624999999985465 0.3635742515130362 0
2080 0.4499999999985338 0.380738341512502 0
2081 0.4374999999985211 0.3979024315119678 0
2082 0.3999999999985898 0.3807383415124472 0
2083 0.3874999999986297 0.3635742515129432 0
2084 0.41249999999855 0.3979024315119513 0
2085 0.3874999999985789 0.3979024315119347 0
2086 0.3624999999986078 0.3979024315119182 0
2087 0.5374999999984409 0.3635742515131184 0
2088 0.5624999999983921 0.3635742515131445 0
2089 0.5499999999983987 0.3807383415126022 0
2090 0.5874999999983432 0.3635742515131707 0
2091 0.5624999999983563 0.3979024315120859 0
2092 0.3374999999986589 0.36357425151289 0
2093 0.3124999999986735 0.3635742515128635 0
2094 0.3624999999986442 0.3635742515129166 0
2095 0.3499999999986333 0.3807383415124042 0
2096 0.3374999999986223 0.3979024315118917 0
2097 0.6374999999981915 0.3635742515133045 0
2098 0.6124999999982403 0.3635742515131999 0
2099 0.6624999999981427 0.3635742515134091 0
2100 0.6499999999980952 0.3807383415127913 0
2101 0.6874999999980937 0.3635742515135136 0
2102 0.662499999997999 0.3979024315122781 0
2103 0.6374999999980479 0.3979024315121735 0
2104 0.7341724873781825 0.3646441259596396 0
2105 0.7091724873782088 0.3646441259594971 0
2106 0.7591724873781563 0.3646441259597819 0
2107 0.7433449747582501 0.3828780904050052 0
2108 0.7841724873781302 0.3646441259599243 0
2109 0.7525174621383176 0.4011120548503708 0
2110 0.7275174621383438 0.4011120548502285 0
2111 0.3005902212005297 0.3782890566572386 0
2112 0.2880902212005553 0.3611249666577244 0
2113 0.3130902212005042 0.3954531466567527 0
2114 0.288680442402386 0.3930038618016136 0
2115 0.2642706636042678 0.3905545769464746 0
2116 0.3625000000008683 0.6364257484862121 0
2117 0.3375000000008731 0.6364257484862464 0
2118 0.3500000000008471 0.6192616584868694 0
2119 0.3125000000008777 0.6364257484862808 0
2120 0.3375000000008258 0.6020975684875267 0
2121 0.2380902212005077 0.3611249666577003 0
2122 0.213090221200484 0.3611249666576882 0
2123 0.2630902212005315 0.3611249666577124 0
2124 0.2511804424023878 0.3758397718020874 0
2125 0.239270663604244 0.3905545769464626 0
2126 0.6841724873781139 0.3989723059582615 0
2127 0.6966724873781613 0.3818082159588794 0
2128 0.7058449747582289 0.400042180404245 0
2129 0.5874999999982535 0.3979024315121151 0
2130 0.5999999999982469 0.3807383415126575 0
2131 0.6124999999981506 0.3979024315121443 0
2132 0.2658275126208637 0.6353558740404055 0
2133 0.2908275126208729 0.6353558740403679 0
2134 0.2408275126208543 0.6353558740404431 0
2135 0.2566550252408328 0.6171219095951156 0
2136 0.215827512620845 0.6353558740404808 0
2137 0.247482537860802 0.5988879451498257 0
2138 0.2724825378608114 0.598887945149788 0
2139 0.315827512620821 0.6010276940416138 0
2140 0.303327512620847 0.6181917840409908 0
2141 0.2941550252408162 0.5999578195957009 0
2142 0.79492388858303 0.3060395856175229 0
2143 0.7816987298095555 0.2848076211360038 0
2144 0.8030729359414981 0.2869009742018636 0
2145 0.2043509526426481 0.6943790849961149 0
2146 0.2168509526426895 0.7160297200907128 0
2147 0.1962019052843885 0.7135176964118236 0
2148 0.7816987298117931 0.7151923788662262 0
2149 0.7949238885855804 0.6939604143849063 0
2150 0.8030729359433557 0.7130990258003225 0
2151 0.218301270188299 0.2848076211350476 0
2152 0.2050761114145478 0.3060395856164503 0
2153 0.1969270640567404 0.2869009742010022 0
2154 0.05992483319281984 0.1178668389789977 0
2155 0.08073661469465197 0.1301496233737426 0
2156 0.03911305169098771 0.1055840545842528 0
2157 0.05741432188014328 0.09888532477334466 0
2158 0.07571559206929884 0.0921865949624365 0
2159 0.9609248333713594 0.1055915502197061 0
2160 0.9401509369320298 0.1178818302502701 0
2161 0.9426235631820484 0.0988928204090333 0
2162 0.9193770404927002 0.1301721102808343 0
2163 0.9243222929927375 0.09219409059836059 0
2164 0.8939510373858234 0.9612957823067543 0
2165 0.8812033449612457 0.940892834802785 0
2166 0.9006497671966407 0.9429945121174778 0
2167 0.8684556525366682 0.9204898872988156 0
2168 0.9073484970074581 0.9246932419282012 0
2169 0.03909837109166889 0.8944246775445972 0
2170 0.05989547199403965 0.8821506252788049 0
2171 0.05739964128096701 0.9011234073554032 0
2172 0.08069257289641042 0.8698765730130126 0
2173 0.07570091147026513 0.9078221371662092 0
2174 0.882047732387736 0.06062861394581495 0
2175 0.8697222336763581 0.08179228582408196 0
2176 0.8943732310991138 0.03946494206754796 0
2177 0.9010719609098686 0.0577662122568289 0
2178 0.9077706907206234 0.07606748244610984 0
2179 0.1185131386537444 0.9393601275577736 0
2180 0.1311190728858115 0.9181908264313096 0
2181 0.1059072044216772 0.9605294286842377 0
2182 0.09920847461087137 0.9422281584949396 0
2183 0.09250974480006549 0.9239268883056415 0
2184 0.9385145320430669 0.884141094951628 0
2185 0.9169224331592438 0.8728622775221788 0
2186 0.9601066309268901 0.8954199123810771 0
2187 0.9418053607376033 0.9021186421918663 0
2188 0.9235040905483166 0.9088173720026558 0
2189 0.1059072044210058 0.03947057131555344 0
2190 0.1185131386529951 0.06063987244191103 0
2191 0.09920847461020774 0.05777184150474929 0
2192 0.1311190728849844 0.08180917356826861 0
2193 0.09250974479940964 0.07607311169394515 0
2194 0.1143249201548736 0.09792265683675994 0
2195 0.0975307674247628 0.1140361401052513 0
2196 0.0950202561120862 0.09505462589959823 0
2197 0.8846112460775267 0.90461401737327 0
2198 0.9007668396183852 0.8887381474477245 0
2199 0.9040576683129217 0.9067156946879629 0
2200 0.09750140622621079 0.8859813241524449 0
2201 0.1143102395560111 0.9020860752918772 0
2202 0.09500557551313814 0.9049541062290432 0
2203 0.9028254382205863 0.1140455021285835 0
2204 0.8862738359484722 0.09791889397633274 0
2205 0.9052980644706048 0.09505649228734664 0
2206 0.7743125483064328 0.4031860266019587 0
2207 0.790140060926339 0.3849520621567354 0
2208 0.7961076344745479 0.4052599983535464 0
2209 0.2256874516927798 0.5968139733983087 0
2210 0.2098599390728012 0.6150479378436362 0
2211 0.2038923655247575 0.5947400016467916 0
2212 0.7932358163239766 0.6192227353470225 0
2213 0.7801455951220624 0.6045079302024711 0
2214 0.7995618538482747 0.599570437350426 0
2215 0.2067609068053462 0.3807829403607835 0
2216 0.2198511280072263 0.3954977455051706 0
2217 0.2004315924102084 0.4004409140638787 0
2218 0.854920832791644 0.5307515914228251 0
2219 0.8740040373985717 0.5427580212212517 0
2220 0.851409673429667 0.5494967530486206 0
2221 0.1450730815910589 0.4692589491759859 0
2222 0.1259870682377182 0.45725738426901 0
2223 0.1485809640822768 0.4505194632568926 0
2224 0.8744997106640434 0.4584488154008344 0
2225 0.8549894374358907 0.4701796459876366 0
2226 0.8511198140969354 0.4520901225634721 0
2227 0.1255002893356792 0.5415511845997224 0
2228 0.1450105625638692 0.5298203540129356 0
2229 0.1488801859027466 0.5479098774370292 0
2230 0.9103651539065966 0.771414225113195 0
2231 0.8983575213857395 0.778973387083273 0
2232 0.8978908855917237 0.7670490292020238 0
2233 0.8988241571797554 0.7908977449645224 0
2234 0.8863498888648825 0.786532549053351 0
2235 0.9112984254946283 0.7952629408756937 0
2236 0.8992907929737712 0.8028221028457717 0
2237 0.8743422563440255 0.794091711023429 0
2238 0.8738756205500097 0.7821673531421797 0
2239 0.8997574287677871 0.8147464607270211 0
2240 0.8872831604529142 0.8103812648158497 0
2241 0.8752755279320572 0.8179404267859277 0
2242 0.8748088921380414 0.8060160689046784 0
2243 0.8757421637260731 0.8298647846671771 0
2244 0.8632678954112002 0.8254995887560057 0
2245 0.8623346238231685 0.801650872993507 0
2246 0.9122316970826599 0.8191116566381924 0
2247 0.9002240645618029 0.8266708186082704 0
2248 0.9006907003558188 0.8385951764895198 0
2249 0.8882164320409459 0.8342299805783484 0
2250 0.9131649686706915 0.8429603724006911 0
2251 0.9011573361498346 0.8505195343707691 0
2252 0.8762087995200889 0.8417891425484264 0
2253 0.8503269913023115 0.809210034963585 0
2254 0.8498603555082956 0.7972856770823357 0
2255 0.8507936270963273 0.8211343928448344 0
2256 0.8383193587814545 0.816769196933663 0
2257 0.8512602628903432 0.8330587507260837 0
2258 0.8263117262605975 0.8243283589037409 0
2259 0.8258450904665816 0.8124040010224916 0
2260 0.1014850337428361 0.7661598334145652 0
2261 0.1006798826320708 0.7776887365977483 0
2262 0.08882446138484026 0.7702014686541327 0
2263 0.1125353038793013 0.7851760045413636 0
2264 0.09987473152130547 0.7892176397809313 0
2265 0.1251958762372972 0.781134369301796 0
2266 0.1243907251265318 0.7926632724849791 0
2267 0.09906958041054016 0.8007465429641143 0
2268 0.08721415916330963 0.793259275020499 0
2269 0.1362461463737624 0.8001505404285947 0
2270 0.1235855740157666 0.8041921756681623 0
2271 0.1227804229050013 0.8157210788513454 0
2272 0.1109250016577707 0.8082338109077298 0
2273 0.1346358441522318 0.8232083467949609 0
2274 0.121975271794236 0.8272499820345285 0
2275 0.09826442929977486 0.8122754461472974 0
2276 0.1489067187317583 0.7961089051890271 0
2277 0.148101567620993 0.8076378083722102 0
2278 0.1599569888682235 0.8151250763158258 0
2279 0.1472964165102277 0.8191667115553933 0
2280 0.1726175612262194 0.8110834410762582 0
2281 0.1718124101154541 0.8226123442594413 0
2282 0.1464912653994623 0.8306956147385764 0
2283 0.09745927818900955 0.8238043493304805 0
2284 0.08560385694177902 0.816317081386865 0
2285 0.1093146994362401 0.8312916172740961 0
2286 0.09665412707824425 0.8353332525136636 0
2287 0.1211701206834706 0.8387788852177116 0
2288 0.09584897596747893 0.8468621556968468 0
2289 0.08399355472024839 0.8393748877532312 0
2290 0.8984722072415046 0.2339111378211695 0
2291 0.8992889605837968 0.2223903485202738 0
2292 0.9111871408466363 0.2298066452283407 0
2293 0.8873907803209573 0.2149740518122071 0
2294 0.9001057139260891 0.2108695592193782 0
2295 0.8746758467158255 0.2190785444050359 0
2296 0.8754926000581178 0.2075577551041403 0
2297 0.9009224672683811 0.1993487699184825 0
2298 0.9128206475312207 0.2067650666265494 0
2299 0.8635944197952782 0.2001414583960734 0
2300 0.8763093534004098 0.1960369658032446 0
2301 0.8771261067427021 0.1845161765023489 0
2302 0.8890242870055416 0.1919324732104157 0
2303 0.8652279264798626 0.1770998797942822 0
2304 0.8779428600849943 0.1729953872014533 0
2305 0.9017392206106734 0.1878279806175869 0
2306 0.8508794861901465 0.2042459509889023 0
2307 0.8516962395324386 0.1927251616880066 0
2308 0.8397980592695991 0.1853088649799398 0
2309 0.8525129928747308 0.181204372387111 0
2310 0.8270831256644673 0.1894133575727687 0
2311 0.8278998790067595 0.1778925682718731 0
2312 0.8533297462170231 0.1696835830862153 0
2313 0.9025559739529656 0.1763071913166913 0
2314 0.9144541542158051 0.183723488024758 0
2315 0.890657793690126 0.1688908946086244 0
2316 0.9033727272952576 0.1647864020157956 0
2317 0.8787596134272864 0.1614745979005577 0
2318 0.9041894806375499 0.1532656127149 0
2319 0.9160876609003894 0.1606819094229668 0
2320 0.1730491708507978 0.1891732835118595 0
2321 0.1603342802747335 0.1850993393956253 0
2322 0.1722513600397789 0.1776487463930349 0
2323 0.1484172005096881 0.1925499323982157 0
2324 0.1476193896986692 0.1810253952793912 0
2325 0.1492150113207071 0.2040744695170403 0
2326 0.1365001207446427 0.2000005254008062 0
2327 0.1349044991226049 0.176951451163157 0
2328 0.1468215788876502 0.1695008581605665 0
2329 0.1245830409795974 0.2074511184033965 0
2330 0.1237852301685784 0.1959265812845719 0
2331 0.1110703395925141 0.1918526371683377 0
2332 0.1229874193575595 0.1844020441657474 0
2333 0.09915325982746867 0.1993032301709282 0
2334 0.09835544901644971 0.1877786930521036 0
2335 0.1221896085465405 0.1728775070469228 0
2336 0.1253808517906163 0.2189756555222211 0
2337 0.1126659612145519 0.214901711405987 0
2338 0.1007488814495066 0.2223523044085774 0
2339 0.09995107063848763 0.2108277672897527 0
2340 0.1015466922605255 0.233876841527402 0
2341 0.0888318016844612 0.2298028974111678 0
2342 0.08723618006242329 0.2067538231735186 0
2343 0.1094747179704761 0.1688035629306886 0
2344 0.1213917977355216 0.1613529699280982 0
2345 0.09755763820543077 0.176254155933279 0
2346 0.09675982739441183 0.1647296188144544 0
2347 0.0856405584403854 0.1837047489358694 0
2348 0.08404493681834749 0.1606556746982202 0
2349 0.09596201658339287 0.1532050816956299 0
2350 0.8882280945067378 0.7633808313167598 0
2351 0.9002357270275949 0.7558216693466819 0
2352 0.8762204619858809 0.7709399932868378 0
2353 0.878565303421752 0.7597126334314961 0
2354 0.8642128294650238 0.7784991552569158 0
2355 0.8689025123367662 0.7560444355462321 0
2356 0.8809101448576231 0.7484852735761542 0
2357 0.8522051969441669 0.7860583172269938 0
2358 0.854550038380038 0.774830957371652 0
2359 0.8448872472950522 0.7711627594863881 0
2360 0.8568948798159091 0.7636035975163101 0
2361 0.832879614774195 0.7787219214564661 0
2362 0.8352244562100662 0.7674945616011243 0
2363 0.8592397212517803 0.7523762376609684 0
2364 0.8401975644233097 0.7936174791970718 0
2365 0.8281899319024528 0.8011766411671498 0
2366 0.8305347733383239 0.789949281311808 0
2367 0.8161822993815957 0.8087358031372278 0
2368 0.8208719822533381 0.7862810834265441 0
2369 0.8495769301667944 0.7487080397757044 0
2370 0.8615845626876514 0.7411488778056265 0
2371 0.8375692976459373 0.7562672017457824 0
2372 0.8399141390818085 0.7450398418904407 0
2373 0.8255616651250803 0.7638263637158604 0
2374 0.8302513479968225 0.7413716440051767 0
2375 0.8422589805176797 0.7338124820350989 0
2376 0.1704839147380166 0.8000301379673543 0
2377 0.1823393359852472 0.8075174059109698 0
2378 0.1586284934907861 0.7925428700237388 0
2379 0.1683502682498139 0.7889768348584505 0
2380 0.1467730722435555 0.7850556020801233 0
2381 0.1662166217616111 0.7779235317495466 0
2382 0.1780720430088416 0.7854107996931622 0
2383 0.134917650996325 0.7775683341365078 0
2384 0.1446394257553527 0.7740022989712194 0
2385 0.14250577926715 0.7629489958623157 0
2386 0.1543612005143805 0.7704362638059312 0
2387 0.1306503580199194 0.7554617279187001 0
2388 0.1403721327789472 0.7518956927534119 0
2389 0.1640829752734083 0.7668702286406428 0
2390 0.1230622297490944 0.7700810661928923 0
2391 0.1112068085018638 0.7625937982492768 0
2392 0.1209285832608916 0.7590277630839886 0
2393 0.09935138725463334 0.7551065303056613 0
2394 0.1187949367726888 0.7479744599750847 0
2395 0.1619493287852055 0.7558169255317391 0
2396 0.1738047500324361 0.7633041934753546 0
2397 0.1500939075379749 0.7483296575881235 0
2398 0.1598156822970027 0.7447636224228353 0
2399 0.1382384862907444 0.7408423896445081 0
2400 0.1576820358087999 0.7337103193139315 0
2401 0.1695374570560305 0.7411975872575469 0
2402 0.8292595311682525 0.200395689446189 0
2403 0.817361350905413 0.1929793927381221 0
2404 0.841157711431092 0.2078119861542557 0
2405 0.8314359366720376 0.2113780213196092 0
2406 0.8530558916939316 0.2152282828623225 0
2407 0.8336123421758227 0.2223603531930295 0
2408 0.8217141619129831 0.2149440564849627 0
2409 0.8649540719567712 0.2226445795703894 0
2410 0.8552322971977167 0.2262106147357428 0
2411 0.8574087027015018 0.2371929466091631 0
2412 0.8455105224386623 0.2297766499010963 0
2413 0.8693068829643413 0.2446092433172299 0
2414 0.859585108205287 0.2481752784825834 0
2415 0.8357887476796078 0.2333426850664498 0
2416 0.8768522522196107 0.2300608762784561 0
2417 0.8887504324824502 0.2374771729865229 0
2418 0.8790286577233959 0.2410432081518764 0
2419 0.9006486127452897 0.2448934696945897 0
2420 0.881205063227181 0.2520255400252967 0
2421 0.8379651531833929 0.2443250169398701 0
2422 0.8260669729205534 0.2369087202318033 0
2423 0.8498633334462324 0.2517413136479368 0
2424 0.8401415586871781 0.2553073488132903 0
2425 0.8617615137090721 0.2591576103560036 0
2426 0.8423179641909632 0.2662896806867106 0
2427 0.8304197839281235 0.2588733839786438 0
2428 0.1112684670195123 0.2374428766925916 0
2429 0.09935138725446697 0.2448934696951819 0
2430 0.1231855467845577 0.2299922836900012 0
2431 0.1209902417784992 0.2410089118577811 0
2432 0.1351026265496031 0.2225416906874107 0
2433 0.130712016537486 0.2445749470229707 0
2434 0.1187949367724406 0.252025540025561 0
2435 0.1470197063146485 0.2150910976848203 0
2436 0.14482440130859 0.2261077258526002 0
2437 0.1545461760675768 0.2296737610177897 0
2438 0.1426290963025314 0.2371243540203802 0
2439 0.1664632558326221 0.2222231680151993 0
2440 0.1642679508265635 0.2332397961829793 0
2441 0.1404337912964728 0.2481409821881602 0
2442 0.1589367860796939 0.2076405046822298 0
2443 0.1708538658447393 0.2001899116796395 0
2444 0.1686585608386807 0.2112065398474194 0
2445 0.1827709456097847 0.192739318677049 0
2446 0.1783803355976675 0.2147725750126089 0
2447 0.1501555660554596 0.2517070173533497 0
2448 0.1382384862904142 0.2591576103559401 0
2449 0.162072645820505 0.2442564243507593 0
2450 0.1598773408144464 0.2552730525185393 0
2451 0.1739897255855503 0.2368058313481688 0
2452 0.1695991155734332 0.2588390876837288 0
2453 0.1576820358083878 0.2662896806863193 0
2454 0.3500000000005856 0.5106166848110187 0
2455 0.3391637563106137 0.520698432399081 0
2456 0.3391637563105831 0.5100817475880622 0
2457 0.3391637563106444 0.5313151172100997 0
2458 0.328327512620642 0.5307801799871432 0
2459 0.3500000000006468 0.5318500544330562 0
2460 0.339163756310675 0.5419318020211185 0
2461 0.3174912689306702 0.5408619275752056 0
2462 0.3174912689306395 0.5302452427641868 0
2463 0.3391637563107056 0.5525484868321372 0
2464 0.3283275126207032 0.5520135496091807 0
2465 0.3174912689307314 0.5620952971972429 0
2466 0.3174912689307008 0.5514786123862242 0
2467 0.317491268930762 0.5727119820082617 0
2468 0.3066550252407596 0.5721770447853052 0
2469 0.3066550252406984 0.5509436751632677 0
2470 0.350000000000708 0.5530834240550937 0
2471 0.3391637563107362 0.5631651716431559 0
2472 0.3391637563107669 0.5737818564541747 0
2473 0.3283275126207644 0.5732469192312182 0
2474 0.3500000000007693 0.5743167936771312 0
2475 0.3391637563107975 0.5843985412651933 0
2476 0.3174912689307927 0.5833286668192804 0
2477 0.2958187815507266 0.56102542275133 0
2478 0.295818781550696 0.5504087379403113 0
2479 0.2958187815507572 0.5716421075623488 0
2480 0.2849825378607548 0.5711071703393924 0
2481 0.2958187815507878 0.5822587923733675 0
2482 0.274146294170783 0.5811889179274545 0
2483 0.2741462941707524 0.5705722331164359 0
2484 0.4500000000005679 0.5106166848110456 0
2485 0.4375000000006159 0.5212333696220643 0
2486 0.4375000000004641 0.5106166848110187 0
2487 0.4375000000007677 0.53185005443311 0
2488 0.4250000000006638 0.5318500544330831 0
2489 0.4500000000008715 0.5318500544331368 0
2490 0.4375000000009194 0.5424667392441556 0
2491 0.4125000000007118 0.5424667392441018 0
2492 0.41250000000056 0.5318500544330562 0
2493 0.4375000000010711 0.5530834240552012 0
2494 0.4250000000009674 0.5530834240551743 0
2495 0.4125000000010153 0.563700108866193 0
2496 0.4125000000008636 0.5530834240551474 0
2497 0.4125000000011671 0.5743167936772386 0
2498 0.4000000000010633 0.5743167936772118 0
2499 0.4000000000007597 0.5530834240551206 0
2500 0.450000000001175 0.553083424055228 0
2501 0.4375000000012229 0.5637001088662468 0
2502 0.4375000000013747 0.5743167936772924 0
2503 0.4250000000012709 0.5743167936772655 0
2504 0.4500000000014784 0.5743167936773192 0
2505 0.4375000000015264 0.584933478488338 0
2506 0.4125000000013189 0.5849334784882843 0
2507 0.3875000000008077 0.5637001088661393 0
2508 0.3875000000006559 0.5530834240550937 0
2509 0.3875000000009595 0.5743167936771849 0
2510 0.3750000000008557 0.574316793677158 0
2511 0.3875000000011113 0.5849334784882305 0
2512 0.3625000000009037 0.5849334784881768 0
2513 0.3625000000007519 0.5743167936771312 0
2514 0.3625000000005683 0.5106166848110187 0
2515 0.3750000000005509 0.5106166848110187 0
2516 0.3625000000005988 0.5212333696220375 0
2517 0.3875000000005335 0.5106166848110187 0
2518 0.3625000000006294 0.5318500544330562 0
2519 0.4000000000005162 0.5106166848110187 0
2520 0.3875000000005641 0.5212333696220375 0
2521 0.3875000000005948 0.5318500544330562 0
2522 0.3750000000006121 0.5318500544330562 0
2523 0.4000000000005774 0.5318500544330562 0
2524 0.3875000000006253 0.542466739244075 0
2525 0.3625000000006601 0.542466739244075 0
2526 0.4125000000004989 0.5106166848110187 0
2527 0.4250000000004815 0.5106166848110187 0
2528 0.4125000000005294 0.5212333696220375 0
2529 0.3625000000006907 0.5530834240550937 0
2530 0.3750000000006733 0.5530834240550937 0
2531 0.3625000000007212 0.5637001088661124 0
2532 0.2641637563101669 0.5100817475880622 0
2533 0.2516637563100975 0.5100817475880622 0
2534 0.2766637563102363 0.5100817475880622 0
2535 0.2658275126202645 0.5201634951761245 0
2536 0.2891637563103057 0.5100817475880622 0
2537 0.2674912689303621 0.5302452427641868 0
2538 0.2549912689302927 0.5302452427641868 0
2539 0.301663756310375 0.5100817475880622 0
2540 0.2908275126204032 0.5201634951761245 0
2541 0.2924912689305008 0.5302452427641868 0
2542 0.2799912689304315 0.5302452427641868 0
2543 0.3049912689305702 0.5302452427641868 0
2544 0.2941550252405984 0.5403269903522491 0
2545 0.2691550252404596 0.5403269903522491 0
2546 0.3141637563104444 0.5100817475880622 0
2547 0.3266637563105137 0.5100817475880622 0
2548 0.3158275126205419 0.5201634951761245 0
2549 0.2708187815505572 0.5504087379403113 0
2550 0.2583187815504878 0.5504087379403113 0
2551 0.2833187815506266 0.5504087379403113 0
2552 0.2724825378606548 0.5604904855283737 0
2553 0.261646294170683 0.5705722331164359 0
2554 0.6625000000003536 0.5106166848111416 0
2555 0.6500000000003709 0.5106166848111416 0
2556 0.6750000000003362 0.5106166848111416 0
2557 0.6625000000005858 0.5212333696222833 0
2558 0.687500000000319 0.5106166848111416 0
2559 0.6625000000008182 0.5318500544334249 0
2560 0.6500000000008355 0.5318500544334249 0
2561 0.7000000000003017 0.5106166848111416 0
2562 0.6875000000005513 0.5212333696222833 0
2563 0.6875000000007836 0.5318500544334249 0
2564 0.675000000000801 0.5318500544334249 0
2565 0.7000000000007662 0.5318500544334249 0
2566 0.6875000000010159 0.5424667392445666 0
2567 0.6625000000010506 0.5424667392445666 0
2568 0.7125000000002844 0.5106166848111416 0
2569 0.725000000000267 0.5106166848111416 0
2570 0.7125000000005166 0.5212333696222833 0
2571 0.7375000000002496 0.5106166848111416 0
2572 0.7125000000007489 0.5318500544334249 0
2573 0.6625000000012828 0.5530834240557082 0
2574 0.6500000000013002 0.5530834240557082 0
2575 0.6750000000012655 0.5530834240557082 0
2576 0.6625000000015151 0.5637001088668498 0
2577 0.6875000000012481 0.5530834240557082 0
2578 0.6625000000017474 0.5743167936779914 0
2579 0.6500000000017647 0.5743167936779914 0
2580 0.749704889399242 0.5118413272387456 0
2581 0.7372048893994916 0.5224580120498872 0
2582 0.7369097787987335 0.5342993392886328 0
2583 0.7247048893997412 0.5330746968610289 0
2584 0.7491146681977259 0.5355239817162367 0
2585 0.7366146681979755 0.5461406665273785 0
2586 0.7122048893999908 0.5436913816721705 0
2587 0.7363195575972176 0.557981993766124 0
2588 0.7241146681982251 0.55675735133852 0
2589 0.7116146681984747 0.5673740361496616 0
2590 0.7119097787992328 0.5555327089109161 0
2591 0.7113195575977168 0.5792153633884072 0
2592 0.6991146681987244 0.5779907209608033 0
2593 0.6997048894002404 0.5543080664833121 0
2594 0.74852444699621 0.5592066361937279 0
2595 0.7360244469964596 0.5698233210048695 0
2596 0.7357293363957016 0.5816646482436151 0
2597 0.7235244469967093 0.5804400058160112 0
2598 0.7479342257946939 0.5828892906712191 0
2599 0.7354342257949436 0.5935059754823606 0
2600 0.7110244469969589 0.5910566906271528 0
2601 0.6872048894004901 0.5649247512944537 0
2602 0.686909778799732 0.5767660785331993 0
2603 0.6747048894007397 0.5755414361055954 0
2604 0.686614668198974 0.5886074057719448 0
2605 0.6622048894009893 0.586158120916737 0
2606 0.550000000000576 0.5106166848111122 0
2607 0.5375000000007452 0.5212333696221578 0
2608 0.5375000000004466 0.5106166848110456 0
2609 0.5375000000010437 0.53185005443327 0
2610 0.5250000000009143 0.5318500544332034 0
2611 0.5500000000011732 0.5318500544333367 0
2612 0.5375000000013423 0.5424667392443823 0
2613 0.5125000000010833 0.542466739244249 0
2614 0.5125000000007848 0.5318500544331368 0
2615 0.5375000000016408 0.5530834240554945 0
2616 0.5250000000015114 0.5530834240554279 0
2617 0.5125000000016804 0.5637001088664735 0
2618 0.512500000001382 0.5530834240553613 0
2619 0.512500000001979 0.5743167936775857 0
2620 0.5000000000018495 0.5743167936775191 0
2621 0.5000000000012524 0.5530834240552946 0
2622 0.5500000000017703 0.5530834240555611 0
2623 0.5375000000019394 0.5637001088666067 0
2624 0.537500000002238 0.5743167936777189 0
2625 0.5250000000021084 0.5743167936776523 0
2626 0.5500000000023675 0.5743167936777855 0
2627 0.5375000000025365 0.5849334784888313 0
2628 0.5125000000022776 0.584933478488698 0
2629 0.4875000000014216 0.5637001088663403 0
2630 0.487500000001123 0.553083424055228 0
2631 0.48750000000172 0.5743167936774525 0
2632 0.4750000000015906 0.5743167936773859 0
2633 0.4875000000020185 0.5849334784885648 0
2634 0.4625000000017596 0.5849334784884316 0
2635 0.4625000000014612 0.5743167936773192 0
2636 0.4625000000005506 0.5106166848110456 0
2637 0.4750000000005332 0.5106166848110456 0
2638 0.4625000000007023 0.5212333696220912 0
2639 0.4875000000005159 0.5106166848110456 0
2640 0.4625000000008541 0.5318500544331368 0
2641 0.5000000000004986 0.5106166848110456 0
2642 0.4875000000006677 0.5212333696220912 0
2643 0.4875000000008194 0.5318500544331368 0
2644 0.4750000000008368 0.5318500544331368 0
2645 0.5000000000008021 0.5318500544331368 0
2646 0.4875000000009712 0.5424667392441824 0
2647 0.4625000000010059 0.5424667392441824 0
2648 0.5125000000004812 0.5106166848110456 0
2649 0.5250000000004639 0.5106166848110456 0
2650 0.512500000000633 0.5212333696220912 0
2651 0.4625000000011577 0.553083424055228 0
2652 0.4750000000011403 0.553083424055228 0
2653 0.4625000000013094 0.5637001088662736 0
2654 0.3375000000002408 0.4893833151889257 0
2655 0.3500000000003102 0.4893833151889257 0
2656 0.3250000000001714 0.4893833151889257 0
2657 0.337499999999996 0.4787666303778514 0
2658 0.3125000000001021 0.4893833151889257 0
2659 0.3374999999997513 0.4681499455667771 0
2660 0.3499999999998207 0.4681499455667771 0
2661 0.3000000000000327 0.4893833151889257 0
2662 0.3124999999998573 0.4787666303778514 0
2663 0.3124999999996125 0.4681499455667771 0
2664 0.3249999999996819 0.4681499455667771 0
2665 0.2999999999995431 0.4681499455667771 0
2666 0.3124999999993677 0.4575332607557029 0
2667 0.3374999999995065 0.4575332607557029 0
2668 0.2874999999999633 0.4893833151889257 0
2669 0.2749999999998939 0.4893833151889257 0
2670 0.2874999999997185 0.4787666303778514 0
2671 0.2624999999998246 0.4893833151889257 0
2672 0.2874999999994738 0.4681499455667771 0
2673 0.3374999999992617 0.4469165759446286 0
2674 0.3499999999993311 0.4469165759446286 0
2675 0.3249999999991923 0.4469165759446286 0
2676 0.337499999999017 0.4362998911335543 0
2677 0.312499999999123 0.4469165759446286 0
2678 0.3374999999987722 0.42568320632248 0
2679 0.3499999999988416 0.42568320632248 0
2680 0.4375000000001917 0.489383315188934 0
2681 0.4500000000001744 0.489383315188934 0
2682 0.425000000000209 0.489383315188934 0
2683 0.4374999999999498 0.4787666303778679 0
2684 0.4125000000002264 0.489383315188934 0
2685 0.4374999999997079 0.4681499455668019 0
2686 0.4499999999996906 0.4681499455668019 0
2687 0.4000000000002437 0.489383315188934 0
2688 0.4124999999999844 0.4787666303778679 0
2689 0.4124999999997425 0.4681499455668019 0
2690 0.4249999999997252 0.4681499455668019 0
2691 0.3999999999997599 0.4681499455668019 0
2692 0.4124999999995007 0.4575332607557359 0
2693 0.437499999999466 0.4575332607557359 0
2694 0.3875000000002611 0.489383315188934 0
2695 0.3750000000002784 0.489383315188934 0
2696 0.3875000000000192 0.4787666303778679 0
2697 0.3625000000002957 0.489383315188934 0
2698 0.3874999999997773 0.4681499455668019 0
2699 0.4374999999992242 0.4469165759446698 0
2700 0.4499999999992068 0.4469165759446698 0
2701 0.4249999999992415 0.4469165759446698 0
2702 0.4374999999989824 0.4362998911336038 0
2703 0.4124999999992589 0.4469165759446698 0
2704 0.4374999999987405 0.4256832063225378 0
2705 0.4499999999987231 0.4256832063225378 0
2706 0.3252951105997131 0.4244585638949105 0
2707 0.3377951105995377 0.4138418790838363 0
2708 0.3127951105998885 0.4350752487059848 0
2709 0.313090221200654 0.4232339214673411 0
2710 0.3002951106000639 0.4456919335170591 0
2711 0.3008853318015949 0.4220092790397716 0
2712 0.3133853318014195 0.4113925942286973 0
2713 0.2877951106002393 0.4563086183281334 0
2714 0.2880902212010048 0.4444672910894896 0
2715 0.2758853318019457 0.4432426486619201 0
2716 0.2883853318017703 0.4326259638508458 0
2717 0.2633853318021211 0.4538593334729944 0
2718 0.2636804424028866 0.4420180062343507 0
2719 0.2886804424025358 0.4207846366122021 0
2720 0.2752951106004147 0.4669253031392077 0
2721 0.2627951106005901 0.4775419879502819 0
2722 0.2630902212013556 0.4657006607116381 0
2723 0.2502951106007655 0.4881586727613562 0
2724 0.2508853318022965 0.4644760182840686 0
2725 0.2764755530034767 0.4195599941846325 0
2726 0.2889755530033013 0.4089433093735583 0
2727 0.2639755530036521 0.4301766789957069 0
2728 0.2642706636044176 0.418335351757063 0
2729 0.2514755530038275 0.4407933638067811 0
2730 0.2520657742053585 0.4171107093294935 0
2731 0.2645657742051831 0.4064940245184192 0
2732 0.5375000000000555 0.489383315188943 0
2733 0.5500000000000382 0.489383315188943 0
2734 0.5250000000000727 0.489383315188943 0
2735 0.5374999999998162 0.4787666303778859 0
2736 0.5125000000000901 0.489383315188943 0
2737 0.5374999999995769 0.4681499455668289 0
2738 0.5499999999995595 0.4681499455668289 0
2739 0.5000000000001075 0.489383315188943 0
2740 0.5124999999998509 0.4787666303778859 0
2741 0.5124999999996116 0.4681499455668289 0
2742 0.5249999999995942 0.4681499455668289 0
2743 0.4999999999996289 0.4681499455668289 0
2744 0.5124999999993722 0.4575332607557718 0
2745 0.5374999999993375 0.4575332607557718 0
2746 0.4875000000001248 0.489383315188943 0
2747 0.4750000000001421 0.489383315188943 0
2748 0.4874999999998855 0.4787666303778859 0
2749 0.4625000000001595 0.489383315188943 0
2750 0.4874999999996461 0.4681499455668289 0
2751 0.5374999999990981 0.4469165759447147 0
2752 0.5499999999990808 0.4469165759447147 0
2753 0.5249999999991155 0.4469165759447147 0
2754 0.5374999999988588 0.4362998911336577 0
2755 0.5124999999991329 0.4469165759447147 0
2756 0.5374999999986195 0.4256832063226006 0
2757 0.5499999999986023 0.4256832063226006 0
2758 0.4624999999999176 0.4787666303778769 0
2759 0.4624999999996758 0.4681499455668108 0
2760 0.4749999999996609 0.4681499455668199 0
2761 0.4624999999994339 0.4575332607557449 0
2762 0.4874999999994043 0.4575332607557628 0
2763 0.462499999999192 0.4469165759446788 0
2764 0.4749999999991772 0.4469165759446878 0
2765 0.4874999999989206 0.4362998911336308 0
2766 0.4874999999991625 0.4469165759446968 0
2767 0.4874999999986788 0.4256832063225647 0
2768 0.499999999998664 0.4256832063225737 0
2769 0.4999999999991477 0.4469165759447058 0
2770 0.4624999999989502 0.4362998911336128 0
2771 0.4624999999987084 0.4256832063225467 0
2772 0.4749999999986936 0.4256832063225557 0
2773 0.4624999999984665 0.4150665215114807 0
2774 0.4874999999984369 0.4150665215114987 0
2775 0.512499999998891 0.4362998911336488 0
2776 0.5124999999986491 0.4256832063225827 0
2777 0.5249999999986343 0.4256832063225917 0
2778 0.5124999999984073 0.4150665215115167 0
2779 0.5374999999983777 0.4150665215115347 0
2780 0.4249999999987549 0.4256832063225295 0
2781 0.4374999999984958 0.4150665215114635 0
2782 0.4124999999990141 0.4362998911335956 0
2783 0.4124999999987694 0.4256832063225212 0
2784 0.3999999999992733 0.4469165759446616 0
2785 0.3999999999987838 0.425683206322513 0
2786 0.4124999999985246 0.415066521511447 0
2787 0.3874999999995326 0.4575332607557276 0
2788 0.3874999999992877 0.4469165759446533 0
2789 0.3749999999993022 0.4469165759446451 0
2790 0.3874999999990431 0.436299891133579 0
2791 0.3624999999995614 0.4575332607557111 0
2792 0.3624999999993167 0.4469165759446369 0
2793 0.3874999999987983 0.4256832063225048 0
2794 0.3749999999997917 0.4681499455667936 0
2795 0.362500000000051 0.4787666303778596 0
2796 0.3624999999998062 0.4681499455667854 0
2797 0.3749999999988127 0.4256832063224965 0
2798 0.3874999999985535 0.4150665215114304 0
2799 0.3624999999990719 0.4362998911335625 0
2800 0.3624999999988271 0.4256832063224882 0
2801 0.3624999999985824 0.415066521511414 0
2802 0.6375000000006869 0.5212333696222539 0
2803 0.6375000000004546 0.5106166848111122 0
2804 0.6375000000009191 0.5318500544333955 0
2805 0.6250000000010028 0.5318500544333661 0
2806 0.6375000000011515 0.5424667392445371 0
2807 0.6125000000013187 0.5424667392444783 0
2808 0.6125000000010864 0.5318500544333367 0
2809 0.6375000000013837 0.5530834240556788 0
2810 0.6250000000014674 0.5530834240556494 0
2811 0.6125000000017833 0.5637001088667616 0
2812 0.612500000001551 0.5530834240556199 0
2813 0.6125000000020157 0.5743167936779032 0
2814 0.6000000000020993 0.5743167936778738 0
2815 0.6000000000016346 0.5530834240555905 0
2816 0.6375000000016161 0.5637001088668204 0
2817 0.6375000000018484 0.5743167936779621 0
2818 0.625000000001932 0.5743167936779326 0
2819 0.6375000000020806 0.5849334784891036 0
2820 0.6125000000022479 0.5849334784890449 0
2821 0.5875000000019506 0.5637001088667027 0
2822 0.5875000000017182 0.5530834240555611 0
2823 0.5875000000021828 0.5743167936778444 0
2824 0.5750000000022665 0.574316793677815 0
2825 0.5875000000024152 0.584933478488986 0
2826 0.5625000000025824 0.5849334784889273 0
2827 0.5625000000023501 0.5743167936777855 0
2828 0.5625000000005588 0.5106166848111122 0
2829 0.5750000000005414 0.5106166848111122 0
2830 0.5625000000008573 0.5212333696222244 0
2831 0.587500000000524 0.5106166848111122 0
2832 0.5625000000011559 0.5318500544333367 0
2833 0.6000000000005067 0.5106166848111122 0
2834 0.5875000000008226 0.5212333696222244 0
2835 0.5875000000011211 0.5318500544333367 0
2836 0.5750000000011385 0.5318500544333367 0
2837 0.6000000000011038 0.5318500544333367 0
2838 0.5875000000014197 0.5424667392444489 0
2839 0.5625000000014544 0.5424667392444489 0
2840 0.6125000000004893 0.5106166848111122 0
2841 0.625000000000472 0.5106166848111122 0
2842 0.6125000000007879 0.5212333696222244 0
2843 0.5625000000017529 0.5530834240555611 0
2844 0.5750000000017356 0.5530834240555611 0
2845 0.5625000000020515 0.5637001088666733 0
2846 0.6374999999998827 0.4893833151889576 0
2847 0.6499999999998654 0.4893833151889576 0
2848 0.6249999999999001 0.4893833151889576 0
2849 0.6374999999996093 0.4787666303779151 0
2850 0.6124999999999174 0.4893833151889576 0
2851 0.6374999999993358 0.4681499455668726 0
2852 0.6499999999993185 0.4681499455668726 0
2853 0.5999999999999348 0.4893833151889576 0
2854 0.612499999999644 0.4787666303779151 0
2855 0.6124999999993705 0.4681499455668726 0
2856 0.6249999999993532 0.4681499455668726 0
2857 0.5999999999993879 0.4681499455668726 0
2858 0.6124999999990972 0.4575332607558301 0
2859 0.6374999999990625 0.4575332607558301 0
2860 0.5874999999999522 0.4893833151889576 0
2861 0.5749999999999694 0.4893833151889576 0
2862 0.5874999999996786 0.4787666303779151 0
2863 0.5624999999999867 0.4893833151889576 0
2864 0.5874999999994053 0.4681499455668726 0
2865 0.6374999999987891 0.4469165759447876 0
2866 0.6499999999987718 0.4469165759447876 0
2867 0.6249999999988065 0.4469165759447876 0
2868 0.6374999999985157 0.4362998911337452 0
2869 0.6124999999988239 0.4469165759447876 0
2870 0.6374999999982423 0.4256832063227027 0
2871 0.6499999999982249 0.4256832063227027 0
2872 0.5624999999997474 0.4787666303779005 0
2873 0.5624999999995082 0.4681499455668434 0
2874 0.5749999999994566 0.468149945566858 0
2875 0.5624999999992688 0.4575332607557864 0
2876 0.5874999999991659 0.4575332607558155 0
2877 0.5624999999990294 0.4469165759447293 0
2878 0.5749999999989781 0.4469165759447439 0
2879 0.5874999999986873 0.4362998911337014 0
2880 0.5874999999989265 0.4469165759447584 0
2881 0.587499999998448 0.4256832063226443 0
2882 0.5999999999983965 0.4256832063226589 0
2883 0.5999999999988752 0.4469165759447731 0
2884 0.5624999999987901 0.4362998911336722 0
2885 0.5624999999985507 0.4256832063226152 0
2886 0.5749999999984994 0.4256832063226298 0
2887 0.5624999999983115 0.4150665215115582 0
2888 0.5874999999982087 0.4150665215115873 0
2889 0.6124999999985845 0.4362998911337306 0
2890 0.6124999999983451 0.4256832063226735 0
2891 0.6249999999982938 0.4256832063226881 0
2892 0.6124999999981058 0.4150665215116165 0
2893 0.637499999998003 0.4150665215116457 0
2894 0.7358362436898188 0.4899182524119493 0
2895 0.7483362436898015 0.4899182524119493 0
2896 0.7233362436898361 0.4899182524119493 0
2897 0.7341724873796203 0.4798365048238986 0
2898 0.7108362436898534 0.4899182524119493 0
2899 0.7325087310694216 0.4697547572358479 0
2900 0.7450087310694042 0.4697547572358479 0
2901 0.6983362436898708 0.4899182524119493 0
2902 0.7091724873796548 0.4798365048238986 0
2903 0.7075087310694562 0.4697547572358479 0
2904 0.720008731069439 0.4697547572358479 0
2905 0.6950087310694736 0.4697547572358479 0
2906 0.7058449747592577 0.4596730096477971 0
2907 0.7308449747592229 0.4596730096477971 0
2908 0.685836243689888 0.4899182524119493 0
2909 0.6733362436899054 0.4899182524119493 0
2910 0.6841724873796895 0.4798365048238986 0
2911 0.6608362436899228 0.4899182524119493 0
2912 0.6825087310694909 0.4697547572358479 0
2913 0.7291812184490244 0.4495912620597464 0
2914 0.7416812184490071 0.4495912620597464 0
2915 0.7166812184490418 0.4495912620597464 0
2916 0.7275174621388258 0.4395095144716956 0
2917 0.7041812184490591 0.4495912620597464 0
2918 0.7258537058286273 0.4294277668836449 0
2919 0.7383537058286099 0.4294277668836449 0
2920 0.6608362436896493 0.4793015676009069 0
2921 0.660836243689376 0.4686848827898644 0
2922 0.6716724873794335 0.4692198200128561 0
2923 0.6608362436891027 0.4580681979788219 0
2924 0.6825087310692175 0.4591380724248054 0
2925 0.6608362436888292 0.4474515131677794 0
2926 0.6716724873788866 0.4479864503907711 0
2927 0.6825087310686708 0.4379047028027204 0
2928 0.6825087310689442 0.4485213876137629 0
2929 0.6825087310683974 0.4272880179916779 0
2930 0.6933449747584548 0.4278229552146696 0
2931 0.6933449747590017 0.4490563248367546 0
2932 0.6608362436885558 0.4368348283567369 0
2933 0.6608362436882824 0.4262181435456944 0
2934 0.67167248737834 0.4267530807686861 0
2935 0.6608362436880091 0.415601458734652 0
2936 0.6825087310681239 0.4166713331806354 0
2937 0.7041812184487857 0.4389745772487039 0
2938 0.7041812184485123 0.4283578924376614 0
2939 0.7150174621385699 0.4288928296606531 0
2940 0.704181218448239 0.4177412076266189 0
2941 0.7258537058283538 0.4188110820726024 0
2942 0.1802168267803542 0.8306647198291575 0
2943 0.1675562544223583 0.834706355068725 0
2944 0.1633000987292627 0.8468003658780088 0
2945 0.1548956820643625 0.8387479903082926 0
2946 0.1717045153941628 0.8548527414477249 0
2947 0.159043943036167 0.8588943766872925 0
2948 0.1422351097063667 0.8427896255478602 0
2949 0.1547877873430714 0.8709883874965763 0
2950 0.1463833706781711 0.8629360119268601 0
2951 0.1337227983201753 0.8669776471664277 0
2952 0.1379789540132709 0.8548836363571439 0
2953 0.1294666426270796 0.8790716579757114 0
2954 0.1210622259621794 0.8710192824059952 0
2955 0.1295745373483708 0.8468312607874278 0
2956 0.1631922040079715 0.8790407630662924 0
2957 0.1505316316499756 0.88308239830586 0
2958 0.14627547595688 0.8951764091151437 0
2959 0.1378710592919798 0.8871240335454276 0
2960 0.1546798926217801 0.9032287846848599 0
2961 0.1420193202637843 0.9072704199244275 0
2962 0.125210486933984 0.8911656687849951 0
2963 0.1169139649903749 0.8508728960269953 0
2964 0.1126578092972793 0.8629669068362791 0
2965 0.1042533926323791 0.8549145312665629 0
2966 0.1084016536041836 0.8750609176455628 0
2967 0.09159282027438326 0.8589561665061305 0
2968 0.8196240778707025 0.1698292641957476 0
2969 0.8323390114758342 0.1657247716029188 0
2970 0.8367781439449089 0.1535569749339646 0
2971 0.845053945080966 0.16162027901009 0
2972 0.828502342808852 0.1454936708578392 0
2973 0.8412172764139837 0.1413891782650104 0
2974 0.8577688786860977 0.1575157864172612 0
2975 0.8456564088830585 0.1292213815960561 0
2976 0.8539322100191153 0.1372846856721816 0
2977 0.8666471436242471 0.1331801930793527 0
2978 0.8622080111551724 0.145347989748307 0
2979 0.8710862760933218 0.1210123964103984 0
2980 0.8793620772293789 0.1290757004865238 0
2981 0.8704838122912295 0.1534112938244323 0
2982 0.8373806077470014 0.1211580775199308 0
2983 0.8500955413521332 0.1170535849271019 0
2984 0.8545346738212078 0.1048857882581476 0
2985 0.8628104749572649 0.1129490923342731 0
2986 0.8462588726851508 0.09682248418202227 0
2987 0.8589738062902825 0.09271799158919342 0
2988 0.8755254085623966 0.1088445997414442 0
2989 0.8831987458963612 0.1493068012316034 0
2990 0.887637878365436 0.1371390045626493 0
2991 0.8959136795014928 0.1452023086387746 0
2992 0.8920770108345106 0.124971207893695 0
2993 0.9086286131066246 0.1410978160459458 0
2994 0.1547415511387807 0.09680789025591016 0
2995 0.1463444747737253 0.1048646318901559 0
2996 0.1420266605627164 0.09273394613967602 0
2997 0.1506622889847342 0.1169953176406357 0
2998 0.1379473984086699 0.1129213735244015 0
2999 0.1633771795607986 0.1210692617568699 0
3000 0.1549801031957432 0.1291260033911155 0
3001 0.1295503220436145 0.1209781151586472 0
3002 0.1252325078326056 0.1088474294081674 0
3003 0.1592979174067521 0.1412566891415954 0
3004 0.1465830268306877 0.1371827450253613 0
3005 0.1381859504656324 0.1452394866596069 0
3006 0.1338681362546235 0.1331088009091271 0
3007 0.1425037646766413 0.1573701724100868 0
3008 0.129788874100577 0.1532962282938526 0
3009 0.1211532456785591 0.1290348567928929 0
3010 0.1720128079828164 0.1453306332578296 0
3011 0.163615731617761 0.1533873748920753 0
3012 0.16793354582877 0.165518060642555 0
3013 0.1552186552527057 0.1614441165263209 0
3014 0.1806484364048342 0.1695920047587892 0
3015 0.1127561693135038 0.1370915984271385 0
3016 0.1084383551024948 0.1249609126766587 0
3017 0.1170739835245126 0.1492222841776183 0
3018 0.1043590929484483 0.1451483400613842 0
3019 0.09164420237238396 0.14107439594515 0
3020 0.887319004169693 0.3469425271217945 0
3021 0.8789193843958332 0.3372971691843801 0
3022 0.891393527848927 0.3373732214139649 0
3023 0.8664452409427394 0.3372211169547954 0
3024 0.8705197646219734 0.3276518112469657 0
3025 0.8623707172635053 0.346790422662625 0
3026 0.8539710974896456 0.3371450647252106 0
3027 0.8621201448481137 0.3180064533095514 0
3028 0.8745942883012074 0.3180825055391361 0
3029 0.8414969540365518 0.3370690124956258 0
3030 0.8455714777157859 0.3274997067877962 0
3031 0.8371718579419261 0.3178543488503818 0
3032 0.8496460013950199 0.3179304010799666 0
3033 0.8246977144888323 0.317778296620797 0
3034 0.8287722381680663 0.3082089909129674 0
3035 0.8537205250742539 0.3083610953721369 0
3036 0.8374224303573178 0.3466383182034554 0
3037 0.8290228105834581 0.336992960266041 0
3038 0.8165486671303642 0.3369169080364562 0
3039 0.8206231908095982 0.3273476023286266 0
3040 0.8124741434511302 0.3464862137442858 0
3041 0.8040745236772704 0.3368408558068715 0
3042 0.8122235710357385 0.3177022443912123 0
3043 0.8453209053003942 0.2987157374347225 0
3044 0.857795048753488 0.2987917896643073 0
3045 0.8328467618473003 0.2986396852051377 0
3046 0.8369212855265344 0.2890703794973081 0
3047 0.8203726183942066 0.2985636329755529 0
3048 0.8285216657526746 0.2794250215598937 0
3049 0.8409958092057684 0.2795010737894785 0
3050 0.112680995829893 0.6530574728786155 0
3051 0.1210806156037594 0.6627028308160688 0
3052 0.1086064721507632 0.6626267785864699 0
3053 0.1335547590567556 0.6627788830456678 0
3054 0.1294802353776258 0.6723481887535222 0
3055 0.1376292827358855 0.6532095773378135 0
3056 0.1460289025097519 0.6628549352752668 0
3057 0.1378798551514921 0.6819935466909754 0
3058 0.1254057116984958 0.6819174944613766 0
3059 0.1585030459627481 0.6629309875048657 0
3060 0.1544285222836182 0.6725002932127201 0
3061 0.1628281420574845 0.6821456511501734 0
3062 0.1503539986044883 0.6820695989205745 0
3063 0.1753022855104807 0.6822217033797724 0
3064 0.1712277618313509 0.6917910090876268 0
3065 0.1462794749253584 0.6916389046284288 0
3066 0.1625775696418779 0.6533616817970114 0
3067 0.1709771894157442 0.6630070397344647 0
3068 0.1834513328687404 0.6630830919640638 0
3069 0.1793768091896106 0.6726523976719181 0
3070 0.1875258565478703 0.6535137862562094 0
3071 0.1959254763217367 0.6631591441936626 0
3072 0.187776428963477 0.6822977556093714 0
3073 0.1546790946992248 0.7012842625658822 0
3074 0.1422049512462286 0.7012082103362831 0
3075 0.1671532381522211 0.7013603147954812 0
3076 0.1630787144730911 0.7109296205033355 0
3077 0.1796273816052172 0.7014363670250801 0
3078 0.1714783342469575 0.7205749784407889 0
3079 0.1590041907939613 0.7204989262111898 0
3080 0.8123944239859042 0.6535833216048565 0
3081 0.8164689476647919 0.6631526273125647 0
3082 0.80407452368048 0.6631591441958784 0
3083 0.8288633716491038 0.663146110429251 0
3084 0.8205434713436797 0.6727219330202727 0
3085 0.8371832719545282 0.6535702878382291 0
3086 0.8412577956334159 0.6631395935459372 0
3087 0.8246179950225673 0.6822912387279809 0
3088 0.8122235710382553 0.6822977556112946 0
3089 0.8536522196177279 0.6631330766626234 0
3090 0.8453323193123035 0.6727088992536453 0
3091 0.8494068429911912 0.6822782049613534 0
3092 0.8370124190068793 0.6822847218446672 0
3093 0.8618012669755031 0.6822716880780396 0
3094 0.8534813666700789 0.6918475106690615 0
3095 0.8286925187014549 0.6918605444356889 0
3096 0.861972119923152 0.6535572540716016 0
3097 0.8660466436020398 0.6631265597793097 0
3098 0.8784410675863517 0.6631200428959959 0
3099 0.8701211672809275 0.6726958654870178 0
3100 0.8867609678917758 0.6535442203049742 0
3101 0.8908354915706636 0.6631135260126821 0
3102 0.8741956909598151 0.6822651711947259 0
3103 0.8327670423803426 0.7014298501433971 0
3104 0.8203726183960307 0.7014363670267107 0
3105 0.8451614663646545 0.7014233332600833 0
3106 0.8368415660592303 0.7109991558511051 0
3107 0.8575558903489665 0.7014168163767696 0
3108 0.840916089738118 0.7205684615588133 0
3109 0.8285216657538061 0.7205749784421269 0
3110 0.1875971497751022 0.3464312730708554 0
3111 0.1835226260961985 0.3368619673631313 0
3112 0.1959254763197002 0.3368408558055771 0
3113 0.1711197758726967 0.3368830789206857 0
3114 0.1794481024172948 0.3272926616554073 0
3115 0.1627914493280986 0.346473496185964 0
3116 0.1587169256491949 0.3369041904782399 0
3117 0.1753735787383911 0.3177233559476833 0
3118 0.1877764289618928 0.317702244390129 0
3119 0.1463140754256932 0.3369253020357943 0
3120 0.1546424019702913 0.3273348847705159 0
3121 0.1505678782913877 0.3177655790627919 0
3122 0.1629707285148894 0.3177444675052376 0
3123 0.1381650280678859 0.3177866906203462 0
3124 0.146493354612484 0.3081962733550679 0
3125 0.1712990550594874 0.3081540502399593 0
3126 0.1379857488810952 0.3465157193010726 0
3127 0.1339112252021915 0.3369464135933485 0
3128 0.1215083749786897 0.3369675251509029 0
3129 0.1298367015232879 0.3273771078856245 0
3130 0.1131800484340917 0.3465579424161812 0
3131 0.109105524755188 0.3369886367084571 0
3132 0.1257621778443842 0.3178078021779005 0
3133 0.1672245313805838 0.2985847445322353 0
3134 0.1796273816040855 0.2985636329746809 0
3135 0.1548216811570821 0.2986058560897895 0
3136 0.1631500077016802 0.2890154388245112 0
3137 0.1424188309335804 0.2986269676473439 0
3138 0.1590754840227765 0.2794461331167871 0
3139 0.1714783342462783 0.2794250215592329 0
3140 0.830708197805041 0.8366314897776851 0
3141 0.8182339294901682 0.8322662938665137 0
3142 0.8431824661199139 0.8409966856888564 0
3143 0.8351046693494846 0.8489346206516293 0
3144 0.8556567344347867 0.8453618816000279 0
3145 0.8395011408939281 0.8612377515255734 0
3146 0.8270268725790553 0.856872555614402 0
3147 0.8681310027496596 0.8497270775111991 0
3148 0.8600532059792303 0.857665012473972 0
3149 0.8644496775236739 0.8699681433479161 0
3150 0.851975409208801 0.8656029474367448 0
3151 0.8769239458385467 0.8743333392590875 0
3152 0.8688461490681174 0.8822712742218602 0
3153 0.8438976124383717 0.8735408823995175 0
3154 0.8806052710645325 0.8540922734223706 0
3155 0.8930795393794053 0.8584574693335418 0
3156 0.885001742608976 0.8663954042963147 0
3157 0.9055538076942782 0.8628226652447133 0
3158 0.8893982141534196 0.8786985351702588 0
3159 0.8482940839828154 0.8858440132734617 0
3160 0.8358198156679426 0.8814788173622903 0
3161 0.8607683522976881 0.890209209184633 0
3162 0.852690555527259 0.8981471441474058 0
3163 0.873242620612561 0.8945744050958044 0
3164 0.8570870270717026 0.9104502750213499 0
3165 0.8446127587568297 0.9060850791101787 0
3166 0.242429969536184 0.519126509300366 0
3167 0.2407662132260864 0.5090447617123037 0
3168 0.2440937258462815 0.5292082568884282 0
3169 0.2331961827622704 0.5281712710126697 0
3170 0.2457574821563792 0.5392900044764906 0
3171 0.2239623959883568 0.5372160327249734 0
3172 0.2222986396782593 0.5271342851369112 0
3173 0.2474212384664767 0.5493717520645529 0
3174 0.2365236953824656 0.5483347661887943 0
3175 0.227289908608552 0.557379527901098 0
3176 0.2256261522984545 0.5472977803130357 0
3177 0.2289536649186496 0.5674612754891604 0
3178 0.2180561218346385 0.5664242896134017 0
3179 0.2147286092144433 0.5462607944372773 0
3180 0.2490849947765743 0.5594534996526151 0
3181 0.2507487510866718 0.5695352472406774 0
3182 0.2398512080026607 0.5684982613649189 0
3183 0.2524125073967695 0.5796169948287396 0
3184 0.2306174212287471 0.5775430230772226 0
3185 0.2054948224405297 0.555305556149581 0
3186 0.2038310661304321 0.5452238085615186 0
3187 0.2071585787506272 0.5653873037376433 0
3188 0.196261035666616 0.5643503178618847 0
3189 0.2088223350607248 0.5754690513257056 0
3190 0.1870272488927024 0.5733950795741884 0
3191 0.1853634925826049 0.5633133319861261 0
3192 0.7575700304636604 0.4808734906996925 0
3193 0.759233786773859 0.4909552382877432 0
3194 0.7559062741534619 0.4707917431116417 0
3195 0.7668038172375194 0.4718287289874357 0
3196 0.7542425178432632 0.460709995523591 0
3197 0.7760376040113784 0.4627839672751788 0
3198 0.777701360321577 0.4728657148632296 0
3199 0.7525787615330647 0.4506282479355402 0
3200 0.7634763046171222 0.4516652338113342 0
3201 0.7727100913909812 0.4426204720990773 0
3202 0.7743738477011799 0.4527022196871281 0
3203 0.7710463350807827 0.4325387245110266 0
3204 0.7819438781648402 0.4335757103868205 0
3205 0.7852713907852374 0.453739205562922 0
3206 0.7509150052228661 0.4405465003474895 0
3207 0.7492512489126675 0.4304647527594387 0
3208 0.7601487919967251 0.4315017386352327 0
3209 0.7475874926024689 0.420383005171388 0
3210 0.7693825787705841 0.4224569769229758 0
3211 0.7945051775590964 0.4446944438506651 0
3212 0.796168933869295 0.4547761914387158 0
3213 0.7928414212488979 0.4346126962626143 0
3214 0.8037389643329554 0.4356496821384083 0
3215 0.7911776649386992 0.4245309486745636 0
3216 0.8129727511068144 0.4266049204261514 0
3217 0.814636507417013 0.4366866680142022 0
3218 0.7576423551578001 0.5804205442451965 0
3219 0.7573472445570421 0.592261871483942 0
3220 0.7579374657585581 0.568579217006451 0
3221 0.7673504845209063 0.5779517978191741 0
3222 0.7582325763593161 0.5567378897677054 0
3223 0.7770586138840125 0.5754830513931516 0
3224 0.7767635032832545 0.5873243786318971 0
3225 0.7585276869600741 0.5448965625289599 0
3226 0.7679407057224223 0.5542691433416829 0
3227 0.7776488350855285 0.5518003969156604 0
3228 0.7773537244847705 0.5636417241544061 0
3229 0.7779439456862866 0.5399590696769148 0
3230 0.7873569644486347 0.5493316504896379 0
3231 0.7867667432471186 0.573014304967129 0
3232 0.7588227975608322 0.5330552352902143 0
3233 0.7591179081615902 0.5212139080514686 0
3234 0.7685309269239384 0.5305864888641918 0
3235 0.7594130187623482 0.5093725808127231 0
3236 0.7782390562870445 0.5281177424381692 0
3237 0.7964748726102249 0.5705455585411066 0
3238 0.7961797620094668 0.5823868857798522 0
3239 0.7967699832109829 0.5587042313023609 0
3240 0.8061830019733311 0.5680768121150841 0
3241 0.797065093811741 0.5468629040636154 0
3242 0.8158911313364372 0.5656080656890616 0
3243 0.8155960207356793 0.5774493929278073 0
3244 0.2423560064068497 0.4195822936088476 0
3245 0.2426511170076152 0.4077409663702037 0
3246 0.2420608958060841 0.4314236208474913 0
3247 0.2326462386083408 0.4220538778882016 0
3248 0.2417657852053186 0.4432649480861351 0
3249 0.2229364708098319 0.4245254621675556 0
3250 0.2232315814105974 0.4126841349289119 0
3251 0.2414706746045531 0.455106275324779 0
3252 0.2320560174068097 0.4457365323654892 0
3253 0.2223462496083008 0.4482081166448433 0
3254 0.2226413602090664 0.4363667894061994 0
3255 0.2220511390075353 0.460049443883487 0
3256 0.212636481809792 0.4506797009241973 0
3257 0.213226703011323 0.4269970464469097 0
3258 0.2411755640037876 0.4669476025634227 0
3259 0.2408804534030222 0.4787889298020664 0
3260 0.2314657962052787 0.4694191868427767 0
3261 0.2405853428022566 0.4906302570407103 0
3262 0.2217560284067699 0.4718907711221307 0
3263 0.2035169352128141 0.4294686307262637 0
3264 0.2038120458135796 0.4176273034876199 0
3265 0.2032218246120487 0.4413099579649076 0
3266 0.1938071674143053 0.4319402150056178 0
3267 0.2029267140112831 0.4531512852035513 0
3268 0.1840973996157964 0.4344117992849719 0
3269 0.1843925102165619 0.422570472046328 0
3270 0.1718198108965341 0.5000000000017981 0
3271 0.1737546225659728 0.5090447617138449 0
3272 0.1625860241226205 0.5090447617141018 0
3273 0.1849232210093251 0.509044761713588 0
3274 0.1756894342354115 0.5180895234258918 0
3275 0.1941570077832387 0.5000000000012843 0
3276 0.1960918194526774 0.5090447617133311 0
3277 0.1776242459048502 0.5271342851379386 0
3278 0.1664556474614979 0.5271342851381955 0
3279 0.2072604178960296 0.5090447617130742 0
3280 0.198026631122116 0.518089523425378 0
3281 0.1999614427915547 0.527134285137425 0
3282 0.1887928443482025 0.5271342851376818 0
3283 0.211130041234907 0.5271342851371681 0
3284 0.2018962544609934 0.5361790468494718 0
3285 0.1795590575742889 0.5361790468499856 0
3286 0.2164942046699432 0.5000000000007705 0
3287 0.2184290163393819 0.5090447617128174 0
3288 0.2295976147827342 0.5090447617125606 0
3289 0.2203638280088206 0.5180895234248644 0
3290 0.2388314015566478 0.5000000000002569 0
3291 0.1814938692437275 0.5452238085620325 0
3292 0.1703252708003752 0.5452238085622894 0
3293 0.1926624676870798 0.5452238085617755 0
3294 0.1834286809131662 0.5542685702740793 0
3295 0.1741948941392526 0.563313331986383 0
3296 0.8281801891033567 0.4999999999987778 0
3297 0.826245377433879 0.4909552382866956 0
3298 0.8374139758772157 0.490955238286521 0
3299 0.8150767789905424 0.4909552382868702 0
3300 0.8243105657644014 0.4819104765746134 0
3301 0.8058429922166834 0.499999999999127 0
3302 0.8039081805472057 0.4909552382870448 0
3303 0.8223757540949237 0.4728657148625311 0
3304 0.8335443525382604 0.4728657148623565 0
3305 0.792739582103869 0.4909552382872194 0
3306 0.801973368877728 0.4819104765749626 0
3307 0.8000385572082503 0.4728657148628803 0
3308 0.811207155651587 0.4728657148627057 0
3309 0.7888699587649137 0.472865714863055 0
3310 0.7981037455387727 0.4638209531507981 0
3311 0.820440942425446 0.4638209531504489 0
3312 0.78350579533001 0.4999999999994762 0
3313 0.7815709836605323 0.490955238287394 0
3314 0.7704023852171957 0.4909552382875686 0
3315 0.7796361719910547 0.4819104765753118 0
3316 0.7611685984433367 0.4999999999998254 0
3317 0.8185061307559683 0.4547761914383667 0
3318 0.829674729199305 0.454776191438192 0
3319 0.8073375323126317 0.4547761914385413 0
3320 0.8165713190864907 0.4457314297262844 0
3321 0.8258051058603497 0.4366866680140276 0
3322 0.7705816172056849 0.5093725808125484 0
3323 0.7817502156490215 0.5093725808123739 0
3324 0.779994635968033 0.5187451616252716 0
3325 0.7929188140923582 0.5093725808121993 0
3326 0.7894076547303812 0.5281177424379946 0
3327 0.8040874125356949 0.5093725808120247 0
3328 0.8023318328547064 0.5187451616249223 0
3329 0.8117448516170546 0.5281177424376455 0
3330 0.8005762531737179 0.5281177424378201 0
3331 0.8229134500603912 0.5281177424374709 0
3332 0.8211578703794027 0.5374903232503685 0
3333 0.7988206734927294 0.5374903232507178 0
3334 0.8152560109790316 0.5093725808118501 0
3335 0.8264246094223682 0.5093725808116755 0
3336 0.8246690297413797 0.5187451616245732 0
3337 0.8375932078657049 0.5093725808115008 0
3338 0.8340820485037279 0.5281177424372963 0
3339 0.8082336922550776 0.5468629040634407 0
3340 0.8194022906984142 0.5468629040632662 0
3341 0.8176467110174257 0.5562354848761639 0
3342 0.8305708891417509 0.5468629040630917 0
3343 0.8270597297797739 0.5656080656888871 0
3344 0.2294167443589044 0.4906302570409671 0
3345 0.2182481459155521 0.490630257041224 0
3346 0.220002087161161 0.4812605140816774 0
3347 0.2070795474721999 0.4906302570414808 0
3348 0.2105874299634176 0.4718907711223876 0
3349 0.1959109490288476 0.4906302570417377 0
3350 0.1976648902744564 0.4812605140821911 0
3351 0.1882502330767131 0.4718907711229013 0
3352 0.1994188315200653 0.4718907711226444 0
3353 0.1770816346333609 0.4718907711231582 0
3354 0.1788355758789698 0.4625210281636116 0
3355 0.2011727727656742 0.4625210281630979 0
3356 0.1847423505854953 0.4906302570419946 0
3357 0.173573752142143 0.4906302570422515 0
3358 0.1753276933877519 0.4812605140827049 0
3359 0.1624051536987908 0.4906302570425083 0
3360 0.1659130361900086 0.4718907711234151 0
3361 0.1917581155679309 0.4531512852038082 0
3362 0.1805895171245787 0.453151285204065 0
3363 0.1823434583701876 0.4437815422445184 0
3364 0.1694209186812264 0.4531512852043219 0
3365 0.1729288011724441 0.4344117992852287 0
3366 0.9004982826556494 0.6667817238979461 0
3367 0.8921783823502252 0.6763575464889678 0
3368 0.8935212731297868 0.6896015669652535 0
3369 0.883858482044801 0.6859333690799897 0
3370 0.9031840642147726 0.6932697648505174 0
3371 0.8948641639093484 0.7028455874415392 0
3372 0.8755385817393766 0.6955091916710116 0
3373 0.89620705468891 0.7160896079178249 0
3374 0.8865442636039241 0.7124214100325611 0
3375 0.8782243632984998 0.721997232623583 0
3376 0.8768814725189382 0.7087532121472973 0
3377 0.8795672540780615 0.7352412530998687 0
3378 0.8699044629930757 0.7315730552146047 0
3379 0.8672186814339524 0.7050850142620334 0
3380 0.9058698457738958 0.7197578058030888 0
3381 0.8975499454684717 0.7293336283941106 0
3382 0.8988928362480333 0.7425776488703963 0
3383 0.8892300451630474 0.7389094509851324 0
3384 0.9085556273330191 0.7462458467556601 0
3385 0.8588987811285281 0.7146608368530553 0
3386 0.8602416719080898 0.727904857329341 0
3387 0.8505788808231038 0.724236659444077 0
3388 0.09095176748076698 0.745461172368208 0
3389 0.1006735422397947 0.7418951372029197 0
3390 0.1019956972249561 0.728683744100178 0
3391 0.1103953169988225 0.7383291020376314 0
3392 0.09359607745108979 0.7190383861627248 0
3393 0.1033178522101176 0.7154723509974363 0
3394 0.1201170917578502 0.7347630668723431 0
3395 0.1046400071952789 0.7022609578946948 0
3396 0.1130396269691453 0.7119063158321481 0
3397 0.122761401728173 0.7083402806668597 0
3398 0.1214392467430117 0.7215516737696014 0
3399 0.1240835567133345 0.6951288875641182 0
3400 0.1324831764872008 0.7047742455015715 0
3401 0.129838866516878 0.7311970317070547 0
3402 0.0962403874214126 0.6926155999572414 0
3403 0.1059621621804404 0.6890495647919532 0
3404 0.1072843171656017 0.6758381716892116 0
3405 0.1156839369394681 0.6854835296266648 0
3406 0.0988846973917354 0.6661928137517582 0
3407 0.1395606412759058 0.7276309965417664 0
3408 0.1408827962610671 0.7144196034390248 0
3409 0.1492824160349335 0.7240649613764781 0
3410 0.0993837499962012 0.3334226015432676 0
3411 0.1077120765407993 0.3238321842779893 0
3412 0.1063186283264106 0.3106757318475214 0
3413 0.1160404030853974 0.3142417670127109 0
3414 0.09659685356742376 0.3071096966823318 0
3415 0.1049251801120219 0.2975192794170535 0
3416 0.1243687296299955 0.3046513497474326 0
3417 0.1035317318976331 0.2843628269865857 0
3418 0.11325350665662 0.2879288621517752 0
3419 0.121581833201218 0.2783384448864968 0
3420 0.1229752814156067 0.2914948973169648 0
3421 0.1201883849868293 0.2651819924560289 0
3422 0.1299101597458161 0.2687480276212185 0
3423 0.1326970561745935 0.2950609324821543 0
3424 0.09380995713864632 0.2807967918213961 0
3425 0.1021382836832444 0.2712063745561177 0
3426 0.1007448354688557 0.2580499221256498 0
3427 0.1104666102278425 0.2616159572908394 0
3428 0.09102306070986887 0.2544838869604603 0
3429 0.1410253827191916 0.2854705152168759 0
3430 0.1396319345048029 0.272314062786408 0
3431 0.1493537092637897 0.2758800979515976 0
3432 0.9090482325191496 0.2545388276320042 0
3433 0.8993264577600951 0.2581048627973577 0
3434 0.8980043027749004 0.2713162559001255 0
3435 0.8896046830010407 0.2616708979627111 0
3436 0.9064039225487601 0.2809616138375399 0
3437 0.8966821477897057 0.2845276490028934 0
3438 0.8798829082419862 0.2652369331280646 0
3439 0.895359992804511 0.2977390421056613 0
3440 0.8869603730306512 0.2880936841682469 0
3441 0.8772385982715968 0.2916597193336004 0
3442 0.8785607532567915 0.2784483262308325 0
3443 0.8759164432864022 0.3048711124363682 0
3444 0.8675168235125423 0.2952257544989538 0
3445 0.8701611334829318 0.2688029682934181 0
3446 0.9037596125783707 0.3073844000430757 0
3447 0.8940378378193163 0.3109504352084291 0
3448 0.8927156828341216 0.324161828311197 0
3449 0.8843160630602619 0.3145164703737826 0
3450 0.9011153026079814 0.3338071862486114 0
3451 0.8604393587238773 0.2723690034587716 0
3452 0.8591172037386826 0.2855803965615394 0
3453 0.8507175839648229 0.275935038624125 0
3454 0.8154579302252346 0.3566401818426913 0
3455 0.8029837867721408 0.3565641296131066 0
3456 0.8279320736783284 0.3567162340722762 0
3457 0.8184417169993391 0.3667941499410969 0
3458 0.8404062171314223 0.356792286301861 0
3459 0.8214255037734436 0.3769481180395025 0
3460 0.8089513603203498 0.3768720658099176 0
3461 0.8528803605845161 0.3568683385314457 0
3462 0.8433900039055267 0.3669462544002665 0
3463 0.8463737906796311 0.3771002224986719 0
3464 0.8338996472265374 0.3770241702690872 0
3465 0.8588479341327249 0.3771762747282568 0
3466 0.8493575774537356 0.3872541905970775 0
3467 0.824409290547548 0.387102086137908 0
3468 0.8653545040376098 0.3569443907610305 0
3469 0.8778286474907036 0.3570204429906153 0
3470 0.8683382908117143 0.367098358859436 0
3471 0.8903027909437974 0.3570964952202 0
3472 0.8713220775858187 0.3772523269578416 0
3473 0.8273930773216525 0.3972560542363135 0
3474 0.8149189338685587 0.3971800020067288 0
3475 0.8398672207747462 0.3973321064658982 0
3476 0.830376864095757 0.407410022334719 0
3477 0.85234136422784 0.3974081586954831 0
3478 0.8333606508698613 0.4175639904331245 0
3479 0.8208865074167675 0.4174879382035398 0
3480 0.1845420697738484 0.6433598181577871 0
3481 0.1970162132268446 0.643435870387386 0
3482 0.1720679263208522 0.6432837659281881 0
3483 0.1815582829998265 0.6332058500593648 0
3484 0.159593782867856 0.6432077136985892 0
3485 0.1785744962258046 0.6230518819609425 0
3486 0.1910486396788008 0.6231279341905415 0
3487 0.1471196394148598 0.6431316614689901 0
3488 0.1566099960938341 0.6330537456001668 0
3489 0.1536262093198122 0.6228997775017444 0
3490 0.1661003527728084 0.6229758297313435 0
3491 0.141152065866816 0.6228237252721455 0
3492 0.1506424225457903 0.6127458094033222 0
3493 0.1755907094517827 0.6128979138625201 0
3494 0.1346454959618635 0.6430556092393911 0
3495 0.1221713525088673 0.6429795570097921 0
3496 0.1316617091878417 0.6329016411409688 0
3497 0.1096972090558712 0.6429035047801932 0
3498 0.1286779224138198 0.6227476730425465 0
3499 0.1726069226777608 0.602743945764098 0
3500 0.185081066130757 0.6028199979936969 0
3501 0.1601327792247646 0.6026678935344989 0
3502 0.1696231359037389 0.5925899776656756 0
3503 0.1476586357717684 0.6025918413048998 0
3504 0.166639349129717 0.5824360095672532 0
3505 0.1791134925827132 0.5825120617968522 0
3506 0.8775295626696131 0.6437245881899897 0
3507 0.889923986653925 0.6437180713066759 0
3508 0.8651351386853012 0.6437311050733034 0
3509 0.8682981574474504 0.6339049560750052 0
3510 0.8527407147009893 0.6437376219566171 0
3511 0.8590667522252875 0.6240853239600208 0
3512 0.8714611762095995 0.624078807076707 0
3513 0.8403462907166773 0.6437441388399309 0
3514 0.8435093094788264 0.6339179898416327 0
3515 0.8342779042566637 0.6240983577266482 0
3516 0.8466723282409756 0.6240918408433345 0
3517 0.8218834802723517 0.624104874609962 0
3518 0.8250464990345008 0.6142787256116637 0
3519 0.8498353470031248 0.6142656918450363 0
3520 0.8279518667323653 0.6437506557232446 0
3521 0.8155574427480534 0.6437571726065584 0
3522 0.8187204615102026 0.6339310236082601 0
3523 0.8031630187637415 0.6437636894898722 0
3524 0.8094890562880397 0.6241113914932757 0
3525 0.8406039417809619 0.6044460597300518 0
3526 0.8529983657652739 0.6044395428467381 0
3527 0.82820951779665 0.6044525766133656 0
3528 0.8313725365587992 0.5946264276150673 0
3529 0.8158150938123381 0.6044590934966794 0
3530 0.8221411313366362 0.5848067955000829 0
3531 0.8345355553209483 0.5848002786167692 0
3532 0.1224182414600246 0.3563658177101746 0
3533 0.1100153912365228 0.3563869292677289 0
3534 0.1348210916835263 0.3563447061526203 0
3535 0.1316564344859575 0.3661736930041679 0
3536 0.147223941907028 0.356323594595066 0
3537 0.1408946275118904 0.3759815682981612 0
3538 0.1284917772883886 0.3760026798557155 0
3539 0.1596267921305297 0.3563024830375117 0
3540 0.1564621349329609 0.3661314698890593 0
3541 0.1657003279588938 0.3759393451830526 0
3542 0.153297477735392 0.3759604567406069 0
3543 0.1781031781823955 0.3759182336254983 0
3544 0.1749385209848267 0.3857472204770459 0
3545 0.1501328205378232 0.3857894435921545 0
3546 0.1720296423540315 0.3562813714799574 0
3547 0.1844324925775332 0.3562602599224031 0
3548 0.1812678353799643 0.3660892467739507 0
3549 0.196835342801035 0.3562391483648488 0
3550 0.1905060284058973 0.375897122067944 0
3551 0.159371013563756 0.3955973188861478 0
3552 0.1469681633402544 0.3956184304437021 0
3553 0.1717738637872578 0.3955762073285935 0
3554 0.168609206589689 0.4054051941801411 0
3555 0.1841767140107596 0.3955550957710392 0
3556 0.1778473996156218 0.4152130694741344 0
3557 0.1654445493921201 0.4152341810316887 0
3558 0.4375002452197089 0.7401934930638476 0
3559 0.4312502452196186 0.7293681755164259 0
3560 0.4437500000015168 0.729367061317473 0
3561 0.4187504904377204 0.7293692897153786 0
3562 0.4250002452195284 0.7185428579690041 0
3563 0.4125007356559126 0.7401957214617532 0
3564 0.4062507356558223 0.7293704039143314 0
3565 0.4187502452194381 0.7077175404215823 0
3566 0.4312500000013363 0.7077164262226294 0
3567 0.3937509808739241 0.7293715181132843 0
3568 0.400000735655732 0.7185450863669096 0
3569 0.3937507356556418 0.7077197688194878 0
3570 0.4062504904375399 0.7077186546205351 0
3571 0.3812509808737437 0.7077208830184407 0
3572 0.3875007356555515 0.6968944512720661 0
3573 0.4125002452193478 0.6968922228741605 0
3574 0.3875012260921162 0.7401979498596588 0
3575 0.381251226092026 0.729372632312237 0
3576 0.3687514713101279 0.7293737465111898 0
3577 0.3750012260919358 0.7185473147648153 0
3578 0.36250171652832 0.7402001782575645 0
3579 0.3562517165282297 0.7293748607101427 0
3580 0.3687512260918455 0.7077219972173935 0
3581 0.4062502452192576 0.6860669053267388 0
3582 0.4187500000011558 0.6860657911277859 0
3583 0.3937504904373594 0.6860680195256915 0
3584 0.4000002452191673 0.675241587779317 0
3585 0.3812507356554613 0.6860691337246443 0
3586 0.3937502452190771 0.6644162702318952 0
3587 0.4062500000009752 0.6644151560329423 0
3588 0.4500000000014821 0.7185417437701463 0
3589 0.4562500000015723 0.7293670613175681 0
3590 0.4437500000013918 0.7077164262227246 0
3591 0.4562500000014473 0.7077164262228197 0
3592 0.4375000000013015 0.6968911086753028 0
3593 0.4625000000014127 0.6968911086754932 0
3594 0.4687500000015029 0.707716426222915 0
3595 0.4312500000012113 0.686065791127881 0
3596 0.4437500000012669 0.6860657911279762 0
3597 0.4500000000012322 0.6752404735806496 0
3598 0.4562500000013224 0.6860657911280714 0
3599 0.4437500000011419 0.6644151560332279 0
3600 0.4562500000011974 0.664415156033323 0
3601 0.468750000001378 0.6860657911281666 0
3602 0.425000000001121 0.6752404735804592 0
3603 0.4187500000010308 0.6644151560330375 0
3604 0.4312500000010864 0.6644151560331326 0
3605 0.4125000000009406 0.6535898384856157 0
3606 0.4375000000010516 0.6535898384858061 0
3607 0.4750000000013432 0.6752404735808399 0
3608 0.4812500000014335 0.6860657911282617 0
3609 0.468750000001253 0.6644151560334182 0
3610 0.4812500000013086 0.6644151560335134 0
3611 0.4625000000011628 0.6535898384859964 0
3612 0.4875000000012739 0.6535898384861868 0
3613 0.4937500000013642 0.6644151560336086 0
3614 0.3062605443809586 0.8160175122526644 0
3615 0.3187593591600388 0.8160121269575435 0
3616 0.3125105852506869 0.8268430154998503 0
3617 0.3250081330693906 0.8051812384152368 0
3618 0.3312581739391189 0.8160067416624228 0
3619 0.3187580921996623 0.7943557351680509 0
3620 0.3312569069787425 0.7943503498729301 0
3621 0.3437569887181991 0.8160013563673021 0
3622 0.3375082148088472 0.8268322449096088 0
3623 0.3375056808880944 0.7835194613306233 0
3624 0.3437557217578227 0.7943449645778093 0
3625 0.3562545365369028 0.7943395792826886 0
3626 0.350005762627551 0.8051704678249954 0
3627 0.3625033104462547 0.7835086907403819 0
3628 0.368753351315983 0.7943341939875679 0
3629 0.3562558034972793 0.8159959710721814 0
3630 0.3312556400183661 0.7726939580834374 0
3631 0.3437544547974463 0.7726885727883166 0
3632 0.3500032287067981 0.7618576842460099 0
3633 0.3562532695765264 0.7726831874931959 0
3634 0.3437531878370699 0.751032180998824 0
3635 0.35625200261615 0.7510267957037031 0
3636 0.3687520843556066 0.7726778021980751 0
3637 0.3687546182763594 0.8159905857770606 0
3638 0.3625058443670076 0.8268214743193674 0
3639 0.3750033921857113 0.8051596972347539 0
3640 0.3812534330554396 0.8159852004819398 0
3641 0.3812521660950632 0.7943288086924472 0
3642 0.3937522478345198 0.8159798151868189 0
3643 0.3875034739251679 0.8268107037291257 0
3644 0.3687517573980482 0.7510256815047504 0
3645 0.3812515121799464 0.7510245673057976 0
3646 0.3750017982677765 0.7618511847519364 0
3647 0.3937512669618446 0.7510234531068448 0
3648 0.3812518391375048 0.7726766879991224 0
3649 0.4062510217437427 0.7510223389078921 0
3650 0.4000013078315728 0.7618489563540307 0
3651 0.4062513487013011 0.7726744596012167 0
3652 0.393751593919403 0.7726755738001696 0
3653 0.4187511034831993 0.7726733454022638 0
3654 0.4125013895710294 0.7834999628484027 0
3655 0.3875018800072331 0.7835021912463083 0
3656 0.4187507765256409 0.7510212247089392 0
3657 0.431250531307539 0.7510201105099863 0
3658 0.4250008173953692 0.7618467279561252 0
3659 0.4437502860894371 0.7510189963110335 0
3660 0.4312508582650975 0.7726722312033111 0
3661 0.3937519208769613 0.7943276944934943 0
3662 0.4062516756588595 0.7943265802945414 0
3663 0.4000019617466897 0.8051531977406803 0
3664 0.4187514304407577 0.7943254660955886 0
3665 0.4062520026164179 0.8159787009878662 0
3666 0.5937500000019516 0.6644151560350013 0
3667 0.5812500000018714 0.6644151560348163 0
3668 0.5875000000018903 0.6535898384875769 0
3669 0.5750000000018525 0.6752404735820556 0
3670 0.5687500000017913 0.6644151560346312 0
3671 0.5812500000019136 0.6860657911294799 0
3672 0.5687500000018335 0.6860657911292949 0
3673 0.5562500000017112 0.6644151560344462 0
3674 0.5625000000017301 0.653589838487207 0
3675 0.5625000000018145 0.6968911086765341 0
3676 0.5562500000017534 0.6860657911291098 0
3677 0.5437500000016733 0.6860657911289247 0
3678 0.5500000000016922 0.6752404735816855 0
3679 0.5375000000016543 0.696891108676164 0
3680 0.5312500000015932 0.6860657911287398 0
3681 0.5437500000016311 0.6644151560342613 0
3682 0.5687500000018757 0.7077164262239584 0
3683 0.5562500000017956 0.7077164262237734 0
3684 0.5500000000017766 0.7185417437710127 0
3685 0.5437500000017155 0.7077164262235883 0
3686 0.5562500000018378 0.7293670613184369 0
3687 0.5437500000017577 0.7293670613182519 0
3688 0.5312500000016354 0.7077164262234032 0
3689 0.531250000001551 0.6644151560340763 0
3690 0.5375000000015698 0.653589838486837 0
3691 0.525000000001532 0.6752404735813156 0
3692 0.5187500000014709 0.6644151560338912 0
3693 0.5187500000015131 0.6860657911285548 0
3694 0.5062500000013908 0.6644151560337062 0
3695 0.5125000000014096 0.6535898384864669 0
3696 0.5375000000017923 0.7401923788655784 0
3697 0.5312500000017312 0.7293670613181542 0
3698 0.5187500000017047 0.7293670613180565 0
3699 0.52500000000167 0.71854174377073 0
3700 0.5125000000017393 0.740192378865383 0
3701 0.5062500000016782 0.7293670613179588 0
3702 0.5187500000016089 0.7077164262233057 0
3703 0.4937500000016517 0.7293670613178611 0
3704 0.500000000001617 0.7185417437705346 0
3705 0.4937500000015559 0.7077164262231103 0
3706 0.5062500000015824 0.707716426223208 0
3707 0.4812500000015293 0.7077164262230127 0
3708 0.4875000000014947 0.6968911086756859 0
3709 0.5125000000015477 0.6968911086758813 0
3710 0.4875000000016864 0.7401923788651878 0
3711 0.4812500000016252 0.7293670613177635 0
3712 0.4687500000015988 0.7293670613176658 0
3713 0.4750000000015641 0.7185417437703392 0
3714 0.4625000000016335 0.7401923788649925 0
3715 0.5062500000014866 0.6860657911284571 0
3716 0.49375000000146 0.6860657911283594 0
3717 0.5000000000014253 0.6752404735810329 0
3718 0.8188372506438504 0.0105818359391335 0
3719 0.8063372506438173 0.0105818359391335 0
3720 0.8313372506438832 0.0105818359391335 0
3721 0.8251745012881944 0.02116367187826701 0
3722 0.8438372506439162 0.0105818359391335 0
3723 0.8315117519325383 0.03174550781740051 0
3724 0.8190117519325055 0.03174550781740051 0
3725 0.8563372506439491 0.0105818359391335 0
3726 0.8501745012882602 0.02116367187826701 0
3727 0.8565117519326042 0.03174550781740051 0
3728 0.8440117519325714 0.03174550781740051 0
3729 0.8690117519326372 0.03174550781740051 0
3730 0.8628490025769483 0.04232734375653401 0
3731 0.8378490025768824 0.04232734375653401 0
3732 0.8688372506439821 0.0105818359391335 0
3733 0.8813372506440149 0.0105818359391335 0
3734 0.8751745012883261 0.02116367187826701 0
3735 0.893837250644048 0.0105818359391335 0
3736 0.8815117519326701 0.03174550781740051 0
3737 0.8441862532212264 0.05290917969566751 0
3738 0.8316862532211935 0.05290917969566751 0
3739 0.8566862532212594 0.05290917969566751 0
3740 0.8505235038655704 0.06349101563480102 0
3741 0.8691862532212923 0.05290917969566751 0
3742 0.8568607545099145 0.07407285157393452 0
3743 0.8443607545098815 0.07407285157393452 0
3744 0.3437514713103871 0.9025788272683007 0
3745 0.3500017573982128 0.8917548096198471 0
3746 0.3562502860894672 0.9025734419731799 0
3747 0.3437532287069585 0.8809361772665143 0
3748 0.3562520434860387 0.8809307919713936 0
3749 0.3312544139278784 0.8809415625616351 0
3750 0.3375047000157042 0.8701175449131815 0
3751 0.3625023295738645 0.87010677432294 0
3752 0.3687508582651188 0.8809254066762728 0
3753 0.3312561713244498 0.8592989125598487 0
3754 0.34375498610353 0.859293527264728 0
3755 0.3500052721913559 0.8484695096162744 0
3756 0.3562538008826102 0.8592881419696072 0
3757 0.3437567435001015 0.8376508772629416 0
3758 0.3562555582791817 0.8376454919678209 0
3759 0.3687526156616904 0.8592827566744865 0
3760 0.3187573565453697 0.8593042978549695 0
3761 0.3250076426331955 0.8484802802065159 0
3762 0.3187591139419412 0.8376616478531831 0
3763 0.3312579287210214 0.8376562625580624 0
3764 0.306260299162861 0.8376670331483039 0
3765 0.3750029017495162 0.848458739026033 0
3766 0.3812514304407705 0.8592773713793658 0
3767 0.3687543730582619 0.8376401066727002 0
3768 0.3812531878373421 0.8376347213775793 0
3769 0.3937520026164222 0.8376293360824585 0
3770 0.7562499999993435 0.07577722283140473 0
3771 0.768837250643706 0.0755337412231947 0
3772 0.7625872506436875 0.08635905877053823 0
3773 0.7750872506437246 0.06470842367585117 0
3774 0.7814245012880687 0.07529025961498467 0
3775 0.7687499999993805 0.05412658773671766 0
3776 0.7813372506437433 0.05388310612850764 0
3777 0.7940117519324312 0.07504677800677464 0
3778 0.7877617519324127 0.08587209555411818 0
3779 0.7875872506437618 0.0430577885811641 0
3780 0.7939245012881058 0.05363962452029761 0
3781 0.8065117519324683 0.05339614291208758 0
3782 0.8002617519324497 0.06422146045943111 0
3783 0.8127617519324869 0.04257082536474404 0
3784 0.819099002576831 0.05315266130387755 0
3785 0.8065990025767937 0.07480329639856462 0
3786 0.7812499999994178 0.0324759526420306 0
3787 0.7938372506437803 0.03223247103382057 0
3788 0.8000872506437988 0.02140715348647704 0
3789 0.8064245012881428 0.03198898942561054 0
3790 0.7937499999994548 0.01082531754734353 0
3791 0.8191862532211565 0.07455981479035459 0
3792 0.8129362532211378 0.08538513233769812 0
3793 0.825436253221175 0.06373449724301106 0
3794 0.831773503865519 0.07431633318214456 0
3795 0.8381107545098629 0.08489816912127807 0
3796 0.80703682722634 0.1700727458039577 0
3797 0.8114759596954146 0.1579049491350034 0
3798 0.8033278415201268 0.1459806340742593 0
3799 0.8159150921644893 0.1457371524660492 0
3800 0.7907405908757643 0.1462241156824693 0
3801 0.795179723344839 0.1340563190135151 0
3802 0.8203542246335641 0.1335693557970951 0
3803 0.7870316051695512 0.1221320039527709 0
3804 0.7996188558139137 0.1218885223445609 0
3805 0.8040579882829884 0.1097207256756066 0
3806 0.8122061064582762 0.1216450407363509 0
3807 0.7959098701077005 0.09779641061486238 0
3808 0.808497120752063 0.09755292900665238 0
3809 0.8247933571026389 0.1214015591281408 0
3810 0.7744443545251884 0.1223754855609809 0
3811 0.7788834869942632 0.1102076888920266 0
3812 0.7707353688189753 0.09828337383128245 0
3813 0.783322619463338 0.09803989222307241 0
3814 0.7581481181746128 0.09852685543949248 0
3815 0.8292324895717136 0.1092337624591866 0
3816 0.8210843713964258 0.09730944739844236 0
3817 0.8336716220407883 0.0970659657902323 0
3818 0.9894602007468005 0.5185032148979278 0
3819 0.9894602007468005 0.5060032148978962 0
3820 0.9894602007468005 0.5310032148979593 0
3821 0.978920401493601 0.5245064297971297 0
3822 0.9894602007468005 0.5435032148979909 0
3823 0.9683806022404016 0.5305096446963316 0
3824 0.9683806022404016 0.5180096446963001 0
3825 0.9894602007468005 0.5560032148980225 0
3826 0.978920401493601 0.5495064297971928 0
3827 0.9683806022404016 0.5555096446963947 0
3828 0.9683806022404016 0.5430096446963631 0
3829 0.9683806022404016 0.5680096446964262 0
3830 0.957840802987202 0.5615128595955966 0
3831 0.957840802987202 0.5365128595955335 0
3832 0.9894602007468005 0.568503214898054 0
3833 0.9894602007468005 0.5810032148980856 0
3834 0.978920401493601 0.574506429797256 0
3835 0.9894602007468005 0.5935032148981172 0
3836 0.9683806022404016 0.5805096446964578 0
3837 0.9473010037340024 0.5425160744947354 0
3838 0.9473010037340024 0.5300160744947038 0
3839 0.9473010037340024 0.555016074494767 0
3840 0.9367612044808029 0.5485192893939372 0
3841 0.9473010037340024 0.5675160744947985 0
3842 0.9262214052276034 0.5545225042931392 0
3843 0.9262214052276034 0.5420225042931076 0
3844 0.9277161454018912 0.458942092944807 0
3845 0.9275026110912787 0.4708107231374214 0
3846 0.9171763461486917 0.4649453078440089 0
3847 0.9378288760338657 0.4766761384308338 0
3848 0.9272890767806662 0.4826793533300358 0
3849 0.9483686752870651 0.4706729235316319 0
3850 0.9481551409764526 0.4825415537242463 0
3851 0.9270755424700536 0.4945479835226501 0
3852 0.9167492775274667 0.4886825682292377 0
3853 0.9584814059190395 0.4884069690176588 0
3854 0.94794160666584 0.4944101839168607 0
3855 0.9477280723552275 0.5062788141094751 0
3856 0.9374018074126406 0.5004133988160626 0
3857 0.9580543372978145 0.5121442294028875 0
3858 0.9475145380446151 0.5181474443020895 0
3859 0.9268620081594411 0.5064166137152645 0
3860 0.9690212051722391 0.4824037541184569 0
3861 0.9688076708616264 0.4942723843110713 0
3862 0.9791339358042135 0.5001377996044838 0
3863 0.968594136551014 0.5061410145036856 0
3864 0.989673735057413 0.4941345847052818 0
3865 0.9266484738488285 0.5182852439078789 0
3866 0.9163222089062416 0.5124198286144663 0
3867 0.9369747387914155 0.5241506592012913 0
3868 0.926434939538216 0.5301538741004932 0
3869 0.9158951402850165 0.5361570889996952 0
3870 0.3375088278542392 0.9134375707856157 0
3871 0.3312602991629849 0.9026189384322829 0
3872 0.3187691270155827 0.902659049596265 0
3873 0.3250117704717306 0.8918003060789501 0
3874 0.312526483559435 0.9135177931135798 0
3875 0.3062779548681806 0.902699160760247 0
3876 0.3187632417804762 0.8809816737256173 0
3877 0.2937867827207785 0.9027392719242291 0
3878 0.3000294261769262 0.8918805284069142 0
3879 0.2937808974856719 0.8810618960535814 0
3880 0.3062720696330741 0.8810217848895994 0
3881 0.2812897253382697 0.8811020072175635 0
3882 0.2875323687944176 0.8702432637002486 0
3883 0.3125147130892219 0.8701630413722845 0
3884 0.2875441392646306 0.913598015441544 0
3885 0.2812956105733763 0.9027793830882112 0
3886 0.2688044384259741 0.9028194942521933 0
3887 0.275047081882122 0.8919607507348783 0
3888 0.2625617949698263 0.9136782377695083 0
3889 0.256313266278572 0.9028596054161755 0
3890 0.2687985531908676 0.8811421183815455 0
3891 0.3062661843979675 0.8593444090189517 0
3892 0.2937750122505653 0.8593845201829338 0
3893 0.3000176557067132 0.8485257766656189 0
3894 0.2812838401031632 0.8594246313469158 0
3895 0.2937691270154589 0.8377071443122861 0
3896 0.6437499999986335 0.2489823035882512 0
3897 0.6499999999986737 0.238156986040971 0
3898 0.6562499999986546 0.2489823035882917 0
3899 0.6437499999986929 0.2273316684936504 0
3900 0.6562499999987141 0.2273316684936908 0
3901 0.6312499999986718 0.22733166849361 0
3902 0.6374999999987121 0.2165063509463298 0
3903 0.6624999999987544 0.2165063509464106 0
3904 0.6687499999987352 0.2273316684937312 0
3905 0.6312499999987313 0.2056810333990092 0
3906 0.6437499999987524 0.2056810333990496 0
3907 0.6499999999987928 0.1948557158517694 0
3908 0.6562499999987736 0.2056810333990899 0
3909 0.6437499999988119 0.1840303983044488 0
3910 0.656249999998833 0.1840303983044891 0
3911 0.6687499999987947 0.2056810333991304 0
3912 0.6187499999987101 0.2056810333989688 0
3913 0.6249999999987504 0.1948557158516886 0
3914 0.6187499999987696 0.184030398304368 0
3915 0.6312499999987907 0.1840303983044084 0
3916 0.6062499999987484 0.1840303983043275 0
3917 0.6124999999987887 0.1732050807570473 0
3918 0.637499999998831 0.1732050807571281 0
3919 0.6749999999988351 0.1948557158518501 0
3920 0.681249999998816 0.2056810333991707 0
3921 0.6687499999988542 0.1840303983045295 0
3922 0.6812499999988754 0.1840303983045699 0
3923 0.6624999999988733 0.1732050807572089 0
3924 0.6874999999989156 0.1732050807572897 0
3925 0.6937499999988965 0.1840303983046103 0
3926 0.3937500000016615 0.9891746824527041 0
3927 0.4000000000017224 0.9783493649054571 0
3928 0.4062500000017254 0.9891746824527529 0
3929 0.3937500000017196 0.9675240473581612 0
3930 0.4062500000017835 0.9675240473582098 0
3931 0.3812500000016558 0.9675240473581126 0
3932 0.3875000000017167 0.9566987298108653 0
3933 0.4125000000018444 0.9566987298109628 0
3934 0.4187500000018473 0.9675240473582586 0
3935 0.3812500000017139 0.9458734122635696 0
3936 0.3937500000017777 0.9458734122636183 0
3937 0.4000000000018388 0.9350480947163711 0
3938 0.4062500000018416 0.9458734122636669 0
3939 0.3937500000018359 0.9242227771690753 0
3940 0.4062500000018997 0.924222777169124 0
3941 0.4187500000019054 0.9458734122637156 0
3942 0.36875000000165 0.945873412263521 0
3943 0.3750000000017111 0.9350480947162738 0
3944 0.3687500000017082 0.924222777168978 0
3945 0.381250000001772 0.9242227771690267 0
3946 0.3562500000016443 0.9242227771689293 0
3947 0.3625000000017052 0.9133974596216823 0
3948 0.3875000000018329 0.9133974596217795 0
3949 0.4250000000019665 0.9350480947164685 0
3950 0.4312500000019693 0.9458734122637643 0
3951 0.4187500000019636 0.9242227771691727 0
3952 0.4312500000020274 0.9242227771692213 0
3953 0.4125000000019606 0.9133974596218768 0
3954 0.4375000000020883 0.9133974596219741 0
3955 0.4437500000020912 0.9242227771692699 0
3956 0.6062499999988096 0.1623797632097131 0
3957 0.6187499999988308 0.1623797632097536 0
3958 0.6249999999988729 0.1515544456624598 0
3959 0.6312499999988519 0.162379763209794 0
3960 0.6187499999988939 0.1407291281151257 0
3961 0.631249999998915 0.1407291281151661 0
3962 0.6437499999988732 0.1623797632098344 0
3963 0.6374999999989571 0.1299038105678723 0
3964 0.6437499999989362 0.1407291281152064 0
3965 0.6562499999989573 0.1407291281152468 0
3966 0.6499999999989152 0.1515544456625406 0
3967 0.6624999999989994 0.1299038105679531 0
3968 0.6687499999989786 0.1407291281152873 0
3969 0.6562499999988942 0.1623797632098747 0
3970 0.6312499999989781 0.1190784930205381 0
3971 0.6437499999989993 0.1190784930205785 0
3972 0.6499999999990415 0.1082531754732848 0
3973 0.6562499999990205 0.119078493020619 0
3974 0.6437499999990624 0.09742785792595063 0
3975 0.6562499999990836 0.09742785792599104 0
3976 0.6687499999990416 0.1190784930206593 0
3977 0.6687499999989155 0.1623797632099152 0
3978 0.6749999999989575 0.1515544456626214 0
3979 0.6812499999989365 0.1623797632099556 0
3980 0.6812499999989996 0.1407291281153276 0
3981 0.6937499999989578 0.1623797632099959 0
3982 0.2793267785156892 0.8366724328403988 0
3983 0.2855694219718371 0.8258136893230839 0
3984 0.2730841350595414 0.8475311763577138 0
3985 0.2648844300159197 0.8356377213685116 0
3986 0.2668414916033936 0.8583899198750287 0
3987 0.2504420815161501 0.8346030098966244 0
3988 0.2566847249722979 0.8237442663793095 0
3989 0.2605988481472458 0.8692486633923435 0
3990 0.252399143103624 0.8573552084031415 0
3991 0.2379567946038544 0.8563204969312543 0
3992 0.2441994380600023 0.8454617534139394 0
3993 0.2317141511477066 0.8671792404485692 0
3994 0.2235144461040848 0.8552857854593672 0
3995 0.2359997330163805 0.8335682984247372 0
3996 0.254356204691098 0.8801074069096584 0
3997 0.2481135612349502 0.8909661504269734 0
3998 0.2399138561913284 0.8790726954377712 0
3999 0.2418709177788023 0.9018248939442883 0
4000 0.2254715076915587 0.8780379839658841 0
4001 0.2215573845166109 0.8325335869528501 0
4002 0.2278000279727587 0.8216748434355352 0
4003 0.2153147410604631 0.8433923304701649 0
4004 0.2071150360168412 0.8314988754809629 0
4005 0.2090720976043152 0.8542510739874799 0
4006 0.1926726875170716 0.8304641640090757 0
4007 0.1989153309732195 0.8196054204917609 0
4008 0.2376147620857066 0.9139189047535721 0
4009 0.2294150570420848 0.9020254497643699 0
4010 0.2169591963053674 0.9022260055844515 0
4011 0.221215351998463 0.8901319947751678 0
4012 0.2127030406122717 0.9143200163937353 0
4013 0.2045033355686499 0.9024265614045333 0
4014 0.2130156469548413 0.8782385397859658 0
4015 0.1920474748319325 0.902627117224615 0
4016 0.1963036305250281 0.8905331064153312 0
4017 0.1881039254814064 0.8786396514261291 0
4018 0.2005597862181238 0.8784390956060475 0
4019 0.1756480647446889 0.8788402072462107 0
4020 0.1799042204377846 0.866746196436927 0
4021 0.2048159419112195 0.8663450847967638 0
4022 0.1877913191388368 0.9147211280338987 0
4023 0.179591614095215 0.9028276730446966 0
4024 0.1671357533584976 0.9030282288647782 0
4025 0.1713919090515932 0.8909342180554944 0
4026 0.1628795976654019 0.9151222396740619 0
4027 0.1966162368675977 0.8544516298075615 0
4028 0.1841603761308803 0.8546521856276432 0
4029 0.1884165318239759 0.8425581748183595 0
4030 0.7062499999989853 0.1623797632100074 0
4031 0.7206481181743216 0.1634787607234289 0
4032 0.7143981181742731 0.1743040782707516 0
4033 0.7268981181743702 0.1526534431761061 0
4034 0.7350462363496582 0.1645777582368503 0
4035 0.7187499999990823 0.140729128115362 0
4036 0.7331481181744188 0.1418281256287834 0
4037 0.7494443545249945 0.1656767557502718 0
4038 0.743194354524946 0.1765020732975945 0
4039 0.7393981181744673 0.1310028080814607 0
4040 0.7475462363497551 0.1429271231422049 0
4041 0.7619443545250915 0.1440261206556264 0
4042 0.755694354525043 0.1548514382029491 0
4043 0.76819435452514 0.1332008031083037 0
4044 0.7763424727004278 0.1451251181690479 0
4045 0.7638424727003308 0.1667757532636933 0
4046 0.7312499999991795 0.1190784930207165 0
4047 0.7456481181745158 0.120177490534138 0
4048 0.7518981181745643 0.1093521729868152 0
4049 0.7600462363498521 0.1212764880475594 0
4050 0.7437499999992765 0.09742785792607098 0
4051 0.7782405908756671 0.1678747507771148 0
4052 0.7719905908756186 0.1787000683244375 0
4053 0.7844905908757157 0.157049433229792 0
4054 0.7926387090510036 0.1689737482905362 0
4055 0.8007868272262915 0.1808980633512804 0
4056 0.9887373147640726 0.707436233403302 0
4057 0.9761317387485835 0.7016284463311083 0
4058 0.9873944239845109 0.6941922129270164 0
4059 0.9648690535126562 0.7090646797352003 0
4060 0.9635261627330947 0.6958206592589146 0
4061 0.9662119442922177 0.722308700211486 0
4062 0.9536063682767288 0.7165009131392922 0
4063 0.9509205867176056 0.6900128721867209 0
4064 0.962183271953533 0.6825766387826289 0
4065 0.9423436830408014 0.7239371465433841 0
4066 0.9410007922612398 0.7106931260670986 0
4067 0.9283952162457507 0.7048853389949048 0
4068 0.9396579014816782 0.6974491055908129 0
4069 0.9171325310098233 0.7123215723989968 0
4070 0.9157896402302617 0.6990775519227111 0
4071 0.9383150107021165 0.6842050851145272 0
4072 0.943686573820363 0.7371811670196698 0
4073 0.931080997804874 0.7313733799474762 0
4074 0.9198183125689465 0.7388096133515681 0
4075 0.9184754217893849 0.7255655928752824 0
4076 0.9211612033485082 0.7520536338278538 0
4077 0.9257094346866275 0.6783972980423335 0
4078 0.9369721199225549 0.6709610646382416 0
4079 0.9144467494507 0.6858335314464254 0
4080 0.9131038586711384 0.6725895109701397 0
4081 0.9117609678915768 0.659345490493854 0
4082 0.5187499999987484 0.01082531754731133 0
4083 0.5062499999987168 0.01082531754731133 0
4084 0.5312499999987799 0.01082531754731133 0
4085 0.5249999999987707 0.02165063509462265 0
4086 0.5437499999988114 0.01082531754731133 0
4087 0.5312499999987932 0.03247595264193398 0
4088 0.5187499999987616 0.03247595264193398 0
4089 0.5562499999988429 0.01082531754731133 0
4090 0.5499999999988339 0.02165063509462265 0
4091 0.5562499999988563 0.03247595264193398 0
4092 0.5437499999988247 0.03247595264193398 0
4093 0.5687499999988879 0.03247595264193398 0
4094 0.5624999999988787 0.0433012701892453 0
4095 0.5374999999988156 0.0433012701892453 0
4096 0.5687499999988745 0.01082531754731133 0
4097 0.5812499999989061 0.01082531754731133 0
4098 0.5749999999988969 0.02165063509462265 0
4099 0.5937499999989377 0.01082531754731133 0
4100 0.5812499999989194 0.03247595264193398 0
4101 0.543749999998838 0.05412658773655663 0
4102 0.5312499999988064 0.05412658773655663 0
4103 0.5562499999988696 0.05412658773655663 0
4104 0.5499999999988604 0.06495190528386795 0
4105 0.5687499999989012 0.05412658773655663 0
4106 0.5562499999988828 0.07577722283117927 0
4107 0.5437499999988513 0.07577722283117927 0
4108 0.5624999999989027 0.08660254037851137 0
4109 0.5687499999988893 0.09742785792582588 0
4110 0.5562499999988604 0.09742785792580511 0
4111 0.5812499999989182 0.09742785792584668 0
4112 0.574999999998876 0.1082531754731404 0
4113 0.5874999999989603 0.08660254037855294 0
4114 0.5937499999989471 0.09742785792586747 0
4115 0.5812499999988627 0.119078493020455 0
4116 0.5687499999988339 0.1190784930204341 0
4117 0.6062499999989759 0.09742785792588826 0
4118 0.5999999999989337 0.108253175473182 0
4119 0.6062499999989204 0.1190784930204966 0
4120 0.5937499999988916 0.1190784930204757 0
4121 0.6187499999989492 0.1190784930205173 0
4122 0.6124999999989071 0.1299038105678111 0
4123 0.5874999999988495 0.1299038105677695 0
4124 0.6124999999990179 0.08660254037859452 0
4125 0.6187499999990047 0.09742785792590905 0
4126 0.6312499999990335 0.09742785792592984 0
4127 0.6249999999989915 0.1082531754732236 0
4128 0.6374999999990756 0.08660254037863607 0
4129 0.5937499999988363 0.140729128115084 0
4130 0.5812499999988074 0.1407291281150632 0
4131 0.6062499999988651 0.1407291281151049 0
4132 0.5999999999988229 0.1515544456623986 0
4133 0.5937499999987808 0.1623797632096924 0
4134 0.3437500000015923 0.9242227771689293 0
4135 0.3312588278541901 0.9242628883329115 0
4136 0.325008827854141 0.9350882058802072 0
4137 0.3187676557067879 0.9243029994968935 0
4138 0.331250000001494 0.945873412263521 0
4139 0.3187588278540918 0.945913523427503 0
4140 0.3062764835593858 0.9243431106608756 0
4141 0.3125088278540427 0.9567388409747988 0
4142 0.3062676557066897 0.9459536345914852 0
4143 0.2937764835592875 0.9459937457554672 0
4144 0.3000264835593366 0.9351684282081714 0
4145 0.2875264835592384 0.9568190633027631 0
4146 0.2812853114118853 0.9460338569194493 0
4147 0.2937853114119837 0.9243832218248578 0
4148 0.3187500000013958 0.9675240473581126 0
4149 0.3062588278539936 0.9675641585220947 0
4150 0.3000088278539444 0.9783894760693905 0
4151 0.2937676557065914 0.9676042696860767 0
4152 0.3062500000012974 0.9891746824527041 0
4153 0.2937588278538953 0.9892147936166863 0
4154 0.2812764835591892 0.9676443808500589 0
4155 0.2812941392645815 0.9244233329888398 0
4156 0.2750441392645324 0.9352486505361357 0
4157 0.2688029671171793 0.9244634441528219 0
4158 0.2687941392644832 0.9460739680834315 0
4159 0.2563117949697772 0.9245035553168041 0
4160 0.6683874206118452 0.2491916388949234 0
4161 0.6621374206118049 0.2600169564422036 0
4162 0.6746374206118855 0.2383663213476431 0
4163 0.6805248412250358 0.249400974201555 0
4164 0.6808874206119258 0.2275410038003629 0
4165 0.6926622618382262 0.2496103095081867 0
4166 0.6864122618381858 0.260435627055467 0
4167 0.687137420611966 0.2167156862530826 0
4168 0.6930248412251163 0.2277503391069945 0
4169 0.7051622618383068 0.2279596744136262 0
4170 0.6989122618382665 0.2387849919609065 0
4171 0.7114122618383472 0.217134356866346 0
4172 0.7172996824514972 0.2281690097202579 0
4173 0.7047996824514167 0.2498196448148184 0
4174 0.6933874206120064 0.2058903687058024 0
4175 0.6996374206120467 0.1950650511585222 0
4176 0.7055248412251969 0.2060997040124341 0
4177 0.705887420612087 0.184239733611242 0
4178 0.7176622618383874 0.2063090393190657 0
4179 0.7169371030646072 0.25002898012145 0
4180 0.7106871030645669 0.2608542976687303 0
4181 0.7231871030646475 0.2392036625741698 0
4182 0.7290745236777978 0.2502383154280816 0
4183 0.7294371030646878 0.2283783450268895 0
4184 0.7412119442909882 0.2504476507347133 0
4185 0.7349619442909479 0.2612729682819935 0
4186 0.9211612033485082 0.7645536338278867 0
4187 0.921627839142524 0.776477991709136 0
4188 0.9328905243784514 0.781541758305077 0
4189 0.9220944749365398 0.7884023495903854 0
4190 0.943686573820363 0.7746811670197686 0
4191 0.9441532096143788 0.786605524901018 0
4192 0.9225611107305557 0.8003267074716347 0
4193 0.9554158948503062 0.791669291496959 0
4194 0.9446198454083946 0.7985298827822673 0
4195 0.9450864812024105 0.8104542406635167 0
4196 0.933823795966483 0.8053904740675757 0
4197 0.9563491664383378 0.8155180072594577 0
4198 0.9455531169964262 0.822378598544766 0
4199 0.9230277465245715 0.812251065352884 0
4200 0.9662119442922177 0.7848087002116506 0
4201 0.9666785800862335 0.7967330580929 0
4202 0.977941265322161 0.8017968246888407 0
4203 0.9671452158802494 0.8086574159741492 0
4204 0.9887373147640726 0.7949362334035324 0
4205 0.9892039505580884 0.8068605912847817 0
4206 0.9676118516742652 0.8205817738553984 0
4207 0.9234943823185873 0.8241754232341334 0
4208 0.9347570675545147 0.8292391898300744 0
4209 0.9239610181126031 0.8360997811153827 0
4210 0.946019752790442 0.8343029564260154 0
4211 0.924427653906619 0.8480241389966321 0
4212 0.4374999999987039 0.2598076211351174 0
4213 0.4312600716483611 0.2489881184574408 0
4214 0.4437600716483528 0.2489881184574608 0
4215 0.4187600716483695 0.248988118457421 0
4216 0.4250201432980183 0.2381686157797644 0
4217 0.4124999999987205 0.2598076211350775 0
4218 0.4062600716483777 0.248988118457401 0
4219 0.4187802149476756 0.2273491131020879 0
4220 0.4312802149476672 0.2273491131021078 0
4221 0.3937600716483861 0.2489881184573812 0
4222 0.400020143298035 0.2381686157797246 0
4223 0.3937802149476922 0.2273491131020481 0
4224 0.4062802149476839 0.227349113102068 0
4225 0.3812802149477005 0.2273491131020282 0
4226 0.3875402865973494 0.2165296104243717 0
4227 0.4125402865973328 0.2165296104244115 0
4228 0.3874999999987371 0.2598076211350377 0
4229 0.3812600716483944 0.2489881184573612 0
4230 0.3687600716484026 0.2489881184573414 0
4231 0.3750201432980516 0.2381686157796848 0
4232 0.3624999999987537 0.2598076211349979 0
4233 0.356260071648411 0.2489881184573214 0
4234 0.3687802149477089 0.2273491131020083 0
4235 0.4063003582469901 0.205710107746735 0
4236 0.4188003582469818 0.2057101077467549 0
4237 0.3938003582469983 0.2057101077467152 0
4238 0.4000604298966473 0.1948906050690586 0
4239 0.3813003582470067 0.2057101077466952 0
4240 0.3938205015463045 0.1840711023913822 0
4241 0.4063205015462962 0.1840711023914021 0
4242 0.5687499999989117 0.07577722283120006 0
4243 0.5749999999989208 0.06495190528388872 0
4244 0.5812499999989406 0.07577722283122083 0
4245 0.58124999999893 0.05412658773657741 0
4246 0.5937499999989694 0.07577722283124162 0
4247 0.5874999999989392 0.04330127018926608 0
4248 0.5937499999989588 0.05412658773659819 0
4249 0.6062499999989877 0.05412658773661898 0
4250 0.5999999999989785 0.0649519052839303 0
4251 0.6124999999989968 0.04330127018930765 0
4252 0.6187499999990165 0.05412658773663976 0
4253 0.6062499999989983 0.07577722283126241 0
4254 0.5937499999989483 0.03247595264195476 0
4255 0.5999999999989574 0.02165063509464343 0
4256 0.6062499999989771 0.03247595264197554 0
4257 0.6062499999989666 0.01082531754733211 0
4258 0.6187499999990059 0.03247595264199633 0
4259 0.6187499999990271 0.07577722283128319 0
4260 0.6249999999990363 0.06495190528397186 0
4261 0.631249999999056 0.07577722283130398 0
4262 0.6312499999990454 0.05412658773666053 0
4263 0.6437499999990848 0.07577722283132475 0
4264 0.1813029671167617 0.9894153494367679 0
4265 0.1938029671168138 0.9894153494367679 0
4266 0.1688029671167097 0.9894153494367679 0
4267 0.1751059342327433 0.9788306988735359 0
4268 0.1563029671166576 0.9894153494367679 0
4269 0.1689089013487248 0.9682460483103039 0
4270 0.1814089013487768 0.9682460483103039 0
4271 0.1438029671166057 0.9894153494367679 0
4272 0.1501059342326392 0.9788306988735359 0
4273 0.1439089013486208 0.9682460483103039 0
4274 0.1564089013486727 0.9682460483103039 0
4275 0.1314089013485687 0.9682460483103039 0
4276 0.1377118684646023 0.9576613977470718 0
4277 0.1627118684647063 0.9576613977470718 0
4278 0.1313029671165536 0.9894153494367679 0
4279 0.1188029671165016 0.9894153494367679 0
4280 0.1251059342325352 0.9788306988735359 0
4281 0.1063029671164495 0.9894153494367679 0
4282 0.1189089013485166 0.9682460483103039 0
4283 0.1565148355806878 0.9470767471838397 0
4284 0.1690148355807398 0.9470767471838397 0
4285 0.1440148355806359 0.9470767471838397 0
4286 0.1503178026966694 0.9364920966206077 0
4287 0.1315148355805838 0.9470767471838397 0
4288 0.1441207698126509 0.9259074460573757 0
4289 0.156620769812703 0.9259074460573757 0
4290 0.01259714977632374 0.3933223817481733 0
4291 0.02313554465630111 0.3998215992947342 0
4292 0.01053839487997737 0.4064992175482253 0
4293 0.03573269443262485 0.393143981041243 0
4294 0.03367393953627848 0.4063208168412951 0
4295 0.03779144932897122 0.3799671452411911 0
4296 0.04832984420894859 0.3864663627877519 0
4297 0.04421233441625586 0.4128200343878559 0
4298 0.03161518463993211 0.419497652641347 0
4299 0.06092699398527232 0.3797887445342609 0
4300 0.05886823908892596 0.3929655803343128 0
4301 0.06940663396890333 0.3994647978808737 0
4302 0.05680948419257959 0.4061424161343648 0
4303 0.08200378374522707 0.3927871796273825 0
4304 0.07994502884888069 0.4059640154274345 0
4305 0.05475072929623322 0.4193192519344168 0
4306 0.06298574888161869 0.3666119087342089 0
4307 0.07352414376159606 0.3731111262807698 0
4308 0.08612129353791981 0.3664335080272786 0
4309 0.08406253864157343 0.3796103438273306 0
4310 0.08818004843426616 0.3532566722272267 0
4311 0.09871844331424354 0.3597558897737875 0
4312 0.0946009335215508 0.3861095613738914 0
4313 0.06528912417621059 0.4258184694809777 0
4314 0.05269197439988685 0.4324960877344687 0
4315 0.07788627395253434 0.4191408512274866 0
4316 0.07582751905618795 0.4323176870275385 0
4317 0.09048342372885806 0.4124632329739954 0
4318 0.08636591393616533 0.4388169045740994 0
4319 0.0737687641598416 0.4454945228275905 0
4320 0.4187499999989359 0.01082531754730167 0
4321 0.406249999998971 0.01082531754730167 0
4322 0.4312499999989009 0.01082531754730167 0
4323 0.424999999998932 0.02165063509460333 0
4324 0.4437499999988658 0.01082531754730167 0
4325 0.4312499999989282 0.032475952641905 0
4326 0.4187499999989632 0.032475952641905 0
4327 0.4562499999988307 0.01082531754730167 0
4328 0.4499999999988619 0.02165063509460333 0
4329 0.456249999998858 0.032475952641905 0
4330 0.4437499999988931 0.032475952641905 0
4331 0.4687499999988229 0.032475952641905 0
4332 0.462499999998854 0.04330127018920667 0
4333 0.4374999999989242 0.04330127018920667 0
4334 0.4687499999987956 0.01082531754730167 0
4335 0.4812499999987606 0.01082531754730167 0
4336 0.4749999999987917 0.02165063509460333 0
4337 0.4937499999987255 0.01082531754730167 0
4338 0.4812499999987878 0.032475952641905 0
4339 0.4437499999989204 0.05412658773650834 0
4340 0.4312499999989555 0.05412658773650834 0
4341 0.4562499999988853 0.05412658773650834 0
4342 0.4499999999989165 0.06495190528381001 0
4343 0.4687499999988502 0.05412658773650834 0
4344 0.4562499999989126 0.07577722283111167 0
4345 0.4437499999989477 0.07577722283111167 0
4346 0.2000617949695128 0.9786301430534543 0
4347 0.2062588278535312 0.9892147936166863 0
4348 0.1938647620854942 0.9680454924902222 0
4349 0.2063206228222117 0.9678449366701405 0
4350 0.1876677292014758 0.9574608419269901 0
4351 0.2125794506749107 0.9570597302868269 0
4352 0.2187764835589291 0.9676443808500589 0
4353 0.1814706963174573 0.9468761913637581 0
4354 0.1939265570541747 0.9466756355436765 0
4355 0.2001853849068737 0.9358904291603627 0
4356 0.2063824177908922 0.9464750797235948 0
4357 0.1939883520228553 0.9253057785971307 0
4358 0.2064442127595728 0.9251052227770491 0
4359 0.2188382785276096 0.9462745239035131 0
4360 0.1752736634334388 0.9362915408005261 0
4361 0.1690766305494204 0.925706890237294 0
4362 0.1815324912861379 0.9255063344172123 0
4363 0.2250971063803086 0.9354893175201995 0
4364 0.2312941392643271 0.9460739680834315 0
4365 0.2189000734962902 0.9249046669569674 0
4366 0.2313559342330077 0.9247041111368857 0
4367 0.2438117949697251 0.9245035553168041 0
4368 0.9887373147640726 0.7199362334033349 0
4369 0.9887373147640726 0.7324362334033678 0
4370 0.9774746295281451 0.7273724668074268 0
4371 0.9887373147640726 0.7449362334034006 0
4372 0.9662119442922177 0.7348087002115189 0
4373 0.9887373147640726 0.7574362334034337 0
4374 0.9774746295281451 0.7523724668074927 0
4375 0.9662119442922177 0.7598087002115848 0
4376 0.9662119442922177 0.7473087002115517 0
4377 0.9662119442922177 0.7723087002116176 0
4378 0.9549492590562904 0.7672449336156767 0
4379 0.9549492590562904 0.7422449336156108 0
4380 0.9887373147640726 0.7699362334034665 0
4381 0.9887373147640726 0.7824362334034995 0
4382 0.9774746295281451 0.7773724668075586 0
4383 0.943686573820363 0.7496811670197028 0
4384 0.943686573820363 0.7621811670197357 0
4385 0.9324238885844356 0.7571174004237947 0
4386 0.9873944239845109 0.606692212926786 0
4387 0.9768546247313115 0.6001954278259564 0
4388 0.9642490487158224 0.6068876407537955 0
4389 0.966314825478112 0.5936986427251267 0
4390 0.962183271953533 0.6200766387824644 0
4391 0.9516434727003334 0.6135798536816348 0
4392 0.9557750262249125 0.587201857624297 0
4393 0.9390378966848445 0.6202720666094739 0
4394 0.9411036734471339 0.6070830685808051 0
4395 0.9305638741939344 0.6005862834799753 0
4396 0.9431694502094234 0.5938940705521363 0
4397 0.9179582981784453 0.6072784964078146 0
4398 0.9200240749407349 0.5940894983791457 0
4399 0.945235226971713 0.5807050725234674 0
4400 0.9369721199225549 0.6334610646381428 0
4401 0.9264323206693554 0.6269642795373132 0
4402 0.9138267446538664 0.6336564924651523 0
4403 0.915892521416156 0.6204674944364834 0
4404 0.9117609678915768 0.6468454904938212 0
4405 0.9012211686383773 0.6403487053929915 0
4406 0.9053527221629564 0.6139707093356538 0
4407 0.9346954277185134 0.5742082874226377 0
4408 0.9220898517030245 0.5809005003504768 0
4409 0.9241556284653138 0.567711502321808 0
4410 0.9094842756875354 0.5875927132783161 0
4411 0.9136158292121144 0.5612147172209783 0
4412 0.3562499999990549 0.07577722283099464 0
4413 0.3687499999990397 0.07577722283101136 0
4414 0.3624999999990511 0.08660254037829632 0
4415 0.3749999999990282 0.06495190528372641 0
4416 0.3812499999990244 0.07577722283102808 0
4417 0.3687499999990321 0.05412658773642474 0
4418 0.3812499999990168 0.05412658773644147 0
4419 0.393749999999009 0.07577722283104479 0
4420 0.3874999999990205 0.08660254037832975 0
4421 0.3874999999990053 0.04330127018915652 0
4422 0.3937499999990015 0.05412658773645819 0
4423 0.4062499999989861 0.0541265877364749 0
4424 0.3999999999989975 0.06495190528375985 0
4425 0.4124999999989747 0.04330127018918996 0
4426 0.4187499999989708 0.05412658773649161 0
4427 0.4062499999989936 0.07577722283106152 0
4428 0.3812499999990092 0.03247595264185485 0
4429 0.3937499999989939 0.03247595264187157 0
4430 0.3999999999989824 0.02165063509458661 0
4431 0.4062499999989785 0.03247595264188829 0
4432 0.3937499999989864 0.01082531754728495 0
4433 0.4187499999989783 0.07577722283107824 0
4434 0.4124999999989898 0.08660254037836318 0
4435 0.4249999999989669 0.06495190528379328 0
4436 0.431249999998963 0.07577722283109495 0
4437 0.4374999999989591 0.08660254037839663 0
4438 0.5499999999988461 0.1082531754731 0
4439 0.5437499999988593 0.0974278579257855 0
4440 0.5562499999988328 0.1190784930204145 0
4441 0.5437499999988318 0.1190784930203949 0
4442 0.5624999999988196 0.129903810567729 0
4443 0.5374999999988175 0.1299038105676898 0
4444 0.5312499999988307 0.1190784930203753 0
4445 0.5687499999988064 0.1407291281150437 0
4446 0.5562499999988053 0.140729128115024 0
4447 0.5499999999987909 0.151554445662319 0
4448 0.5437499999988042 0.1407291281150043 0
4449 0.5562499999987776 0.1623797632096335 0
4450 0.5437499999987765 0.1623797632096138 0
4451 0.5312499999988032 0.1407291281149848 0
4452 0.574999999998793 0.1515544456623582 0
4453 0.5812499999987797 0.1623797632096727 0
4454 0.5687499999987786 0.1623797632096531 0
4455 0.5874999999987665 0.1732050807569873 0
4456 0.5624999999987643 0.173205080756948 0
4457 0.5249999999987888 0.1515544456622797 0
4458 0.5187499999988021 0.1407291281149651 0
4459 0.5312499999987754 0.1623797632095942 0
4460 0.5187499999987744 0.1623797632095745 0
4461 0.5374999999987622 0.1732050807569087 0
4462 0.5124999999987601 0.1732050807568694 0
4463 0.5062499999987733 0.1623797632095549 0
4464 0.4937499999987511 0.1840303983041357 0
4465 0.4812600716484004 0.1840362131737452 0
4466 0.4875100716484083 0.1732108956264592 0
4467 0.4750100716483925 0.1948615307210311 0
4468 0.4687701432980497 0.1840420280433546 0
4469 0.4812499999987352 0.2056810333987076 0
4470 0.4687600716483845 0.205686848268317 0
4471 0.4562802149476989 0.1840478429129641 0
4472 0.4625302149477069 0.1732225253656782 0
4473 0.4625100716483766 0.216512165815603 0
4474 0.4562701432980338 0.2056926631379265 0
4475 0.4437802149476831 0.205698478007536 0
4476 0.450030214947691 0.1948731604602501 0
4477 0.4375302149476752 0.2165237955548219 0
4478 0.4312902865973324 0.2057042928771455 0
4479 0.4437902865973482 0.1840536577825736 0
4480 0.4687499999987194 0.2273316684932794 0
4481 0.4562600716483687 0.2273374833628888 0
4482 0.4500100716483607 0.2381628009101748 0
4483 0.4437701432980179 0.2273432982324984 0
4484 0.4562499999987035 0.2489823035878513 0
4485 0.4313003582469975 0.1840594726521831 0
4486 0.4375503582470055 0.1732341551048971 0
4487 0.4250503582469897 0.194884790199469 0
4488 0.4188104298966469 0.1840652875217925 0
4489 0.4125705015463041 0.1732457848441161 0
4490 0.01120370156193502 0.2926659293173413 0
4491 0.02380085133825876 0.2984883110639022 0
4492 0.01259714977632374 0.3058223817478092 0
4493 0.03500455290019377 0.2911542403799952 0
4494 0.0363980011145825 0.3043106928104631 0
4495 0.03361110468580505 0.2779977879495273 0
4496 0.0462082544621288 0.2838201696960882 0
4497 0.04899515089090624 0.310133074557024 0
4498 0.03779144932897122 0.317467145240931 0
4499 0.05741195602406381 0.2764860990121812 0
4500 0.05880540423845253 0.2896425514426492 0
4501 0.07140255401477627 0.2954649331892101 0
4502 0.06019885245284125 0.302799003873117 0
4503 0.08260625557671129 0.2881308625053031 0
4504 0.08399970379110001 0.3012873149357709 0
4505 0.06159230066722997 0.3159554563035849 0
4506 0.05601850780967509 0.2633296465817133 0
4507 0.06861565758599883 0.2691520283282742 0
4508 0.07981935914793385 0.2618179576443672 0
4509 0.08121280736232257 0.2749744100748352 0
4510 0.07842591093354513 0.2486615052138993 0
4511 0.07418945044355371 0.3217778380501458 0
4512 0.06298574888161869 0.3291119087340528 0
4513 0.08539315200548873 0.3144437673662388 0
4514 0.08678660021987745 0.3276002197967067 0
4515 0.08818004843426616 0.3407566722271746 0
4516 0.6624999999991321 0.08660254037866828 0
4517 0.6687499999991111 0.09742785792600245 0
4518 0.6812499999991386 0.09742785792601386 0
4519 0.6749999999990901 0.1082531754733366 0
4520 0.6874999999991872 0.08660254037869114 0
4521 0.6937499999991663 0.09742785792602529 0
4522 0.6812499999990691 0.1190784930206708 0
4523 0.7062499999991938 0.09742785792603673 0
4524 0.6999999999991453 0.1082531754733595 0
4525 0.7062499999991243 0.1190784930206936 0
4526 0.6937499999990968 0.1190784930206822 0
4527 0.7187499999991518 0.1190784930207051 0
4528 0.7124999999991033 0.1299038105680278 0
4529 0.6874999999990482 0.1299038105680049 0
4530 0.7124999999992423 0.08660254037871398 0
4531 0.7187499999992213 0.09742785792604816 0
4532 0.731249999999249 0.09742785792605957 0
4533 0.7249999999992004 0.1082531754733823 0
4534 0.7374999999992975 0.08660254037873684 0
4535 0.6937499999990273 0.1407291281153391 0
4536 0.7062499999990548 0.1407291281153505 0
4537 0.6999999999990063 0.1515544456626732 0
4538 0.4999999999987479 0.02165063509461299 0
4539 0.5062499999987704 0.03247595264192431 0
4540 0.4937499999987791 0.03247595264191466 0
4541 0.5124999999987927 0.04330127018923564 0
4542 0.4874999999988102 0.04330127018921633 0
4543 0.5187499999988152 0.05412658773654697 0
4544 0.5062499999988239 0.05412658773653731 0
4545 0.4999999999988551 0.06495190528383898 0
4546 0.4937499999988327 0.05412658773652765 0
4547 0.5062499999988777 0.07577722283115031 0
4548 0.4937499999988864 0.07577722283114065 0
4549 0.4812499999988414 0.054126587736518 0
4550 0.5249999999988376 0.0649519052838583 0
4551 0.53124999999886 0.07577722283116961 0
4552 0.5187499999988688 0.07577722283115997 0
4553 0.5374999999988825 0.08660254037848095 0
4554 0.5124999999989001 0.08660254037846163 0
4555 0.4749999999988727 0.06495190528381967 0
4556 0.4812499999988951 0.07577722283113099 0
4557 0.4687499999989039 0.07577722283112133 0
4558 0.4874999999989176 0.08660254037844231 0
4559 0.462499999998935 0.08660254037842299 0
4560 0.6683874206117457 0.2708422739895235 0
4561 0.6562499999985552 0.2706329386828918 0
4562 0.6805248412249363 0.2710516092961552 0
4563 0.6746374206116865 0.2816675915368434 0
4564 0.6926622618381267 0.2712609446027868 0
4565 0.6808874206116274 0.2924929090841634 0
4566 0.668749999998437 0.2922835737775317 0
4567 0.7047996824513172 0.2714702799094185 0
4568 0.6989122618380676 0.2820862621501068 0
4569 0.7051622618380085 0.2929115796974267 0
4570 0.6930248412248179 0.292702244390795 0
4571 0.717299682451199 0.2931209150040584 0
4572 0.7114122618379493 0.3037368972447466 0
4573 0.6871374206115684 0.3033182266314832 0
4574 0.7169371030645078 0.2716796152160502 0
4575 0.7290745236776983 0.2718889505226818 0
4576 0.7231871030644486 0.2825049327633701 0
4577 0.7412119442908888 0.2720982858293135 0
4578 0.7294371030643895 0.29333025031069 0
4579 0.6933874206115092 0.3141435441788032 0
4580 0.6812499999983186 0.3139342088721715 0
4581 0.7055248412246997 0.3143528794854349 0
4582 0.69963742061145 0.3249688617261232 0
4583 0.7176622618378902 0.3145622147920666 0
4584 0.7058874206113909 0.3357941792734431 0
4585 0.6937499999982004 0.3355848439668114 0
4586 0.7062499999992244 0.01082531754734353 0
4587 0.6999999999992113 0.02165063509467564 0
4588 0.6937499999991968 0.01082531754733211 0
4589 0.7062499999992256 0.03247595264201918 0
4590 0.6937499999991981 0.03247595264200775 0
4591 0.7187499999992532 0.0324759526420306 0
4592 0.71249999999924 0.04330127018936271 0
4593 0.6874999999991849 0.04330127018933985 0
4594 0.6812499999991705 0.03247595264199633 0
4595 0.7187499999992544 0.05412658773670624 0
4596 0.7062499999992268 0.05412658773669482 0
4597 0.6999999999992136 0.06495190528402692 0
4598 0.6937499999991992 0.05412658773668338 0
4599 0.706249999999228 0.07577722283137045 0
4600 0.6937499999992004 0.07577722283135903 0
4601 0.6812499999991717 0.05412658773667196 0
4602 0.7312499999992819 0.05412658773671766 0
4603 0.7249999999992687 0.06495190528404977 0
4604 0.7312499999992831 0.07577722283139331 0
4605 0.7187499999992555 0.07577722283138189 0
4606 0.7437499999993107 0.07577722283140473 0
4607 0.6749999999991585 0.06495190528400407 0
4608 0.6687499999991441 0.05412658773666053 0
4609 0.6812499999991728 0.07577722283134761 0
4610 0.6687499999991453 0.07577722283133617 0
4611 0.6562499999991177 0.07577722283132475 0
4612 0.3438104298966036 0.2490171928054428 0
4613 0.3500705015462525 0.2381976901277862 0
4614 0.343880931444094 0.2274072617982509 0
4615 0.3563305731959014 0.2273781874501296 0
4616 0.3314312896922866 0.2274363361463723 0
4617 0.3376913613419356 0.2166168334687157 0
4618 0.3625906448455504 0.2165586847724731 0
4619 0.3315017912397771 0.2058264051391805 0
4620 0.3439514329915845 0.2057973307910592 0
4621 0.3502115046412334 0.1949778281134026 0
4622 0.3564010747433919 0.2057682564429378 0
4623 0.3440219345390749 0.1841873997838674 0
4624 0.3564715762908823 0.1841583254357461 0
4625 0.3688507164951993 0.2057391820948166 0
4626 0.3190521494879697 0.2058554794873018 0
4627 0.3253122211376186 0.1950359768096452 0
4628 0.3191226510354601 0.18424554848011 0
4629 0.3315722927872675 0.1842164741319887 0
4630 0.3066730092836527 0.1842746228282312 0
4631 0.3129330809333016 0.1734551201505747 0
4632 0.3378323644369164 0.1733969714543321 0
4633 0.3751107881448482 0.19491967941716 0
4634 0.3689212180426897 0.1841292510876248 0
4635 0.3813708597944971 0.1841001767395035 0
4636 0.3627316479405312 0.1733388227580895 0
4637 0.387630931444146 0.1732806740618469 0
4638 0.9892039505580884 0.8193605912848146 0
4639 0.9892039505580884 0.8318605912848476 0
4640 0.9784079011161768 0.826221182570123 0
4641 0.9892039505580884 0.8443605912848805 0
4642 0.9676118516742652 0.8330817738554315 0
4643 0.9892039505580884 0.8568605912849134 0
4644 0.9784079011161768 0.8512211825701889 0
4645 0.9676118516742652 0.8580817738554973 0
4646 0.9676118516742652 0.8455817738554643 0
4647 0.9676118516742652 0.8705817738555301 0
4648 0.9568158022323536 0.8649423651408057 0
4649 0.9568158022323536 0.8399423651407398 0
4650 0.9892039505580884 0.8693605912849464 0
4651 0.9892039505580884 0.8818605912849793 0
4652 0.9784079011161768 0.8762211825702547 0
4653 0.9892039505580884 0.8943605912850122 0
4654 0.9676118516742652 0.8830817738555632 0
4655 0.946019752790442 0.8468029564260482 0
4656 0.946019752790442 0.8593029564260812 0
4657 0.9352237033485304 0.8536635477113567 0
4658 0.946019752790442 0.8718029564261141 0
4659 0.924427653906619 0.860524138996665 0
4660 0.9873944239845109 0.6191922129268189 0
4661 0.9873944239845109 0.6316922129268518 0
4662 0.974788847969022 0.6258844258546581 0
4663 0.9873944239845109 0.6441922129268847 0
4664 0.962183271953533 0.6325766387824974 0
4665 0.9873944239845109 0.6566922129269176 0
4666 0.974788847969022 0.6508844258547239 0
4667 0.962183271953533 0.6575766387825631 0
4668 0.962183271953533 0.6450766387825302 0
4669 0.962183271953533 0.670076638782596 0
4670 0.949577695938044 0.6642688517104023 0
4671 0.949577695938044 0.6392688517103365 0
4672 0.9873944239845109 0.6691922129269505 0
4673 0.9873944239845109 0.6816922129269835 0
4674 0.974788847969022 0.6758844258547897 0
4675 0.9369721199225549 0.6459610646381757 0
4676 0.9369721199225549 0.6584610646382086 0
4677 0.9243665439070659 0.6526532775660149 0
4678 0.3437517165282321 0.7293748607101598 0
4679 0.35000147131004 0.7185484289637852 0
4680 0.3437512260918502 0.7077219972174278 0
4681 0.3562512260918479 0.7077219972174107 0
4682 0.3312512260918525 0.707721997217445 0
4683 0.3375009808736604 0.6968955654710705 0
4684 0.3625009808736558 0.696895565471036 0
4685 0.3312507356554706 0.6860691337247129 0
4686 0.3437507356554683 0.6860691337246958 0
4687 0.3500004904372762 0.6752427019783211 0
4688 0.356250735655466 0.6860691337246787 0
4689 0.3437502452190864 0.6644162702319638 0
4690 0.3562502452190841 0.6644162702319466 0
4691 0.3687507356554637 0.6860691337246615 0
4692 0.318750735655473 0.6860691337247301 0
4693 0.3250004904372809 0.6752427019783556 0
4694 0.3187502452190911 0.664416270231998 0
4695 0.3312502452190887 0.6644162702319809 0
4696 0.3062502452190934 0.6644162702320152 0
4697 0.3125000000009014 0.6535898384856407 0
4698 0.3375000000008967 0.6535898384856063 0
4699 0.3750004904372716 0.675242701978287 0
4700 0.3687502452190818 0.6644162702319294 0
4701 0.3812502452190795 0.6644162702319123 0
4702 0.362500000000892 0.6535898384855721 0
4703 0.3875000000008874 0.6535898384855376 0
4704 0.6187499999989994 0.01082531754733211 0
4705 0.6312499999990323 0.01082531754733211 0
4706 0.6249999999990191 0.02165063509466422 0
4707 0.6437499999990652 0.01082531754733211 0
4708 0.6312499999990389 0.03247595264199633 0
4709 0.6562499999990982 0.01082531754733211 0
4710 0.649999999999085 0.02165063509466422 0
4711 0.6562499999991047 0.03247595264199633 0
4712 0.6437499999990718 0.03247595264199633 0
4713 0.6687499999991375 0.03247595264199633 0
4714 0.6624999999991243 0.04330127018932843 0
4715 0.6374999999990586 0.04330127018932843 0
4716 0.6687499999991311 0.01082531754733211 0
4717 0.6812499999991639 0.01082531754733211 0
4718 0.6749999999991507 0.02165063509466422 0
4719 0.6437499999990783 0.05412658773666053 0
4720 0.6562499999991112 0.05412658773666053 0
4721 0.649999999999098 0.06495190528399264 0
4722 0.2793179506630152 0.8149816865817375 0
4723 0.2937602991627848 0.8160163980536248 0
4724 0.2648756021632457 0.8139469751098503 0
4725 0.2730664793541934 0.8041496838403912 0
4726 0.2504332536634761 0.8129122636379631 0
4727 0.2668150080453716 0.7933176810990448 0
4728 0.2812573565451412 0.7943523925709319 0
4729 0.2359909051637065 0.8118775521660759 0
4730 0.2441817823546542 0.8020802608966167 0
4731 0.2379303110458323 0.7912482581552702 0
4732 0.252372659545602 0.7922829696271575 0
4733 0.2234879625460627 0.7902135466833831 0
4734 0.2316788397370105 0.7804162554139238 0
4735 0.2605635367365497 0.7824856783576983 0
4736 0.2215485566639369 0.8108428406941888 0
4737 0.2071062081641672 0.8098081292223016 0
4738 0.215297085355115 0.8000108379528423 0
4739 0.1926638596643976 0.8087734177504144 0
4740 0.2090456140462932 0.7891788352114959 0
4741 0.2543120654277279 0.7716536756163519 0
4742 0.2687544139274974 0.7726883870882391 0
4743 0.2398697169279582 0.7706189641444646 0
4744 0.248060594118906 0.7608216728750055 0
4745 0.2254273684281887 0.7695842526725774 0
4746 0.2418091228100842 0.749989670133659 0
4747 0.2562514713098538 0.7510243816055462 0
4748 0.3066730092836908 0.1626239877336438 0
4749 0.3191226510354982 0.1625949133855226 0
4750 0.3253122211376948 0.1517347066204706 0
4751 0.3315722927873055 0.1625658390374013 0
4752 0.3190521494880839 0.1409035742035398 0
4753 0.3315017912398913 0.1408744998554185 0
4754 0.344021934539113 0.16253676468928 0
4755 0.3376913613420878 0.1300142930903664 0
4756 0.3439514329916986 0.1408454255072972 0
4757 0.356401074743506 0.140816351159176 0
4758 0.3502115046413095 0.151676557924228 0
4759 0.3625906448457025 0.1299561443941239 0
4760 0.3688507164953134 0.1407872768110546 0
4761 0.3564715762909204 0.1625076903411588 0
4762 0.3314312896924769 0.1191831606734357 0
4763 0.3438809314442843 0.1191540863253144 0
4764 0.3500705015464807 0.1082938795602623 0
4765 0.3563305731960916 0.1191250119771931 0
4766 0.3438104298968699 0.0974627471433316 0
4767 0.3562600716486772 0.09743367279521034 0
4768 0.368780214947899 0.1190959376290718 0
4769 0.3689212180427278 0.1624786159930375 0
4770 0.3751107881449243 0.1516184092279854 0
4771 0.3813708597945351 0.1624495416449162 0
4772 0.3813003582471208 0.1407582024629334 0
4773 0.3938205015463425 0.1624204672967949 0
4774 0.01120370156193502 0.2801659293172893 0
4775 0.01120370156193502 0.2676659293172373 0
4776 0.02240740312387004 0.2728318586333823 0
4777 0.01120370156193502 0.2551659293171853 0
4778 0.03361110468580505 0.2654977879494753 0
4779 0.01120370156193502 0.2426659293171333 0
4780 0.02240740312387004 0.2478318586332783 0
4781 0.03361110468580505 0.2404977879493713 0
4782 0.03361110468580505 0.2529977879494233 0
4783 0.03361110468580505 0.2279977879493193 0
4784 0.04481480624774008 0.2331637172654643 0
4785 0.04481480624774008 0.2581637172655683 0
4786 0.01120370156193502 0.2301659293170812 0
4787 0.01120370156193502 0.2176659293170292 0
4788 0.02240740312387004 0.2228318586331743 0
4789 0.01120370156193502 0.2051659293169772 0
4790 0.03361110468580505 0.2154977879492673 0
4791 0.05601850780967509 0.2508296465816613 0
4792 0.05601850780967509 0.2383296465816094 0
4793 0.06722220937161011 0.2434955758977543 0
4794 0.05601850780967509 0.2258296465815574 0
4795 0.07842591093354513 0.2361615052138474 0
4796 0.5187499999987419 0.184030398304177 0
4797 0.5062499999987409 0.1840303983041573 0
4798 0.531249999998743 0.1840303983041967 0
4799 0.5249999999987239 0.1948557158514846 0
4800 0.5437499999987441 0.1840303983042163 0
4801 0.5312499999987059 0.2056810333987922 0
4802 0.5187499999987049 0.2056810333987725 0
4803 0.5562499999987451 0.184030398304236 0
4804 0.5499999999987261 0.1948557158515238 0
4805 0.5562499999987081 0.2056810333988314 0
4806 0.543749999998707 0.2056810333988118 0
4807 0.5687499999987091 0.205681033398851 0
4808 0.5624999999986899 0.216506350946139 0
4809 0.5374999999986878 0.2165063509460997 0
4810 0.5687499999987462 0.1840303983042556 0
4811 0.5812499999987473 0.1840303983042753 0
4812 0.5749999999987282 0.1948557158515631 0
4813 0.5937499999987483 0.1840303983042949 0
4814 0.5812499999987102 0.2056810333988707 0
4815 0.5437499999986698 0.2273316684934073 0
4816 0.5312499999986687 0.2273316684933877 0
4817 0.5562499999986709 0.227331668493427 0
4818 0.5499999999986518 0.2381569860407148 0
4819 0.5687499999986719 0.2273316684934465 0
4820 0.5562499999986337 0.2489823035880224 0
4821 0.5437499999986326 0.2489823035880028 0
4822 0.499999999998733 0.1948557158514433 0
4823 0.5062499999987149 0.2056810333987509 0
4824 0.4937499999987251 0.2056810333987292 0
4825 0.5124999999986969 0.2165063509460584 0
4826 0.4874999999987171 0.2165063509460151 0
4827 0.5187499999986789 0.227331668493366 0
4828 0.5062499999986889 0.2273316684933444 0
4829 0.4999999999986811 0.2381569860406302 0
4830 0.4937499999986991 0.2273316684933227 0
4831 0.5062499999986629 0.2489823035879379 0
4832 0.4937499999986731 0.2489823035879162 0
4833 0.4812499999987092 0.2273316684933011 0
4834 0.5249999999986608 0.2381569860406736 0
4835 0.5312499999986428 0.2489823035879812 0
4836 0.5187499999986529 0.2489823035879595 0
4837 0.5374999999986247 0.2598076211352887 0
4838 0.5124999999986449 0.2598076211352455 0
4839 0.4749999999987013 0.2381569860405869 0
4840 0.4812499999986833 0.2489823035878946 0
4841 0.4687499999986934 0.2489823035878729 0
4842 0.4874999999986652 0.2598076211352022 0
4843 0.4624999999986855 0.2598076211351589 0
4844 0.7183874206113778 0.3357941792735143 0
4845 0.7124999999981281 0.3464101615142026 0
4846 0.7242748412246274 0.3251781970328261 0
4847 0.7308874206113647 0.3357941792735856 0
4848 0.7301622618378771 0.3145622147921378 0
4849 0.7433874206113515 0.3357941792736568 0
4850 0.737499999998102 0.346410161514345 0
4851 0.7360496824511267 0.3039462325514495 0
4852 0.742662261837864 0.314562214792209 0
4853 0.7551622618378508 0.3145622147922802 0
4854 0.7492748412246013 0.3251781970329685 0
4855 0.7610496824511006 0.3039462325515919 0
4856 0.7676622618378378 0.3145622147923514 0
4857 0.7558874206113385 0.335794179273728 0
4858 0.7419371030643764 0.2933302503107612 0
4859 0.747824523677626 0.2827142680700729 0
4860 0.7544371030643633 0.2933302503108324 0
4861 0.7537119442908757 0.2720982858293847 0
4862 0.7669371030643501 0.2933302503109036 0
4863 0.7683874206113254 0.3357941792737992 0
4864 0.7624999999980757 0.3464101615144875 0
4865 0.774274841224575 0.3251781970331109 0
4866 0.7808874206113122 0.3357941792738705 0
4867 0.7801622618378247 0.3145622147924226 0
4868 0.7933874206112992 0.3357941792739416 0
4869 0.7874999999980494 0.3464101615146299 0
4870 0.3812500000016095 0.9891746824527041 0
4871 0.3687500000015576 0.9891746824527041 0
4872 0.3750000000016066 0.9783493649054084 0
4873 0.3562500000015055 0.9891746824527041 0
4874 0.3687500000016038 0.9675240473581126 0
4875 0.3437500000014535 0.9891746824527041 0
4876 0.3500000000015027 0.9783493649054084 0
4877 0.3437500000014997 0.9675240473581126 0
4878 0.3562500000015518 0.9675240473581126 0
4879 0.3312500000014478 0.9675240473581126 0
4880 0.3375000000014969 0.9566987298108167 0
4881 0.3625000000016009 0.9566987298108167 0
4882 0.3312500000014015 0.9891746824527041 0
4883 0.3187500000013495 0.9891746824527041 0
4884 0.3250000000013986 0.9783493649054084 0
4885 0.3562500000015981 0.945873412263521 0
4886 0.343750000001546 0.945873412263521 0
4887 0.3500000000015951 0.9350480947162252 0
4888 0.3378625793856179 0.260016956441567 0
4889 0.3316730092834594 0.2492265281120317 0
4890 0.3195355886703154 0.2494358634186208 0
4891 0.325483439181301 0.2384360997824965 0
4892 0.3135877381593297 0.260435627054745 0
4893 0.3073981680571712 0.2496451987252098 0
4894 0.3192938690791426 0.2276456714529613 0
4895 0.295260747444027 0.2498545340317989 0
4896 0.3012085979550127 0.2388547703956746 0
4897 0.2950190278528542 0.2280643420661393 0
4898 0.3071564484659983 0.2278550067595503 0
4899 0.28288160723971 0.2282736773727283 0
4900 0.2888294577506957 0.217273913736604 0
4901 0.313104298976984 0.216855243123426 0
4902 0.2893128969330413 0.2608542976679231 0
4903 0.2831233268308828 0.2500638693383879 0
4904 0.2709859062177387 0.2502732046449769 0
4905 0.2769337567287243 0.2392734410088526 0
4906 0.265038055706753 0.2612729682811012 0
4907 0.2588484856045945 0.2504825399515659 0
4908 0.2707441866265659 0.2284830126793173 0
4909 0.3069147288748255 0.2060648147938908 0
4910 0.2947773082616814 0.2062741501004797 0
4911 0.300725158772667 0.1952743864643555 0
4912 0.2826398876485372 0.2064834854070687 0
4913 0.2945355886705086 0.1844839581348202 0
4914 0.2812588278538433 0.9892147936166863 0
4915 0.2687588278537913 0.9892147936166863 0
4916 0.2750176557064903 0.9784295872333726 0
4917 0.2562588278537393 0.9892147936166863 0
4918 0.2687764835591372 0.9676443808500589 0
4919 0.2437588278536872 0.9892147936166863 0
4920 0.2500176557063862 0.9784295872333726 0
4921 0.2437764835590331 0.9676443808500589 0
4922 0.2562764835590852 0.9676443808500589 0
4923 0.2312764835589812 0.9676443808500589 0
4924 0.2375353114116801 0.9568591744667452 0
4925 0.2625353114117841 0.9568591744667452 0
4926 0.2312588278536352 0.9892147936166863 0
4927 0.2187588278535832 0.9892147936166863 0
4928 0.2250176557062822 0.9784295872333726 0
4929 0.2562941392644311 0.9460739680834315 0
4930 0.2437941392643791 0.9460739680834315 0
4931 0.2500529671170781 0.9352887617001178 0
4932 0.01259714977632374 0.3808223817481213 0
4933 0.01259714977632374 0.3683223817480693 0
4934 0.02519429955264748 0.3741447634946302 0
4935 0.01259714977632374 0.3558223817480173 0
4936 0.03779144932897122 0.3674671452411391 0
4937 0.01259714977632374 0.3433223817479653 0
4938 0.02519429955264748 0.3491447634945262 0
4939 0.03779144932897122 0.3424671452410351 0
4940 0.03779144932897122 0.3549671452410871 0
4941 0.03779144932897122 0.329967145240983 0
4942 0.05038859910529495 0.3357895269875439 0
4943 0.05038859910529495 0.360789526987648 0
4944 0.01259714977632374 0.3308223817479132 0
4945 0.01259714977632374 0.3183223817478612 0
4946 0.02519429955264748 0.3241447634944221 0
4947 0.06298574888161869 0.3541119087341569 0
4948 0.06298574888161869 0.3416119087341049 0
4949 0.07558289865794243 0.3474342904806658 0
4950 0.7187499999992573 0.01082531754734353 0
4951 0.7312499999992902 0.01082531754734353 0
4952 0.7249999999992717 0.02165063509468707 0
4953 0.7437499999993231 0.01082531754734353 0
4954 0.7312499999992861 0.0324759526420306 0
4955 0.756249999999356 0.01082531754734353 0
4956 0.7499999999993375 0.02165063509468707 0
4957 0.7562499999993519 0.0324759526420306 0
4958 0.743749999999319 0.0324759526420306 0
4959 0.7687499999993848 0.0324759526420306 0
4960 0.7624999999993662 0.04330127018937413 0
4961 0.7374999999993005 0.04330127018937413 0
4962 0.768749999999389 0.01082531754734353 0
4963 0.7812499999994219 0.01082531754734353 0
4964 0.7749999999994034 0.02165063509468707 0
4965 0.7437499999993149 0.05412658773671766 0
4966 0.7562499999993477 0.05412658773671766 0
4967 0.7499999999993292 0.0649519052840612 0
4968 0.2937500000009198 0.6644151560329755 0
4969 0.2812500000009151 0.6644151560329943 0
4970 0.287500000000899 0.6535898384856766 0
4971 0.2750000000009311 0.6752404735803121 0
4972 0.2687500000009104 0.6644151560330132 0
4973 0.2812500000009518 0.686065791127611 0
4974 0.2687500000009471 0.6860657911276298 0
4975 0.2562500000009058 0.664415156033032 0
4976 0.2625000000008898 0.6535898384857142 0
4977 0.2625000000009632 0.6968911086749476 0
4978 0.2562500000009424 0.6860657911276486 0
4979 0.2437500000009378 0.6860657911276675 0
4980 0.2500000000009217 0.6752404735803497 0
4981 0.2375000000009538 0.6968911086749852 0
4982 0.2312500000009332 0.6860657911276863 0
4983 0.2437500000009011 0.6644151560330508 0
4984 0.2687500000009838 0.7077164262222465 0
4985 0.2562500000009792 0.7077164262222653 0
4986 0.2500000000009951 0.7185417437695831 0
4987 0.2437500000009745 0.7077164262222841 0
4988 0.2562500000010158 0.729367061316882 0
4989 0.2437500000010112 0.7293670613169008 0
4990 0.2312500000009698 0.707716426222303 0
4991 0.2312500000008965 0.6644151560330696 0
4992 0.2375000000008805 0.6535898384857519 0
4993 0.2250000000009125 0.6752404735803874 0
4994 0.2187500000008918 0.6644151560330884 0
4995 0.2187500000009285 0.686065791127705 0
4996 0.2062500000008872 0.6644151560331073 0
4997 0.2125000000008712 0.6535898384857894 0
4998 0.5687499999986337 0.2489823035880551 0
4999 0.5624999999986147 0.259807621135343 0
5000 0.5749999999986528 0.2381569860407672 0
5001 0.5812499999986337 0.2489823035880878 0
5002 0.5812499999986719 0.2273316684934792 0
5003 0.5937499999986336 0.2489823035881205 0
5004 0.5874999999986146 0.2598076211354084 0
5005 0.587499999998691 0.2165063509461913 0
5006 0.5937499999986718 0.2273316684935119 0
5007 0.6062499999986718 0.2273316684935446 0
5008 0.5999999999986527 0.2381569860408325 0
5009 0.6124999999986909 0.2165063509462567 0
5010 0.6187499999986719 0.2273316684935773 0
5011 0.6062499999986336 0.2489823035881532 0
5012 0.5937499999987101 0.2056810333989034 0
5013 0.5999999999987293 0.1948557158516155 0
5014 0.6062499999987101 0.2056810333989361 0
5015 0.6187499999986336 0.2489823035881858 0
5016 0.6124999999986145 0.2598076211354738 0
5017 0.6249999999986526 0.2381569860408979 0
5018 0.6312499999986335 0.2489823035882185 0
5019 0.6374999999986144 0.2598076211355392 0
5020 0.4687499999986651 0.2706329386824678 0
5021 0.4562499999986752 0.2706329386824462 0
5022 0.481249999998655 0.2706329386824895 0
5023 0.4749999999986447 0.2814582562297768 0
5024 0.4937499999986448 0.2706329386825111 0
5025 0.4812499999986242 0.2922835737770857 0
5026 0.4687499999986344 0.292283573777064 0
5027 0.5062499999986346 0.2706329386825328 0
5028 0.4999999999986243 0.2814582562298201 0
5029 0.5062499999986039 0.292283573777129 0
5030 0.4937499999986141 0.2922835737771073 0
5031 0.5187499999985938 0.2922835737771506 0
5032 0.5124999999985835 0.3031088913244379 0
5033 0.4874999999986038 0.3031088913243946 0
5034 0.5187499999986245 0.2706329386825544 0
5035 0.5312499999986144 0.270632938682576 0
5036 0.5249999999986041 0.2814582562298633 0
5037 0.5437499999986043 0.2706329386825976 0
5038 0.5312499999985837 0.2922835737771722 0
5039 0.4937499999985834 0.3139342088717035 0
5040 0.4812499999985935 0.3139342088716819 0
5041 0.5062499999985732 0.3139342088717252 0
5042 0.4999999999985629 0.3247595264190125 0
5043 0.5187499999985631 0.3139342088717468 0
5044 0.5062499999985425 0.3355848439663214 0
5045 0.4937499999985526 0.3355848439662997 0
5046 0.337501716528248 0.7402001782574776 0
5047 0.3312514713100583 0.7293737465111202 0
5048 0.3187512260918845 0.7293726323120805 0
5049 0.3250012260918685 0.7185473147647627 0
5050 0.3125012260919006 0.7401979498593982 0
5051 0.3062509808737107 0.7293715181130408 0
5052 0.3187509808736787 0.7077208830184053 0
5053 0.2937507356555371 0.7293704039140011 0
5054 0.300000735655521 0.7185450863666833 0
5055 0.2937504904373313 0.7077186546203259 0
5056 0.306250735655505 0.7077197688193656 0
5057 0.2812502452191575 0.7077175404212862 0
5058 0.2875002452191415 0.6968922228739685 0
5059 0.312500735655489 0.6968944512720479 0
5060 0.287500735655553 0.7401957214613188 0
5061 0.2812504904373633 0.7293692897149614 0
5062 0.2687502452191896 0.7293681755159217 0
5063 0.2750002452191735 0.718542857968604 0
5064 0.2625002452192056 0.7401934930632394 0
5065 0.3062504904372992 0.6860680195256904 0
5066 0.2937502452191255 0.6860669053266507 0
5067 0.3000002452191095 0.675241587779333 0
5068 0.7497226418531744 0.2405119953942229 0
5069 0.7556100624663246 0.2515466482481347 0
5070 0.7438352212400242 0.2294773425403109 0
5071 0.7582333394153605 0.2305763400537324 0
5072 0.737947800626874 0.2184426896863991 0
5073 0.7667440369775467 0.220640684713242 0
5074 0.772631457590697 0.2316753375671539 0
5075 0.7320603800137238 0.2074080368324872 0
5076 0.7464584981890602 0.2085070343459087 0
5077 0.7549691957512463 0.1985713790054183 0
5078 0.7608566163643965 0.2096060318593301 0
5079 0.7490817751380962 0.1875367261515064 0
5080 0.7634798933134325 0.1886357236649279 0
5081 0.7752547345397329 0.2107050293727516 0
5082 0.7261729594005736 0.1963733839785753 0
5083 0.7202855387874234 0.1853387311246635 0
5084 0.7346836569627597 0.1864377286380849 0
5085 0.7837654321019191 0.2007693740322612 0
5086 0.7896528527150692 0.2118040268861731 0
5087 0.7778780114887689 0.1897347211783494 0
5088 0.7922761296641052 0.1908337186917708 0
5089 0.8066742478394416 0.1919327162051923 0
5090 0.481250000002021 0.9891746824527529 0
5091 0.4937500000020704 0.9891746824527529 0
5092 0.4687500000019718 0.9891746824527529 0
5093 0.4750000000020327 0.9783493649055057 0
5094 0.4562500000019225 0.9891746824527529 0
5095 0.4687500000020445 0.9675240473582586 0
5096 0.4812500000020937 0.9675240473582586 0
5097 0.4437500000018733 0.9891746824527529 0
5098 0.4500000000019342 0.9783493649055057 0
5099 0.4437500000019459 0.9675240473582586 0
5100 0.4562500000019952 0.9675240473582586 0
5101 0.4312500000018966 0.9675240473582586 0
5102 0.4375000000019576 0.9566987298110115 0
5103 0.4625000000020562 0.9566987298110115 0
5104 0.431250000001824 0.9891746824527529 0
5105 0.4187500000017746 0.9891746824527529 0
5106 0.4250000000018356 0.9783493649055057 0
5107 0.4562500000020678 0.9458734122637643 0
5108 0.4687500000021171 0.9458734122637643 0
5109 0.4437500000020186 0.9458734122637643 0
5110 0.4500000000020796 0.9350480947165172 0
5111 0.4562500000021405 0.9242227771692699 0
5112 0.4312502860898503 0.9025734419734719 0
5113 0.4437502860899141 0.9025734419735205 0
5114 0.4187502860897864 0.9025734419734233 0
5115 0.4250005721776122 0.8917494243249697 0
5116 0.4062502860897226 0.9025734419733746 0
5117 0.4187508582653742 0.8809254066764673 0
5118 0.4312508582654381 0.8809254066765161 0
5119 0.3937502860896587 0.902573441973326 0
5120 0.4000005721774845 0.8917494243248724 0
5121 0.3937508582652465 0.8809254066763701 0
5122 0.4062508582653104 0.8809254066764187 0
5123 0.3812508582651827 0.8809254066763215 0
5124 0.3875011443530085 0.8701013890278679 0
5125 0.4125011443531362 0.8701013890279652 0
5126 0.3812502860895949 0.9025734419732774 0
5127 0.368750286089531 0.9025734419732286 0
5128 0.3750005721773568 0.891749424324775 0
5129 0.4062514304408982 0.859277371379463 0
5130 0.4187514304409621 0.8592773713795117 0
5131 0.3937514304408344 0.8592773713794144 0
5132 0.4000017165286602 0.8484533537309608 0
5133 0.4062520026164861 0.8376293360825071 0
5134 0.5312499999988681 0.09742785792577585 0
5135 0.5249999999988538 0.1082531754730708 0
5136 0.5187499999988769 0.09742785792576619 0
5137 0.5187499999988395 0.1190784930203656 0
5138 0.5062499999988858 0.09742785792575653 0
5139 0.5124999999988251 0.1299038105676605 0
5140 0.5062499999988482 0.119078493020356 0
5141 0.493749999998857 0.1190784930203463 0
5142 0.4999999999988713 0.1082531754730514 0
5143 0.4874999999988426 0.1299038105676412 0
5144 0.4812499999988658 0.1190784930203367 0
5145 0.4937499999988945 0.09742785792574687 0
5146 0.5062499999988108 0.1407291281149555 0
5147 0.4999999999987965 0.1515544456622503 0
5148 0.4937499999988195 0.1407291281149458 0
5149 0.4937499999987821 0.1623797632095452 0
5150 0.4812499999988283 0.1407291281149362 0
5151 0.4812499999989032 0.09742785792573722 0
5152 0.4749999999988889 0.1082531754730321 0
5153 0.468749999998912 0.09742785792572758 0
5154 0.4687499999988745 0.1190784930203271 0
5155 0.4562499999989207 0.09742785792571793 0
5156 0.3000090730721368 0.8051855095113181 0
5157 0.2937576017633148 0.7943535067699716 0
5158 0.3062578469814886 0.7943546209690113 0
5159 0.287506130454493 0.7835215040286252 0
5160 0.3125066208908405 0.7835237324267046 0
5161 0.2812546591456712 0.7726895012872788 0
5162 0.2937549043638449 0.7726906154863185 0
5163 0.3000036782731967 0.7618597269440117 0
5164 0.3062551495820186 0.7726917296853582 0
5165 0.2937522069643749 0.7510277242026653 0
5166 0.3062524521825487 0.751028838401705 0
5167 0.3187553948001923 0.7726928438843979 0
5168 0.2750031878368493 0.7618574985459323 0
5169 0.2687517165280274 0.7510254958045859 0
5170 0.2812519617462012 0.7510266100036256 0
5171 0.3250041687095443 0.7618619553420911 0
5172 0.3187526974007224 0.7510299526007447 0
5173 0.3312529426188962 0.7510310667997844 0
5174 0.368760071648662 0.09743367279522706 0
5175 0.3812600716486467 0.09743367279524376 0
5176 0.3750201432982728 0.1082648052121578 0
5177 0.3937600716486313 0.0974336727952605 0
5178 0.3812802149478837 0.1190959376290885 0
5179 0.4062600716486159 0.09743367279527723 0
5180 0.4000201432982421 0.1082648052121913 0
5181 0.406280214947853 0.119095937629122 0
5182 0.3937802149478684 0.1190959376291053 0
5183 0.4187802149478377 0.1190959376291388 0
5184 0.4125402865974639 0.1299270700460528 0
5185 0.3875402865974946 0.1299270700460193 0
5186 0.4187600716486006 0.09743367279529395 0
5187 0.4312600716485853 0.09743367279531065 0
5188 0.4250201432982115 0.1082648052122247 0
5189 0.44376007164857 0.09743367279532736 0
5190 0.4312802149478224 0.1190959376291554 0
5191 0.3938003582471055 0.14075820246295 0
5192 0.4063003582470902 0.1407582024629668 0
5193 0.4000604298967163 0.1515893348798809 0
5194 0.4188003582470748 0.1407582024629835 0
5195 0.4063205015463272 0.1624204672968116 0
5196 0.01053839487997737 0.4814992175485209 0
5197 0.01053839487997737 0.4939992175485702 0
5198 0.01053839487997737 0.4689992175484717 0
5199 0.02107678975995474 0.4754984350950325 0
5200 0.01053839487997737 0.4564992175484224 0
5201 0.03161518463993211 0.4694976526415441 0
5202 0.03161518463993211 0.4819976526415934 0
5203 0.01053839487997737 0.4439992175483731 0
5204 0.02107678975995474 0.450498435094934 0
5205 0.03161518463993211 0.4444976526414455 0
5206 0.03161518463993211 0.4569976526414948 0
5207 0.03161518463993211 0.4319976526413963 0
5208 0.04215357951990948 0.4384968701879571 0
5209 0.04215357951990948 0.4634968701880557 0
5210 0.01053839487997737 0.4314992175483239 0
5211 0.01053839487997737 0.4189992175482746 0
5212 0.02107678975995474 0.4254984350948354 0
5213 0.05269197439988685 0.4574960877345673 0
5214 0.05269197439988685 0.4699960877346166 0
5215 0.05269197439988685 0.444996087734518 0
5216 0.06323036927986422 0.4514953052810789 0
5217 0.0737687641598416 0.4579945228276398 0
5218 0.6499999999985204 0.2814582562301594 0
5219 0.6437499999985796 0.2706329386828396 0
5220 0.6562499999984613 0.2922835737774794 0
5221 0.6437499999984857 0.2922835737774271 0
5222 0.6624999999984023 0.3031088913247993 0
5223 0.637499999998451 0.3031088913246948 0
5224 0.6312499999985102 0.2922835737773748 0
5225 0.6687499999983431 0.3139342088721192 0
5226 0.6562499999983675 0.313934208872067 0
5227 0.6499999999983328 0.3247595264193346 0
5228 0.6437499999983919 0.3139342088720147 0
5229 0.6562499999982736 0.3355848439666546 0
5230 0.6437499999982981 0.3355848439666023 0
5231 0.6312499999984162 0.3139342088719624 0
5232 0.6749999999982839 0.3247595264194392 0
5233 0.6812499999982248 0.3355848439667591 0
5234 0.6687499999982491 0.3355848439667068 0
5235 0.6874999999981657 0.3464101615140791 0
5236 0.6624999999982144 0.3464101615139745 0
5237 0.6249999999983815 0.3247595264192301 0
5238 0.6187499999984407 0.3139342088719101 0
5239 0.6312499999983225 0.33558484396655 0
5240 0.6187499999983469 0.3355848439664977 0
5241 0.6374999999982633 0.3464101615138699 0
5242 0.6124999999983123 0.3464101615137653 0
5243 0.6062499999983713 0.3355848439664454 0
5244 0.3187499999992049 0.01082531754728495 0
5245 0.3062499999992414 0.01082531754728495 0
5246 0.3312499999991685 0.01082531754728495 0
5247 0.3249999999991799 0.0216506350945699 0
5248 0.3437499999991321 0.01082531754728495 0
5249 0.3312499999991549 0.03247595264185485 0
5250 0.3187499999991914 0.03247595264185485 0
5251 0.3562499999990957 0.01082531754728495 0
5252 0.3499999999991071 0.0216506350945699 0
5253 0.3562499999990821 0.03247595264185485 0
5254 0.3437499999991185 0.03247595264185485 0
5255 0.3687499999990457 0.03247595264185485 0
5256 0.3624999999990571 0.0433012701891398 0
5257 0.3374999999991299 0.0433012701891398 0
5258 0.3687499999990592 0.01082531754728495 0
5259 0.3812499999990228 0.01082531754728495 0
5260 0.3749999999990342 0.0216506350945699 0
5261 0.3437499999991049 0.05412658773642474 0
5262 0.3312499999991414 0.05412658773642474 0
5263 0.3562499999990685 0.05412658773642474 0
5264 0.3499999999990799 0.0649519052837097 0
5265 0.3437499999990914 0.07577722283099464 0
5266 0.5687499999985799 0.2706329386826434 0
5267 0.5562499999985799 0.2706329386826106 0
5268 0.5812499999985798 0.270632938682676 0
5269 0.5749999999985451 0.2814582562299437 0
5270 0.5937499999985798 0.2706329386827088 0
5271 0.5812499999985103 0.292283573777244 0
5272 0.5687499999985104 0.2922835737772114 0
5273 0.6062499999985798 0.2706329386827414 0
5274 0.599999999998545 0.2814582562300091 0
5275 0.6062499999985103 0.2922835737773094 0
5276 0.5937499999985103 0.2922835737772768 0
5277 0.6187499999985102 0.2922835737773422 0
5278 0.6124999999984755 0.3031088913246098 0
5279 0.5874999999984756 0.3031088913245444 0
5280 0.6187499999985797 0.2706329386827742 0
5281 0.6312499999985797 0.2706329386828068 0
5282 0.6249999999985449 0.2814582562300745 0
5283 0.5937499999984408 0.3139342088718447 0
5284 0.5812499999984408 0.313934208871812 0
5285 0.6062499999984408 0.3139342088718775 0
5286 0.599999999998406 0.3247595264191451 0
5287 0.5937499999983713 0.3355848439664126 0
5288 0.989673735057413 0.4191345847054923 0
5289 0.989673735057413 0.4066345847055274 0
5290 0.989673735057413 0.4316345847054572 0
5291 0.979347470114826 0.4257691694120448 0
5292 0.989673735057413 0.4441345847054222 0
5293 0.9690212051722391 0.4324037541185972 0
5294 0.9690212051722391 0.4199037541186322 0
5295 0.989673735057413 0.4566345847053871 0
5296 0.979347470114826 0.4507691694119746 0
5297 0.9690212051722391 0.4574037541185271 0
5298 0.9690212051722391 0.4449037541185622 0
5299 0.9690212051722391 0.4699037541184919 0
5300 0.9586949402296521 0.4640383388250795 0
5301 0.9586949402296521 0.4390383388251496 0
5302 0.989673735057413 0.469134584705352 0
5303 0.989673735057413 0.4816345847053169 0
5304 0.979347470114826 0.4757691694119044 0
5305 0.9483686752870651 0.4456729235317021 0
5306 0.9483686752870651 0.4331729235317372 0
5307 0.9483686752870651 0.4581729235316671 0
5308 0.9380424103444782 0.4523075082382546 0
5309 0.9277161454018912 0.4464420929448421 0
5310 0.4500100716485469 0.1082589903426319 0
5311 0.4562600716485238 0.1190843078899365 0
5312 0.4437701432981731 0.1190901227595459 0
5313 0.4625100716485007 0.129909625437241 0
5314 0.4375302149477993 0.12992125517646 0
5315 0.4687600716484776 0.1407349429845456 0
5316 0.4562701432981269 0.1407407578541551 0
5317 0.4500302149477531 0.1515718902710691 0
5318 0.4437802149477762 0.1407465727237646 0
5319 0.45628021494773 0.1623972078183736 0
5320 0.4437902865973793 0.1624030226879831 0
5321 0.4312902865974255 0.1407523875933741 0
5322 0.4750100716484545 0.1515602605318501 0
5323 0.4812600716484314 0.1623855780791547 0
5324 0.4687701432980807 0.1623913929487641 0
5325 0.4250503582470517 0.1515835200102881 0
5326 0.4313003582470286 0.1624088375575926 0
5327 0.4188104298966779 0.1624146524272021 0
5328 0.4499999999986683 0.281458256229736 0
5329 0.4437499999986887 0.270632938682427 0
5330 0.4562499999986479 0.2922835737770449 0
5331 0.4437499999986614 0.2922835737770258 0
5332 0.4624999999986275 0.3031088913243538 0
5333 0.4374999999986545 0.3031088913243156 0
5334 0.431249999998675 0.2922835737770067 0
5335 0.468749999998607 0.3139342088716628 0
5336 0.4562499999986205 0.3139342088716437 0
5337 0.4499999999986137 0.3247595264189335 0
5338 0.4437499999986342 0.3139342088716246 0
5339 0.4562499999985933 0.3355848439662424 0
5340 0.4437499999986069 0.3355848439662233 0
5341 0.4312499999986477 0.3139342088716055 0
5342 0.4749999999985866 0.3247595264189717 0
5343 0.4812499999985661 0.3355848439662806 0
5344 0.4687499999985796 0.3355848439662615 0
5345 0.4874999999985457 0.3464101615135895 0
5346 0.4624999999985728 0.3464101615135513 0
5347 0.4249999999986409 0.3247595264188953 0
5348 0.4187499999986612 0.3139342088715863 0
5349 0.4312499999986204 0.3355848439662042 0
5350 0.4187499999986339 0.335584843966185 0
5351 0.4374999999986 0.3464101615135131 0
5352 0.4124999999986271 0.3464101615134749 0
5353 0.4062499999986475 0.3355848439661659 0
5354 0.431249999998697 0.2706329386824071 0
5355 0.4249999999986901 0.281458256229697 0
5356 0.4187499999987053 0.2706329386823872 0
5357 0.4187499999986833 0.2922835737769868 0
5358 0.4062499999987137 0.2706329386823674 0
5359 0.4124999999986764 0.3031088913242767 0
5360 0.4062499999986916 0.2922835737769669 0
5361 0.3937499999986999 0.292283573776947 0
5362 0.3999999999987068 0.2814582562296572 0
5363 0.3874999999986931 0.3031088913242368 0
5364 0.3812499999987082 0.2922835737769272 0
5365 0.393749999998722 0.2706329386823475 0
5366 0.4062499999986695 0.3139342088715664 0
5367 0.3999999999986627 0.3247595264188562 0
5368 0.3937499999986779 0.3139342088715465 0
5369 0.3937499999986558 0.335584843966146 0
5370 0.3812499999986863 0.3139342088715266 0
5371 0.3812499999987302 0.2706329386823276 0
5372 0.3749999999987234 0.2814582562296174 0
5373 0.3687499999987386 0.2706329386823076 0
5374 0.3687499999987166 0.2922835737769072 0
5375 0.3562499999987469 0.2706329386822878 0
5376 0.331329329399204 0.09742845084894036 0
5377 0.3375188995014005 0.08656824408388836 0
5378 0.3251397592970075 0.1082886576139924 0
5379 0.3188482289015381 0.09739415455454915 0
5380 0.318950189194811 0.1191488643790445 0
5381 0.3063671284038722 0.09735985826015792 0
5382 0.3125566985060687 0.08649965149510587 0
5383 0.3127606190926145 0.1300090711440965 0
5384 0.3064690886971451 0.1191145680846532 0
5385 0.2939879881994792 0.119080271790262 0
5386 0.3001775583016757 0.1082200650252099 0
5387 0.2877984180972827 0.129940478555314 0
5388 0.2815068877018133 0.1190459754958707 0
5389 0.2938860279062063 0.09732556196576667 0
5390 0.306571048990418 0.1408692779091485 0
5391 0.3003814788882214 0.1517294846742006 0
5392 0.2940899484927521 0.1408349816147573 0
5393 0.2941919087860249 0.1625896914392526 0
5394 0.2816088479950861 0.140800685320366 0
5395 0.2814049274085404 0.09729126567137543 0
5396 0.2875944975107368 0.0864310589063234 0
5397 0.2752153573063438 0.1081514724364274 0
5398 0.2689238269108744 0.09725696937698418 0
5399 0.2690257872041473 0.1190116792014795 0
5400 0.2564427264132085 0.09722267308259294 0
5401 0.262632296515405 0.08636246631754092 0
5402 0.5437500000017965 0.9025721420748121 0
5403 0.5500000000017812 0.8917468245275719 0
5404 0.5562500000017436 0.9025721420748321 0
5405 0.5437500000018187 0.8809215069803117 0
5406 0.5562500000017658 0.8809215069803316 0
5407 0.5312500000018716 0.8809215069802918 0
5408 0.5375000000018564 0.8700961894330516 0
5409 0.5625000000017506 0.8700961894330914 0
5410 0.5687500000017129 0.8809215069803515 0
5411 0.531250000001894 0.8592708718857914 0
5412 0.5437500000018411 0.8592708718858113 0
5413 0.5500000000018258 0.8484455543385711 0
5414 0.5562500000017883 0.8592708718858312 0
5415 0.5437500000018634 0.8376202367913109 0
5416 0.5562500000018105 0.8376202367913308 0
5417 0.5687500000017354 0.8592708718858511 0
5418 0.5187500000019469 0.8592708718857716 0
5419 0.5250000000019317 0.8484455543385312 0
5420 0.5187500000019692 0.8376202367912711 0
5421 0.5312500000019162 0.8376202367912911 0
5422 0.5062500000020222 0.8376202367912511 0
5423 0.5125000000020068 0.8267949192440109 0
5424 0.537500000001901 0.8267949192440507 0
5425 0.57500000000172 0.8484455543386109 0
5426 0.5812500000016825 0.859270871885871 0
5427 0.5687500000017576 0.8376202367913507 0
5428 0.5812500000017047 0.8376202367913705 0
5429 0.5625000000017952 0.8267949192440905 0
5430 0.5875000000016894 0.8267949192441304 0
5431 0.5937500000016518 0.8376202367913905 0
5432 0.5812500000015173 0.989174682452759 0
5433 0.5937500000014333 0.989174682452759 0
5434 0.5687500000016013 0.989174682452759 0
5435 0.5750000000015638 0.978349364905518 0
5436 0.5562500000016852 0.989174682452759 0
5437 0.5687500000016104 0.9675240473582771 0
5438 0.5812500000015264 0.9675240473582771 0
5439 0.5437500000017692 0.989174682452759 0
5440 0.5500000000017318 0.978349364905518 0
5441 0.5437500000017783 0.9675240473582771 0
5442 0.5562500000016943 0.9675240473582771 0
5443 0.5312500000018623 0.9675240473582771 0
5444 0.5375000000018249 0.9566987298110361 0
5445 0.5625000000016569 0.9566987298110361 0
5446 0.5312500000018532 0.989174682452759 0
5447 0.5187500000019372 0.989174682452759 0
5448 0.5250000000018997 0.978349364905518 0
5449 0.5062500000020211 0.989174682452759 0
5450 0.5187500000019463 0.9675240473582771 0
5451 0.5562500000017034 0.9458734122637952 0
5452 0.5687500000016195 0.9458734122637952 0
5453 0.5437500000017874 0.9458734122637952 0
5454 0.5500000000017499 0.9350480947165543 0
5455 0.5312500000018714 0.9458734122637952 0
5456 0.5437500000017963 0.9242227771693132 0
5457 0.5562500000017123 0.9242227771693132 0
5458 0.7811478372799927 0.9892336661267479 0
5459 0.7936478372799061 0.9892336661267479 0
5460 0.7686478372800795 0.9892336661267479 0
5461 0.774795674559899 0.9784673322534958 0
5462 0.7561478372801662 0.9892336661267479 0
5463 0.7684435118398052 0.9677009983802437 0
5464 0.7809435118397186 0.9677009983802437 0
5465 0.7436478372802529 0.9892336661267479 0
5466 0.7497956745600725 0.9784673322534958 0
5467 0.7434435118399787 0.9677009983802437 0
5468 0.7559435118398919 0.9677009983802437 0
5469 0.7309435118400653 0.9677009983802437 0
5470 0.7370913491198849 0.9569346645069916 0
5471 0.7620913491197114 0.9569346645069916 0
5472 0.7311478372803395 0.9892336661267479 0
5473 0.7186478372804262 0.9892336661267479 0
5474 0.7247956745602457 0.9784673322534958 0
5475 0.706147837280513 0.9892336661267479 0
5476 0.718443511840152 0.9677009983802437 0
5477 0.7557391863996177 0.9461683306337395 0
5478 0.768239186399531 0.9461683306337395 0
5479 0.7432391863997044 0.9461683306337395 0
5480 0.7493870236795239 0.9354019967604874 0
5481 0.7307391863997912 0.9461683306337395 0
5482 0.7430348609594302 0.9246356628872353 0
5483 0.7555348609593435 0.9246356628872353 0
5484 0.6812329728808117 0.9891845130650907 0
5485 0.6937329728807251 0.9891845130650907 0
5486 0.6687329728808984 0.9891845130650907 0
5487 0.6749659457608435 0.9783690261301814 0
5488 0.6562329728809851 0.9891845130650907 0
5489 0.6686989186408751 0.9675535391952721 0
5490 0.6811989186407883 0.9675535391952721 0
5491 0.6437329728810719 0.9891845130650907 0
5492 0.6499659457610167 0.9783690261301814 0
5493 0.6436989186410484 0.9675535391952721 0
5494 0.6561989186409618 0.9675535391952721 0
5495 0.6311989186411351 0.9675535391952721 0
5496 0.6374318915210802 0.9567380522603629 0
5497 0.6624318915209066 0.9567380522603629 0
5498 0.6312329728811585 0.9891845130650907 0
5499 0.6187329728812452 0.9891845130650907 0
5500 0.6249659457611902 0.9783690261301814 0
5501 0.6062329728813318 0.9891845130650907 0
5502 0.6186989186412218 0.9675535391952721 0
5503 0.6561648644009384 0.9459225653254537 0
5504 0.6686648644008517 0.9459225653254537 0
5505 0.643664864401025 0.9459225653254537 0
5506 0.6498978372809701 0.9351070783905444 0
5507 0.6311648644011117 0.9459225653254537 0
5508 0.6436308101610017 0.9242915914556351 0
5509 0.6561308101609149 0.9242915914556351 0
5510 0.9874741434528483 0.318377322418244 0
5511 0.9874741434528483 0.3058773224182805 0
5512 0.9874741434528483 0.3308773224182077 0
5513 0.9749482869056967 0.3242546448372582 0
5514 0.9874741434528483 0.3433773224181712 0
5515 0.962422430358545 0.3301319672562724 0
5516 0.962422430358545 0.3176319672563087 0
5517 0.9874741434528483 0.3558773224181348 0
5518 0.9749482869056967 0.3492546448371854 0
5519 0.962422430358545 0.3551319672561994 0
5520 0.962422430358545 0.3426319672562359 0
5521 0.962422430358545 0.367631967256163 0
5522 0.9498965738113934 0.3610092896752136 0
5523 0.9498965738113934 0.3360092896752864 0
5524 0.9874741434528483 0.3683773224180984 0
5525 0.9874741434528483 0.3808773224180619 0
5526 0.9749482869056967 0.3742546448371125 0
5527 0.9874741434528483 0.3933773224180255 0
5528 0.962422430358545 0.3801319672561265 0
5529 0.9373707172642417 0.3418866120943006 0
5530 0.9373707172642417 0.329386612094337 0
5531 0.9373707172642417 0.3543866120942641 0
5532 0.92484486071709 0.3477639345133147 0
5533 0.9373707172642417 0.3668866120942277 0
5534 0.9123190041699384 0.3536412569323287 0
5535 0.9123190041699384 0.3411412569323652 0
5536 0.656250000001617 0.7293670613187526 0
5537 0.6683874206147227 0.7291577260121828 0
5538 0.6621374206147036 0.7399830435594387 0
5539 0.6746374206147419 0.7183324084649269 0
5540 0.6805248412278284 0.7289483907056129 0
5541 0.6687500000016553 0.7077164262242408 0
5542 0.6808874206147609 0.7075070909176708 0
5543 0.692662261840934 0.7287390553990432 0
5544 0.686412261840915 0.7395643729462991 0
5545 0.68713742061478 0.6966817733704149 0
5546 0.6930248412278666 0.7072977556111011 0
5547 0.7051622618409723 0.7070884203045312 0
5548 0.6989122618409531 0.7179137378517871 0
5549 0.7114122618409914 0.6962631027572753 0
5550 0.7172996824540779 0.7068790849979614 0
5551 0.7047996824540397 0.7285297200924732 0
5552 0.6812500000016934 0.6860657911297288 0
5553 0.6933874206147992 0.685856455823159 0
5554 0.6996374206148183 0.6750311382759031 0
5555 0.7055248412279048 0.6856471205165893 0
5556 0.6937500000017317 0.6644151560352169 0
5557 0.7058874206148373 0.6642058207286472 0
5558 0.7176622618410105 0.6854377852100193 0
5559 0.7169371030671454 0.7283203847859034 0
5560 0.7106871030671262 0.7391457023331593 0
5561 0.7231871030671645 0.7174950672386475 0
5562 0.7290745236802511 0.7281110494793337 0
5563 0.7294371030671836 0.7066697496913916 0
5564 0.7412119442933567 0.7279017141727637 0
5565 0.7349619442933376 0.7387270317200197 0
5566 0.6437500000016445 0.7293670613187277 0
5567 0.6500000000016636 0.7185417437714718 0
5568 0.6437500000017101 0.7077164262241908 0
5569 0.6562500000016827 0.7077164262242158 0
5570 0.6312500000017376 0.707716426224166 0
5571 0.6375000000017567 0.6968911086769101 0
5572 0.6625000000017018 0.6968911086769598 0
5573 0.6312500000018033 0.6860657911296293 0
5574 0.6437500000017757 0.6860657911296542 0
5575 0.6500000000017949 0.6752404735823982 0
5576 0.6562500000017484 0.686065791129679 0
5577 0.6437500000018415 0.6644151560351175 0
5578 0.6562500000018141 0.6644151560351423 0
5579 0.668750000001721 0.6860657911297039 0
5580 0.6187500000018307 0.6860657911296044 0
5581 0.6250000000018499 0.6752404735823485 0
5582 0.6187500000018964 0.6644151560350677 0
5583 0.631250000001869 0.6644151560350926 0
5584 0.6062500000019238 0.6644151560350429 0
5585 0.6125000000019429 0.653589838487787 0
5586 0.6375000000018881 0.6535898384878367 0
5587 0.6750000000017401 0.675240473582448 0
5588 0.6687500000017866 0.6644151560351672 0
5589 0.6812500000017592 0.6644151560351921 0
5590 0.6625000000018332 0.6535898384878864 0
5591 0.6875000000017782 0.6535898384879362 0
5592 0.7478245236802503 0.7172857319321038 0
5593 0.7537119442933369 0.7279017141727899 0
5594 0.7419371030671638 0.7066697496914177 0
5595 0.754437103067144 0.7066697496914438 0
5596 0.7360496824540772 0.6960537674507317 0
5597 0.7610496824540376 0.6960537674507838 0
5598 0.7669371030671241 0.70666974969147 0
5599 0.7301622618409906 0.6854377852100455 0
5600 0.7426622618409708 0.6854377852100717 0
5601 0.7492748412278645 0.6748218029694117 0
5602 0.755162261840951 0.6854377852100978 0
5603 0.7433874206147779 0.6642058207287256 0
5604 0.7558874206147581 0.6642058207287518 0
5605 0.7676622618409312 0.6854377852101239 0
5606 0.7242748412279041 0.6748218029693593 0
5607 0.7183874206148175 0.6642058207286733 0
5608 0.7308874206147977 0.6642058207286994 0
5609 0.712500000001731 0.6535898384879872 0
5610 0.7375000000016914 0.6535898384880394 0
5611 0.7742748412278249 0.6748218029694639 0
5612 0.7801622618409114 0.6854377852101501 0
5613 0.7683874206147383 0.664205820728778 0
5614 0.7808874206147185 0.6642058207288041 0
5615 0.7625000000016517 0.6535898384880918 0
5616 0.7875000000016121 0.6535898384881442 0
5617 0.7933874206146987 0.6642058207288302 0
5618 0.9771478785102614 0.4000119071245779 0
5619 0.9668216135676744 0.4066464918311303 0
5620 0.9646220219631096 0.3933892295436284 0
5621 0.9564953486250873 0.4132810765376828 0
5622 0.9520961654159581 0.386766551962679 0
5623 0.9461690836825004 0.4199156612442353 0
5624 0.9439694920779358 0.4066583989567334 0
5625 0.931443635530784 0.4000357213757839 0
5626 0.9417699004733711 0.3934011366692315 0
5627 0.9211173705881971 0.4066703060823363 0
5628 0.9189177789836325 0.3934130437948344 0
5629 0.9395703088688063 0.3801438743817296 0
5630 0.9358428187399135 0.4265502459507877 0
5631 0.9255165537973266 0.4331848306573401 0
5632 0.9233169621927618 0.4199275683698382 0
5633 0.9151902888547396 0.4398194153638926 0
5634 0.9107911056456102 0.4133048907888888 0
5635 0.9270444523216548 0.3735211968007801 0
5636 0.9167181873790677 0.3801557815073325 0
5637 0.914518595774503 0.3668985192198306 0
5638 0.9063919224364807 0.386790366213885 0
5639 0.9019927392273515 0.3602758416388812 0
5640 0.3000188995015505 0.02161633880017866 0
5641 0.2937688995015755 0.01079102125289371 0
5642 0.3062688995015255 0.03244165634746361 0
5643 0.2937877990038596 0.03240736005307237 0
5644 0.3125188995015005 0.04326697389474855 0
5645 0.2875566985061687 0.04319838130596608 0
5646 0.2813066985061937 0.03237306375868113 0
5647 0.3187688995014755 0.05409229144203351 0
5648 0.3062877990038096 0.05405799514764226 0
5649 0.3000566985061187 0.06484901640053597 0
5650 0.2938066985061437 0.05402369885325103 0
5651 0.3063066985060937 0.07567433394782092 0
5652 0.2938255980084278 0.07564003765342969 0
5653 0.2813255980084778 0.05398940255885979 0
5654 0.3250188995014505 0.06491760898931845 0
5655 0.3312688995014255 0.0757429265366034 0
5656 0.3187877990037596 0.07570863024221217 0
5657 0.2750944975107869 0.0647804238117535 0
5658 0.2688444975108119 0.05395510626446855 0
5659 0.2813444975107618 0.07560574135903844 0
5660 0.2688633970130959 0.07557144506464722 0
5661 0.25638229651543 0.07553714877025597 0
5662 0.2187688995017941 0.01079102125289371 0
5663 0.2062688995018305 0.01079102125289371 0
5664 0.2312688995017577 0.01079102125289371 0
5665 0.2250377990040667 0.02158204250578742 0
5666 0.2437688995017212 0.01079102125289371 0
5667 0.2313066985063394 0.03237306375868113 0
5668 0.2188066985063759 0.03237306375868113 0
5669 0.2562688995016848 0.01079102125289371 0
5670 0.2500377990039939 0.02158204250578742 0
5671 0.2563066985062666 0.03237306375868113 0
5672 0.243806698506303 0.03237306375868113 0
5673 0.2688066985062302 0.03237306375868113 0
5674 0.2625755980085392 0.04316408501157484 0
5675 0.2375755980086121 0.04316408501157484 0
5676 0.2687688995016484 0.01079102125289371 0
5677 0.2812688995016119 0.01079102125289371 0
5678 0.2750377990039211 0.02158204250578742 0
5679 0.2438444975108848 0.05395510626446855 0
5680 0.2313444975109211 0.05395510626446855 0
5681 0.2563444975108483 0.05395510626446855 0
5682 0.2501133970131574 0.06474612751736226 0
5683 0.2438822965154664 0.07553714877025597 0
5684 0.1188029671157772 0.01058465056317879 0
5685 0.1063029671158093 0.01058465056317879 0
5686 0.1313029671157452 0.01058465056317879 0
5687 0.1251059342317719 0.02116930112635759 0
5688 0.1438029671157131 0.01058465056317879 0
5689 0.1314089013477665 0.03175395168953638 0
5690 0.1189089013477986 0.03175395168953638 0
5691 0.1563029671156809 0.01058465056317879 0
5692 0.1501059342317076 0.02116930112635759 0
5693 0.1564089013477022 0.03175395168953638 0
5694 0.1439089013477344 0.03175395168953638 0
5695 0.1689089013476701 0.03175395168953638 0
5696 0.1627118684636969 0.04233860225271517 0
5697 0.1377118684637611 0.04233860225271517 0
5698 0.1688029671156488 0.01058465056317879 0
5699 0.1813029671156167 0.01058465056317879 0
5700 0.1751059342316434 0.02116930112635759 0
5701 0.1938029671155846 0.01058465056317879 0
5702 0.181408901347638 0.03175395168953638 0
5703 0.1440148355797558 0.05292325281589396 0
5704 0.1315148355797879 0.05292325281589396 0
5705 0.1565148355797236 0.05292325281589396 0
5706 0.1503178026957504 0.06350790337907275 0
5707 0.1690148355796915 0.05292325281589396 0
5708 0.1566207698117451 0.07409255394225155 0
5709 0.1441207698117772 0.07409255394225155 0
5710 0.988796298438043 0.2176659293157313 0
5711 0.988796298438043 0.2051659293157677 0
5712 0.988796298438043 0.2301659293156948 0
5713 0.977592596876086 0.222831858631941 0
5714 0.988796298438043 0.2426659293156583 0
5715 0.9663888953141291 0.2279977879481508 0
5716 0.9663888953141291 0.2154977879481873 0
5717 0.988796298438043 0.2551659293156219 0
5718 0.977592596876086 0.2478318586318682 0
5719 0.9663888953141291 0.252997787948078 0
5720 0.9663888953141291 0.2404977879481144 0
5721 0.9663888953141291 0.2654977879480416 0
5722 0.955185193752172 0.2581637172642879 0
5723 0.955185193752172 0.2331637172643607 0
5724 0.988796298438043 0.2676659293155855 0
5725 0.988796298438043 0.2801659293155491 0
5726 0.977592596876086 0.2728318586317954 0
5727 0.988796298438043 0.2926659293155127 0
5728 0.9663888953141291 0.2779977879480052 0
5729 0.9439814921902151 0.2383296465805705 0
5730 0.9439814921902151 0.2258296465806069 0
5731 0.9439814921902151 0.2508296465805341 0
5732 0.9327777906282582 0.2434955758967803 0
5733 0.9439814921902151 0.2633296465804976 0
5734 0.9215740890663011 0.2486615052129901 0
5735 0.9215740890663011 0.2361615052130265 0
5736 0.6375000000016255 0.740192378865967 0
5737 0.6312500000016721 0.7293670613186862 0
5738 0.6187500000016997 0.7293670613186446 0
5739 0.6250000000017186 0.7185417437714052 0
5740 0.6125000000016807 0.740192378865884 0
5741 0.6062500000017272 0.729367061318603 0
5742 0.6187500000017652 0.7077164262241245 0
5743 0.593750000001755 0.7293670613185614 0
5744 0.6000000000017739 0.7185417437713222 0
5745 0.5937500000018205 0.7077164262240414 0
5746 0.6062500000017927 0.7077164262240829 0
5747 0.5812500000018481 0.7077164262239999 0
5748 0.5875000000018671 0.6968911086767606 0
5749 0.6125000000018117 0.6968911086768437 0
5750 0.5875000000017361 0.7401923788658007 0
5751 0.5812500000017826 0.7293670613185199 0
5752 0.5687500000018102 0.7293670613184784 0
5753 0.5750000000018292 0.7185417437712391 0
5754 0.5625000000017912 0.7401923788657176 0
5755 0.6062500000018582 0.6860657911295629 0
5756 0.593750000001886 0.6860657911295214 0
5757 0.6000000000019049 0.6752404735822821 0
5758 0.5937500000016593 0.815969601696841 0
5759 0.6000000000016545 0.8051442841495733 0
5760 0.6062500000016318 0.8159696016968825 0
5761 0.5937500000016773 0.7943189666022641 0
5762 0.6062500000016497 0.7943189666023056 0
5763 0.5812500000017049 0.7943189666022225 0
5764 0.5875000000017001 0.7834936490549547 0
5765 0.612500000001645 0.7834936490550379 0
5766 0.6187500000016222 0.7943189666023471 0
5767 0.5812500000017229 0.7726683315076455 0
5768 0.5937500000016953 0.772668331507687 0
5769 0.6000000000016905 0.7618430139604193 0
5770 0.6062500000016677 0.7726683315077285 0
5771 0.5937500000017133 0.7510176964131101 0
5772 0.6062500000016856 0.7510176964131516 0
5773 0.61875000000164 0.7726683315077701 0
5774 0.5687500000017505 0.7726683315076039 0
5775 0.5750000000017457 0.7618430139603363 0
5776 0.5687500000017685 0.7510176964130268 0
5777 0.5812500000017409 0.7510176964130685 0
5778 0.556250000001796 0.7510176964129853 0
5779 0.6250000000016351 0.7618430139605024 0
5780 0.6312500000016124 0.7726683315078118 0
5781 0.6187500000016579 0.7510176964131932 0
5782 0.6312500000016303 0.7510176964132347 0
5783 0.6437500000016028 0.7510176964132762 0
5784 0.3437499999987542 0.2706329386822744 0
5785 0.3316125793856101 0.2708422739888634 0
5786 0.3253625793856021 0.2816675915361599 0
5787 0.3194751587724659 0.2710516092954525 0
5788 0.3312499999987384 0.2922835737768673 0
5789 0.3191125793855942 0.2924929090834563 0
5790 0.3073377381593217 0.2712609446020415 0
5791 0.3128625793855864 0.3033182266307528 0
5792 0.3069751587724501 0.2927022443900453 0
5793 0.2948377381593059 0.2929115796966344 0
5794 0.3010877381593138 0.2820862621493379 0
5795 0.2885877381592981 0.3037368972439308 0
5796 0.2827003175461618 0.2931209150032233 0
5797 0.2952003175461776 0.2714702799086305 0
5798 0.3187499999987227 0.3139342088714602 0
5799 0.3066125793855785 0.3141435441780492 0
5800 0.3003625793855706 0.3249688617253456 0
5801 0.2944751587724343 0.3143528794846382 0
5802 0.3062499999987069 0.335584843966053 0
5803 0.2941125793855627 0.335794179272642 0
5804 0.2823377381592901 0.3145622147912272 0
5805 0.2830628969330334 0.2716796152152195 0
5806 0.2768128969330256 0.282504932762516 0
5807 0.2709254763198893 0.2718889505218086 0
5808 0.2705628969330177 0.2933302503098124 0
5809 0.2587880557067451 0.2720982858283976 0
5810 0.5999829728813784 0.9783591955178497 0
5811 0.5937329728814249 0.9675338779706089 0
5812 0.6062159457613234 0.9675437085829405 0
5813 0.5874829728814714 0.9567085604233678 0
5814 0.6124489186412683 0.9567282216480313 0
5815 0.5812329728815179 0.9458832428761268 0
5816 0.5937159457614163 0.9458930734884585 0
5817 0.5999489186413614 0.9350775865535492 0
5818 0.6061989186413148 0.9459029041007903 0
5819 0.5936989186414078 0.9242522690063084 0
5820 0.6061818915213062 0.92426209961864 0
5821 0.6186818915212133 0.945912734713122 0
5822 0.5749829728815643 0.935057925328886 0
5823 0.5687329728816108 0.924232607781645 0
5824 0.5812159457615094 0.9242424383939767 0
5825 0.5624829728816574 0.9134072902344039 0
5826 0.5874489186414542 0.9134269514590674 0
5827 0.6249148644011582 0.9350972477782127 0
5828 0.6186648644012047 0.9242719302309717 0
5829 0.6311478372811032 0.9242817608433034 0
5830 0.6124148644012513 0.9134466126837308 0
5831 0.6373808101610481 0.9134662739083941 0
5832 0.5437500000018489 0.7510176964129655 0
5833 0.5312500000018224 0.7510176964128678 0
5834 0.5250000000018525 0.7618430139601571 0
5835 0.5187500000017959 0.7510176964127702 0
5836 0.5312500000019091 0.7726683315075442 0
5837 0.5187500000018826 0.7726683315074465 0
5838 0.5062500000017695 0.7510176964126725 0
5839 0.5125000000019128 0.783493649054736 0
5840 0.5062500000018562 0.7726683315073488 0
5841 0.4937500000018297 0.7726683315072512 0
5842 0.5000000000017996 0.7618430139599619 0
5843 0.4875000000018598 0.7834936490545406 0
5844 0.4812500000018033 0.7726683315071535 0
5845 0.493750000001743 0.7510176964125748 0
5846 0.5187500000019694 0.7943189666021229 0
5847 0.5062500000019429 0.7943189666020253 0
5848 0.5000000000019731 0.8051442841493146 0
5849 0.4937500000019164 0.7943189666019276 0
5850 0.5062500000020296 0.8159696016967016 0
5851 0.4937500000020032 0.8159696016966039 0
5852 0.48125000000189 0.7943189666018299 0
5853 0.4812500000017165 0.7510176964124772 0
5854 0.4750000000017467 0.7618430139597665 0
5855 0.4687500000016901 0.7510176964123795 0
5856 0.4687500000017768 0.7726683315070558 0
5857 0.4562500000016636 0.7510176964122818 0
5858 0.518749999998518 0.3355848439663344 0
5859 0.5124999999985077 0.3464101615136216 0
5860 0.5249999999985284 0.3247595264190471 0
5861 0.5312499999984936 0.3355848439663474 0
5862 0.5312499999985387 0.3139342088717598 0
5863 0.5437499999984692 0.3355848439663605 0
5864 0.5374999999984589 0.3464101615136477 0
5865 0.537499999998549 0.3031088913244726 0
5866 0.5437499999985143 0.3139342088717728 0
5867 0.5562499999984898 0.3139342088717859 0
5868 0.5499999999984795 0.3247595264190731 0
5869 0.5624999999985001 0.3031088913244986 0
5870 0.5687499999984653 0.3139342088717989 0
5871 0.5562499999984447 0.3355848439663734 0
5872 0.5437499999985593 0.2922835737771853 0
5873 0.5499999999985696 0.281458256229898 0
5874 0.5562499999985349 0.2922835737771983 0
5875 0.5687499999984202 0.3355848439663865 0
5876 0.5624999999984099 0.3464101615136739 0
5877 0.5749999999984305 0.3247595264190992 0
5878 0.5812499999983958 0.3355848439663996 0
5879 0.587499999998361 0.3464101615137 0
5880 0.7306199965596423 0.9245865098255781 0
5881 0.7367678338394619 0.913820175952326 0
5882 0.7244721592798228 0.9353528436988302 0
5883 0.7182051321598544 0.9245373567639209 0
5884 0.7183243220000033 0.9461191775720823 0
5885 0.7057902677600665 0.9244882037022637 0
5886 0.7119381050398861 0.9137218698290117 0
5887 0.7121764847201837 0.9568855114453344 0
5888 0.7059094576002154 0.9460700245104251 0
5889 0.6934945932004275 0.9460208714487679 0
5890 0.699642430480247 0.9352545375755159 0
5891 0.6873467559206079 0.9567872053220201 0
5892 0.6810797288006396 0.9459717183871108 0
5893 0.6933754033602786 0.9244390506406066 0
5894 0.7060286474403641 0.9676518453185865 0
5895 0.6998808101605446 0.9784181791918386 0
5896 0.6936137830405762 0.9676026922569293 0
5897 0.6809605389604907 0.9243898975789495 0
5898 0.6871083762403103 0.9136235637056973 0
5899 0.6748127016806712 0.9351562314522015 0
5900 0.6685456745607028 0.9243407445172923 0
5901 0.6622786474407345 0.913525257582383 0
5902 0.7305397016885129 0.9029124545610551 0
5903 0.7429545660883008 0.9029616076227123 0
5904 0.718124837288725 0.9028633014993979 0
5905 0.7243115695375638 0.8920047331697841 0
5906 0.7057099728889371 0.9028141484377408 0
5907 0.7180834373866147 0.8810970117785131 0
5908 0.7304983017864026 0.8811461648401704 0
5909 0.6932951084891492 0.9027649953760835 0
5910 0.699481840737988 0.8919064270464697 0
5911 0.6932537085870389 0.8809987056551988 0
5912 0.7056685729868268 0.881047858716856 0
5913 0.680838844187251 0.8809495525935416 0
5914 0.68702557643609 0.8700909842639278 0
5915 0.7118553052356658 0.8701892903872421 0
5916 0.6808802440893613 0.9027158423144264 0
5917 0.6684653796895734 0.9026666892527693 0
5918 0.6746521119384122 0.8918081209231554 0
5919 0.6560505152897855 0.902617536191112 0
5920 0.6684239797874632 0.8809003995318845 0
5921 0.7056271730847168 0.8592815689959712 0
5922 0.7180420374845047 0.8593307220576283 0
5923 0.6932123086849289 0.8592324159343141 0
5924 0.6993990409337677 0.8483738476047002 0
5925 0.680797444285141 0.8591832628726568 0
5926 0.6931709087828186 0.8374661262134293 0
5927 0.7055857731826065 0.8375152792750864 0
5928 0.5812500000017122 0.8159696016968211 0
5929 0.5687500000017651 0.8159696016968012 0
5930 0.575000000001735 0.8051442841495118 0
5931 0.556250000001818 0.8159696016967812 0
5932 0.5687500000017578 0.7943189666022026 0
5933 0.5437500000018709 0.8159696016967614 0
5934 0.5500000000018408 0.805144284149472 0
5935 0.5437500000018636 0.7943189666021627 0
5936 0.5562500000018107 0.7943189666021826 0
5937 0.5312500000019165 0.7943189666021429 0
5938 0.5375000000018864 0.7834936490548534 0
5939 0.5625000000017806 0.7834936490548933 0
5940 0.5312500000019238 0.8159696016967415 0
5941 0.5187500000019767 0.8159696016967215 0
5942 0.5250000000019466 0.8051442841494322 0
5943 0.5562500000018034 0.772668331507584 0
5944 0.5437500000018562 0.7726683315075641 0
5945 0.5500000000018261 0.7618430139602748 0
5946 0.568732972881642 0.9025819726871638 0
5947 0.5749829728816267 0.8917566551399234 0
5948 0.5812159457615405 0.9025918032994954 0
5949 0.5812329728816115 0.8809313375926833 0
5950 0.593698918641439 0.9026016339118271 0
5951 0.5874829728815962 0.8701060200454429 0
5952 0.59371594576151 0.8809411682050149 0
5953 0.6061989186414084 0.8809509988173466 0
5954 0.5999489186414237 0.8917763163645869 0
5955 0.6124489186413931 0.8701256812701064 0
5956 0.6186818915213068 0.8809608294296783 0
5957 0.6061818915213375 0.9026114645241589 0
5958 0.5937329728815809 0.8592807024982028 0
5959 0.5999829728815655 0.8484553849509624 0
5960 0.6062159457614793 0.8592905331105344 0
5961 0.6062329728815503 0.8376300674037223 0
5962 0.6186989186413778 0.8593003637228661 0
5963 0.6186648644012359 0.9026212951364905 0
5964 0.6249148644012206 0.8917959775892503 0
5965 0.6311478372811343 0.9026311257488222 0
5966 0.6311648644012053 0.88097066004201 0
5967 0.6436308101610329 0.9026409563611539 0
5968 0.9202519340811065 0.261872898315758 0
5969 0.9314556356430634 0.2692069689995117 0
5970 0.9189297790959118 0.2750842914185259 0
5971 0.9426593372050204 0.2765410396832655 0
5972 0.9176076241107171 0.2882956845212937 0
5973 0.9538630387669773 0.2838751103670193 0
5974 0.9413371822198258 0.2897524327860334 0
5975 0.940015027234631 0.3029638258888012 0
5976 0.928811325672674 0.2956297552050474 0
5977 0.9512187287965881 0.310297896572555 0
5978 0.9386928722494363 0.3161752189915691 0
5979 0.9162854691255224 0.3015070776240615 0
5980 0.9650667403289344 0.2912091810507731 0
5981 0.9762704418908914 0.2985432517345268 0
5982 0.9637445853437396 0.3044205741535409 0
5983 0.9149633141403277 0.3147184707268294 0
5984 0.9261670157022848 0.3220525414105832 0
5985 0.913641159155133 0.3279298638295973 0
5986 0.0112037015619507 0.7823340706839552 0
5987 0.0112037015619507 0.7948340706838686 0
5988 0.0112037015619507 0.7698340706840419 0
5989 0.0224074031239014 0.777168141367824 0
5990 0.0112037015619507 0.7573340706841286 0
5991 0.03361110468585209 0.7720022120516927 0
5992 0.03361110468585209 0.7845022120516061 0
5993 0.0112037015619507 0.7448340706842154 0
5994 0.0224074031239014 0.7521681413679974 0
5995 0.03361110468585209 0.7470022120518661 0
5996 0.03361110468585209 0.7595022120517794 0
5997 0.03361110468585209 0.7345022120519529 0
5998 0.04481480624780279 0.7418362827357348 0
5999 0.04481480624780279 0.7668362827355615 0
6000 0.0112037015619507 0.732334070684302 0
6001 0.0112037015619507 0.7198340706843886 0
6002 0.0224074031239014 0.7271681413681708 0
6003 0.0112037015619507 0.7073340706844754 0
6004 0.03361110468585209 0.7220022120520395 0
6005 0.05601850780975349 0.7616703534194301 0
6006 0.05601850780975349 0.7741703534193434 0
6007 0.05601850780975349 0.7491703534195169 0
6008 0.06722220937170419 0.7565044241032989 0
6009 0.05601850780975349 0.7366703534196035 0
6010 0.07842591093365489 0.7513384947871676 0
6011 0.07842591093365489 0.7638384947870809 0
6012 0.169086702197991 0.07429892463196647 0
6013 0.1628896693140178 0.08488357519514526 0
6014 0.1752837350819642 0.06371427406878767 0
6015 0.1815526345842369 0.07450529532168139 0
6016 0.1814807679659374 0.05312962350560888 0
6017 0.1940185669704828 0.07471166601139631 0
6018 0.1878215340865096 0.08529631657457509 0
6019 0.1876778008499107 0.04254497294243009 0
6020 0.1939467003521834 0.0533359941953238 0
6021 0.2064126327384293 0.05354236488503872 0
6022 0.200215599854456 0.06412701544821751 0
6023 0.2126096656224025 0.04295771432185992 0
6024 0.2188785651246752 0.05374873557475364 0
6025 0.2064844993567287 0.07491803670111122 0
6026 0.193874833733884 0.0319603223792513 0
6027 0.2000718666178573 0.02137567181607251 0
6028 0.2063407661201299 0.03216669306896622 0
6029 0.2189504317429746 0.07512440739082614 0
6030 0.2127533988590014 0.08570905795400494 0
6031 0.2251474646269479 0.06453975682764734 0
6032 0.2314163641292206 0.07533077808054106 0
6033 0.2376852636314932 0.08612179933343476 0
6034 0.349999999998739 0.2814582562295842 0
6035 0.3562499999987239 0.2922835737768939 0
6036 0.3437499999987311 0.2922835737768806 0
6037 0.3624999999987087 0.3031088913242036 0
6038 0.3374999999987233 0.303108891324177 0
6039 0.3687499999986936 0.3139342088715133 0
6040 0.3562499999987009 0.3139342088715 0
6041 0.3499999999986929 0.3247595264187964 0
6042 0.3437499999987081 0.3139342088714867 0
6043 0.3562499999986778 0.3355848439661061 0
6044 0.343749999998685 0.3355848439660928 0
6045 0.3312499999987153 0.3139342088714734 0
6046 0.3749999999986784 0.324759526418823 0
6047 0.3812499999986631 0.3355848439661328 0
6048 0.3687499999986704 0.3355848439661194 0
6049 0.3874999999986479 0.3464101615134424 0
6050 0.3624999999986625 0.3464101615134158 0
6051 0.3249999999987075 0.3247595264187698 0
6052 0.3312499999986923 0.3355848439660795 0
6053 0.3187499999986996 0.3355848439660662 0
6054 0.3374999999986771 0.3464101615133892 0
6055 0.3124999999986917 0.3464101615133627 0
6056 0.2521754763198695 0.2827142680690989 0
6057 0.2462880557067332 0.2720982858283916 0
6058 0.2580628969330058 0.2933302503098063 0
6059 0.2455628969329939 0.2933302503098003 0
6060 0.263950317546142 0.3039462325505137 0
6061 0.2389503175461183 0.3039462325505017 0
6062 0.233062896932982 0.2933302503097943 0
6063 0.2698377381592783 0.3145622147912212 0
6064 0.2573377381592664 0.3145622147912151 0
6065 0.2507251587723908 0.3251781970319165 0
6066 0.2448377381592545 0.314562214791209 0
6067 0.2566125793855271 0.3357941792726239 0
6068 0.2441125793855152 0.3357941792726179 0
6069 0.2323377381592426 0.3145622147912031 0
6070 0.2757251587724145 0.3251781970319286 0
6071 0.2816125793855508 0.335794179272636 0
6072 0.269112579385539 0.33579417927263 0
6073 0.2874999999986871 0.3464101615133434 0
6074 0.2624999999986633 0.3464101615133314 0
6075 0.225725158772367 0.3251781970319044 0
6076 0.2198377381592308 0.3145622147911971 0
6077 0.2316125793855033 0.3357941792726118 0
6078 0.2191125793854914 0.3357941792726058 0
6079 0.2374999999986395 0.3464101615133193 0
6080 0.2124999999986158 0.3464101615133072 0
6081 0.2066125793854796 0.3357941792725997 0
6082 0.1672074835250267 0.0970142609456251 0
6083 0.1796734159112726 0.09722063163534003 0
6084 0.1715252977360355 0.1091449466961049 0
6085 0.1921393482975185 0.09742700232505495 0
6086 0.1758431119470445 0.1212756324465848 0
6087 0.2046052806837644 0.09763337301476985 0
6088 0.1964571625085274 0.1095576880755348 0
6089 0.2007749767195363 0.1216883738260146 0
6090 0.1883090443332904 0.1214820031362997 0
6091 0.2132409091057823 0.1218947445157295 0
6092 0.2050927909305453 0.1338190595764944 0
6093 0.1801609261580534 0.1334063181970646 0
6094 0.2170712130700103 0.09783974370448477 0
6095 0.2295371454562563 0.09804611439419966 0
6096 0.2213890272810192 0.1099704294549646 0
6097 0.2420030778425021 0.0982524850839146 0
6098 0.2257068414920282 0.1221011152054444 0
6099 0.1844787403690623 0.1455370039475444 0
6100 0.1969446727553082 0.1457433746372593 0
6101 0.1887965545800713 0.1576676896980243 0
6102 0.2094106051415542 0.1459497453269743 0
6103 0.1931143687910802 0.1697983754485042 0
6104 0.0125258565471121 0.6816226775818205 0
6105 0.0125258565471121 0.6941226775817337 0
6106 0.0125258565471121 0.6691226775819072 0
6107 0.0250517130942242 0.6757453551628609 0
6108 0.0125258565471121 0.6566226775819939 0
6109 0.0375775696413363 0.6698680327439013 0
6110 0.0375775696413363 0.6823680327438146 0
6111 0.0125258565471121 0.6441226775820805 0
6112 0.0250517130942242 0.6507453551630342 0
6113 0.0375775696413363 0.6448680327440747 0
6114 0.0375775696413363 0.6573680327439879 0
6115 0.0375775696413363 0.6323680327441614 0
6116 0.0501034261884484 0.6389907103251151 0
6117 0.0501034261884484 0.6639907103249416 0
6118 0.0125258565471121 0.6316226775821672 0
6119 0.0125258565471121 0.6191226775822539 0
6120 0.0250517130942242 0.6257453551632077 0
6121 0.0125258565471121 0.6066226775823407 0
6122 0.0375775696413363 0.6198680327442481 0
6123 0.06262928273556051 0.6581133879059821 0
6124 0.06262928273556051 0.6706133879058953 0
6125 0.06262928273556051 0.6456133879060688 0
6126 0.0751551392826726 0.6522360654870225 0
6127 0.06262928273556051 0.6331133879061555 0
6128 0.0876809958297847 0.6463587430680628 0
6129 0.0876809958297847 0.6588587430679762 0
6130 0.2482946082379716 0.1091469881433579 0
6131 0.2545861386334409 0.1200414912028012 0
6132 0.2401464900627346 0.1210713032041228 0
6133 0.2608776690289104 0.1309359942622444 0
6134 0.2319983718874976 0.1329956182648878 0
6135 0.2671691994243797 0.1418304973216877 0
6136 0.2527295508536733 0.1428603093230094 0
6137 0.2445814326784364 0.1547846243837743 0
6138 0.238289902282967 0.143890121324331 0
6139 0.2508729630739057 0.1656791274432176 0
6140 0.2364333145031993 0.1667089394445392 0
6141 0.2238502537122606 0.1449199333256527 0
6142 0.2734607298198491 0.152725000381131 0
6143 0.2797522602153185 0.1636195034405742 0
6144 0.2653126116446121 0.1646493154418959 0
6145 0.2860437906107879 0.1745140065000176 0
6146 0.2571644934693751 0.1765736305026608 0
6147 0.2157021355370236 0.1568442483864176 0
6148 0.221993665932493 0.1677387514458609 0
6149 0.2075540173617866 0.1687685634471825 0
6150 0.2282851963279623 0.1786332545053042 0
6151 0.1994058991865496 0.1806928785079475 0
6152 0.01032626494255275 0.5808654152949477 0
6153 0.01032626494255275 0.5933654152948638 0
6154 0.01032626494255275 0.5683654152950317 0
6155 0.02065252988510549 0.5742308305884247 0
6156 0.01032626494255275 0.5558654152951157 0
6157 0.03097879482765824 0.5675962458819017 0
6158 0.03097879482765824 0.5800962458818177 0
6159 0.01032626494255275 0.5433654152951997 0
6160 0.02065252988510549 0.5492308305885927 0
6161 0.03097879482765824 0.5425962458820697 0
6162 0.03097879482765824 0.5550962458819857 0
6163 0.03097879482765824 0.5300962458821536 0
6164 0.04130505977021098 0.5359616611755466 0
6165 0.04130505977021098 0.5609616611753786 0
6166 0.01032626494255275 0.5308654152952836 0
6167 0.01032626494255275 0.5183654152953676 0
6168 0.02065252988510549 0.5242308305887606 0
6169 0.01032626494255275 0.5058654152954516 0
6170 0.03097879482765824 0.5175962458822376 0
6171 0.05163132471276373 0.5543270764688555 0
6172 0.05163132471276373 0.5668270764687715 0
6173 0.05163132471276373 0.5418270764689395 0
6174 0.06195758965531647 0.5476924917623325 0
6175 0.05163132471276373 0.5293270764690234 0
6176 0.07228385459786921 0.5410579070558095 0
6177 0.07228385459786921 0.5535579070557255 0
6178 0.6498175424098718 0.8917823880315401 0
6179 0.643584569529958 0.8809472398719682 0
6180 0.6560042746587106 0.8809238197019262 0
6181 0.6373515966500443 0.8701120917123962 0
6182 0.6621910069075494 0.8700652513723125 0
6183 0.6311186237701305 0.8592769435528242 0
6184 0.6435383288988831 0.8592535233827825 0
6185 0.6497250611477219 0.8483949550531686 0
6186 0.6559580340276356 0.8592301032127405 0
6187 0.6434920882678081 0.8375598068935968 0
6188 0.6559117933965608 0.8375363867235548 0
6189 0.6683777391563883 0.8592066830426988 0
6190 0.6248856508902167 0.8484417953932524 0
6191 0.618652678010303 0.8376066472336804 0
6192 0.6310723831390556 0.8375832270636385 0
6193 0.6124197051303892 0.8267714990741084 0
6194 0.6372591153878944 0.8267246587340248 0
6195 0.6745644714052272 0.8483481147130849 0
6196 0.6683314985253135 0.837512966553513 0
6197 0.6807512036540661 0.8374895463834711 0
6198 0.6620985256453997 0.8266778183939411 0
6199 0.6869379359029049 0.8266309780538573 0
6200 0.6683071257434611 0.7507849409366645 0
6201 0.6561697051303554 0.7509942762432344 0
6202 0.6804445463565667 0.7505756056300947 0
6203 0.6744768308722185 0.7615868383138904 0
6204 0.6925819669696724 0.750366270323525 0
6205 0.6806465360009759 0.7723887356911163 0
6206 0.6685091153878704 0.7725980709976861 0
6207 0.704719387582778 0.750156935016955 0
6208 0.6987516720984298 0.7611681677007508 0
6209 0.7049213772271873 0.7719700650779766 0
6210 0.6927839566140817 0.7721794003845465 0
6211 0.7170587978402929 0.7717607297714069 0
6212 0.7110910823559448 0.7827719624552025 0
6213 0.6868162411297334 0.7831906330683421 0
6214 0.7168568081958837 0.7499475997103853 0
6215 0.7289942288089895 0.7497382644038154 0
6216 0.7230265133246412 0.7607494970876111 0
6217 0.741131649422095 0.7495289290972456 0
6218 0.7291962184533987 0.7715513944648369 0
6219 0.6929859462584909 0.7939925304455679 0
6220 0.6808485256453851 0.7942018657521379 0
6221 0.7051233668715966 0.7937831951389982 0
6222 0.6991556513872483 0.8047944278227939 0
6223 0.7172607874847021 0.7935738598324285 0
6224 0.7053253565160058 0.8155963252000198 0
6225 0.6931879359029001 0.8158056605065895 0
6226 0.537500000001808 0.9133974596220662 0
6227 0.5312500000018456 0.902572142074806 0
6228 0.5187500000018948 0.9025721420747999 0
6229 0.5250000000018833 0.8917468245275457 0
6230 0.5125000000019064 0.9133974596220538 0
6231 0.506250000001944 0.9025721420747936 0
6232 0.5187500000019208 0.8809215069802856 0
6233 0.4937500000019932 0.9025721420747874 0
6234 0.5000000000019816 0.8917468245275334 0
6235 0.4937500000020192 0.8809215069802732 0
6236 0.5062500000019701 0.8809215069802794 0
6237 0.4812500000020684 0.8809215069802669 0
6238 0.4875000000020568 0.870096189433013 0
6239 0.5125000000019584 0.8700961894330255 0
6240 0.4875000000020047 0.9133974596220413 0
6241 0.4812500000020423 0.9025721420747812 0
6242 0.4687500000020915 0.902572142074775 0
6243 0.47500000000208 0.8917468245275211 0
6244 0.462500000002103 0.9133974596220289 0
6245 0.4562500000021407 0.9025721420747688 0
6246 0.4687500000021175 0.8809215069802608 0
6247 0.506250000001996 0.8592708718857653 0
6248 0.4937500000020453 0.8592708718857591 0
6249 0.5000000000020337 0.8484455543385051 0
6250 0.4812500000020944 0.8592708718857529 0
6251 0.4937500000020714 0.8376202367912449 0
6252 0.5312500000018455 0.9242227771693071 0
6253 0.5250000000018831 0.935048094716548 0
6254 0.5187500000018948 0.9242227771693009 0
6255 0.5187500000019205 0.945873412263789 0
6256 0.5062500000019439 0.9242227771692947 0
6257 0.5125000000019579 0.9566987298110299 0
6258 0.5062500000019696 0.9458734122637829 0
6259 0.4937500000020187 0.9458734122637766 0
6260 0.5000000000019813 0.9350480947165356 0
6261 0.4875000000020562 0.9566987298110177 0
6262 0.481250000002068 0.9458734122637704 0
6263 0.493750000001993 0.9242227771692886 0
6264 0.5062500000019954 0.9675240473582709 0
6265 0.5000000000020328 0.9783493649055119 0
6266 0.4937500000020445 0.9675240473582647 0
6267 0.4812500000020422 0.9242227771692824 0
6268 0.4750000000020796 0.9350480947165234 0
6269 0.4687500000020913 0.9242227771692761 0
6270 0.07974806591881628 0.738127101684426 0
6271 0.06854436435686559 0.730793031000644 0
6272 0.0810702209039777 0.7249157085816843 0
6273 0.05734066279491489 0.723458960316862 0
6274 0.08239237588913909 0.7117043154789426 0
6275 0.04613696123296419 0.7161248896330799 0
6276 0.05866281778007629 0.7102475672141203 0
6277 0.0599849727652377 0.6970361741113786 0
6278 0.07118867432718839 0.7043702447951606 0
6279 0.048781271203287 0.6897021034275966 0
6280 0.0613071277503991 0.683824781008637 0
6281 0.0837145308743005 0.6984929223762011 0
6282 0.0349332596710135 0.7087908189492979 0
6283 0.0237295581090628 0.7014567482655159 0
6284 0.0362554146561749 0.6955794258465562 0
6285 0.08503668585946189 0.6852815292734594 0
6286 0.0738329842975112 0.6779474585896774 0
6287 0.08635884084462331 0.6720701361707178 0
6288 0.2800959400998022 0.1855137701361418 0
6289 0.2741480895888165 0.196513533772266 0
6290 0.2656562915290958 0.1865435821374635 0
6291 0.2682002390778308 0.2075132974083904 0
6292 0.2512166429583894 0.1875733941387851 0
6293 0.2622523885668452 0.2185130610445147 0
6294 0.2537605905071244 0.208543109409712 0
6295 0.2393209419364181 0.2095729214110336 0
6296 0.2452687924474037 0.1985731577749094 0
6297 0.2333730914254324 0.2205726850471579 0
6298 0.2248812933657117 0.2106027334123553 0
6299 0.236776994387683 0.1886032061401067 0
6300 0.2563045380558595 0.2295128246806389 0
6301 0.2503566875448738 0.2405125883167633 0
6302 0.2418648894851531 0.2305426366819606 0
6303 0.2444088370338881 0.2515123519528876 0
6304 0.2274252409144467 0.2315724486832823 0
6305 0.2223373458169766 0.1896330181414284 0
6306 0.2163894953059909 0.2006327817775527 0
6307 0.2078976972462702 0.1906628301427501 0
6308 0.2104416447950053 0.211632545413677 0
6309 0.1934580486755639 0.1916926421440718 0
6310 0.6186697051303844 0.8159461815268407 0
6311 0.6249197051303795 0.8051208639795731 0
6312 0.6310894102591369 0.815922761356799 0
6313 0.6311697051303746 0.7942955464323054 0
6314 0.6435091153878896 0.815899341186757 0
6315 0.6374197051303698 0.7834702288850376 0
6316 0.6435894102591273 0.7942721262622634 0
6317 0.65600911538788 0.7942487060922216 0
6318 0.6497591153878848 0.8050740236394893 0
6319 0.6622591153878752 0.7834233885449539 0
6320 0.6684288205166327 0.7942252859221797 0
6321 0.6559288205166423 0.8158759210167152 0
6322 0.643669705130365 0.7726449113377698 0
6323 0.6499197051303602 0.7618195937905021 0
6324 0.6560894102591177 0.772621491167728 0
6325 0.6683485256453949 0.8158525008466733 0
6326 0.67459852564539 0.8050271832994056 0
6327 0.6807682307741474 0.8158290806766315 0
6328 0.4812502860898449 0.8376215366899966 0
6329 0.4875002860898333 0.8267962191427427 0
6330 0.4750002860898564 0.8484468542372506 0
6331 0.4687505721776185 0.8376228365887484 0
6332 0.468750286089868 0.8592721717845047 0
6333 0.456250858265392 0.8376241364875001 0
6334 0.4625008582653805 0.8267988189402462 0
6335 0.4625002860898795 0.8700974893317586 0
6336 0.4562505721776415 0.8592734716832564 0
6337 0.443750858265415 0.8592747715820082 0
6338 0.4500008582654036 0.8484494540347541 0
6339 0.4375008582654265 0.8701000891292621 0
6340 0.4312511443531886 0.8592760714807599 0
6341 0.4437511443531655 0.8376254363862519 0
6342 0.456250286089891 0.8809228068790126 0
6343 0.4500002860899026 0.8917481244262666 0
6344 0.4437505721776646 0.8809241067777643 0
6345 0.4312514304409391 0.8376267362850036 0
6346 0.4375014304409276 0.8268014187377497 0
6347 0.4250014304409506 0.8484520538322576 0
6348 0.4187517165287126 0.8376280361837554 0
6349 0.4125020026164746 0.8268040185352532 0
6350 0.4500002860894937 0.7618443138584206 0
6351 0.4562502860895503 0.7726696314058076 0
6352 0.4437505721773239 0.7726709313045593 0
6353 0.4625002860896069 0.7834949489531946 0
6354 0.4375008582651541 0.7834975487506981 0
6355 0.4687502860896635 0.7943202665005816 0
6356 0.4562505721774371 0.7943215663993334 0
6357 0.4500008582652673 0.8051481838454722 0
6358 0.4437508582652107 0.7943228662980851 0
6359 0.4562508582653239 0.8159735013928592 0
6360 0.4437511443530974 0.8159748012916109 0
6361 0.4312511443529842 0.7943241661968369 0
6362 0.4750002860897201 0.8051455840479687 0
6363 0.4812502860897767 0.8159709015953557 0
6364 0.4687505721775503 0.8159722014941074 0
6365 0.4250014304408143 0.8051507836429757 0
6366 0.431251430440871 0.8159761011903627 0
6367 0.4187517165286445 0.8159774010891144 0
6368 0.02285212148966485 0.5999880928758176 0
6369 0.03317838643221759 0.5933535081692944 0
6370 0.03537797803677695 0.6066107704567713 0
6371 0.04350465137477034 0.5867189234627714 0
6372 0.04790383458388905 0.6132334480377249 0
6373 0.05383091631732308 0.5800843387562484 0
6374 0.05603050792188244 0.5933416010437251 0
6375 0.06855636446899455 0.5999642786246788 0
6376 0.05823009952644179 0.6065988633312018 0
6377 0.07888262941154728 0.5933296939181558 0
6378 0.08108222101610664 0.6065869562056325 0
6379 0.06042969113100115 0.6198561256186788 0
6380 0.06415718125987582 0.5734497540497253 0
6381 0.07448344620242857 0.5668151693432022 0
6382 0.07668303780698793 0.580072431630679 0
6383 0.08480971114498131 0.5601805846366792 0
6384 0.08920889435410002 0.5866951092116327 0
6385 0.07295554767811324 0.6264788031996325 0
6386 0.083281812620666 0.6198442184931093 0
6387 0.08548140422522535 0.6331014807805861 0
6388 0.09360807756321873 0.6132096337865862 0
6389 0.09800726077233746 0.6397241583615398 0
6390 0.07249598453529384 0.529191709308928 0
6391 0.08282224947784658 0.535057124602321 0
6392 0.06216971959274109 0.5233262940155351 0
6393 0.07270811447271847 0.5173255115620468 0
6394 0.05184345465018835 0.5174608787221422 0
6395 0.07292024441014308 0.5054593138151653 0
6396 0.08324650935269583 0.5113247291085583 0
6397 0.04151718970763561 0.5115954634287492 0
6398 0.05205558458761297 0.5055946809752607 0
6399 0.0522677145250376 0.4937284832283794 0
6400 0.06259397946759035 0.4995938985217723 0
6401 0.04194144958248486 0.4878630679349864 0
6402 0.05247984446246222 0.481862285481498 0
6403 0.07313237434756771 0.4935931160682839 0
6404 0.03119092476508286 0.5057300481353562 0
6405 0.02086465982253011 0.4998646328419632 0
6406 0.03140305470250748 0.4938638503884748 0
6407 0.07334450428499234 0.4817269183214025 0
6408 0.08367076922754509 0.4875923336147955 0
6409 0.06301823934243959 0.4758615030280096 0
6410 0.07355663422241697 0.4698607205745212 0
6411 0.08409502910239433 0.4638599381210328 0
6412 0.7510364110516101 0.8912233368700355 0
6413 0.7572645432025591 0.9021310582613065 0
6414 0.7448082789006611 0.8803156154787646 0
6415 0.7591182560149194 0.8794850661173588 0
6416 0.7385801467497121 0.8694078940874936 0
6417 0.7672001009782288 0.8677467953646821 0
6418 0.7734282331291777 0.8786545167559532 0
6419 0.732352014598763 0.8585001726962227 0
6420 0.7466619917130214 0.8576696233348169 0
6421 0.7547438366763307 0.8459313525821401 0
6422 0.7609719688272798 0.8568390739734111 0
6423 0.7485157045253816 0.8350236311908692 0
6424 0.7628256816396402 0.8341930818294634 0
6425 0.7752819459415381 0.8560085246120055 0
6426 0.726123882447814 0.8475924513049516 0
6427 0.719895750296865 0.8366847299136806 0
6428 0.7342057274111233 0.835854180552275 0
6429 0.7136676181459159 0.8257770085224097 0
6430 0.7422875723744327 0.8241159097995983 0
6431 0.7833637909048475 0.8442702538593287 0
6432 0.7895919230557966 0.8551779752505997 0
6433 0.7771356587538985 0.8333625324680578 0
6434 0.7914456358681569 0.832531983106652 0
6435 0.7709075266029495 0.8224548110767868 0
6436 0.7995274808314662 0.8207937123539752 0
6437 0.8057556129824153 0.8317014337452462 0
6438 0.7196353336302641 0.814765775838614 0
6439 0.7256030491146124 0.8037545431548183 0
6440 0.7339453107445225 0.8139352264772082 0
6441 0.7315707645989605 0.7927433104710226 0
6442 0.7482552878587809 0.8131046771158025 0
6443 0.7375384800833088 0.781732077787227 0
6444 0.7458807417132189 0.7919127611096168 0
6445 0.7601907188274774 0.7910822117482111 0
6446 0.7542230033431291 0.8020934444320068 0
6447 0.7661584343118255 0.7800709790644155 0
6448 0.7745006959417358 0.7902516623868054 0
6449 0.7625652649730392 0.8122741277543968 0
6450 0.743506195567657 0.7707208451034312 0
6451 0.7494739110520052 0.7597096124196355 0
6452 0.7578161726819154 0.7698902957420255 0
6453 0.7554416265363534 0.7486983797358399 0
6454 0.7721261497961738 0.7690597463806198 0
6455 0.7768752420872976 0.8114435783929911 0
6456 0.7828429575716459 0.8004323457091954 0
6457 0.791185219201556 0.8106130290315854 0
6458 0.7888106730559941 0.7894211130253997 0
6459 0.8054951963158145 0.8097824796701796 0
6460 0.8811261537873468 0.9897985262480153 0
6461 0.8936261537872948 0.9897985262480153 0
6462 0.8686261537873988 0.9897985262480153 0
6463 0.8747523075750581 0.9795970524960307 0
6464 0.8561261537874509 0.9897985262480153 0
6465 0.8683784613627692 0.969395578744046 0
6466 0.8808784613627172 0.969395578744046 0
6467 0.8436261537875029 0.9897985262480153 0
6468 0.8497523075751621 0.9795970524960307 0
6469 0.8433784613628733 0.969395578744046 0
6470 0.8558784613628213 0.969395578744046 0
6471 0.8308784613629253 0.969395578744046 0
6472 0.8370046151505846 0.9591941049920614 0
6473 0.8620046151504805 0.9591941049920614 0
6474 0.8311261537875549 0.9897985262480153 0
6475 0.8186261537876069 0.9897985262480153 0
6476 0.8247523075752661 0.9795970524960307 0
6477 0.806126153787659 0.9897985262480153 0
6478 0.8183784613629774 0.969395578744046 0
6479 0.8556307689381917 0.9489926312400767 0
6480 0.8681307689381397 0.9489926312400767 0
6481 0.8431307689382437 0.9489926312400767 0
6482 0.8492569227259028 0.9387911574880921 0
6483 0.8306307689382957 0.9489926312400767 0
6484 0.8428830765136142 0.9285896837361074 0
6485 0.855383076513562 0.9285896837361074 0
6486 0.01039855045118538 0.8813629738667395 0
6487 0.01039855045118538 0.8938629738666874 0
6488 0.01039855045118538 0.8688629738667915 0
6489 0.02079710090237076 0.8752259477338433 0
6490 0.01039855045118538 0.8563629738668435 0
6491 0.03119565135355614 0.8690889216009472 0
6492 0.03119565135355614 0.8815889216008952 0
6493 0.01039855045118538 0.8438629738668955 0
6494 0.02079710090237076 0.8502259477339473 0
6495 0.03119565135355614 0.8440889216010512 0
6496 0.03119565135355614 0.8565889216009992 0
6497 0.03119565135355614 0.8315889216011032 0
6498 0.04159420180474153 0.8379518954681551 0
6499 0.04159420180474153 0.8629518954680511 0
6500 0.01039855045118538 0.8313629738669476 0
6501 0.01039855045118538 0.8188629738669997 0
6502 0.02079710090237076 0.8252259477340513 0
6503 0.01039855045118538 0.8063629738670517 0
6504 0.03119565135355614 0.8190889216011552 0
6505 0.05199275225592691 0.8568148693351548 0
6506 0.05199275225592691 0.8693148693351027 0
6507 0.05199275225592691 0.8443148693352069 0
6508 0.06239130270711229 0.8506778432022586 0
6509 0.05199275225592691 0.8318148693352589 0
6510 0.07278985315829768 0.8445408170693625 0
6511 0.07278985315829768 0.8570408170693105 0
6512 0.01040589075091607 0.1811413921981007 0
6513 0.01040589075091607 0.1936413921981527 0
6514 0.01040589075091607 0.1686413921980487 0
6515 0.02081178150183214 0.1747827843954211 0
6516 0.01040589075091607 0.1561413921979966 0
6517 0.03121767225274821 0.1684241765927416 0
6518 0.03121767225274821 0.1809241765927936 0
6519 0.01040589075091607 0.1436413921979446 0
6520 0.02081178150183214 0.1497827843953171 0
6521 0.03121767225274821 0.1434241765926375 0
6522 0.03121767225274821 0.1559241765926896 0
6523 0.03121767225274821 0.1309241765925855 0
6524 0.04162356300366427 0.137065568789958 0
6525 0.04162356300366427 0.162065568790062 0
6526 0.01040589075091607 0.1311413921978926 0
6527 0.01040589075091607 0.1186413921978406 0
6528 0.02081178150183214 0.124782784395213 0
6529 0.01040589075091607 0.1061413921977885 0
6530 0.03121767225274821 0.1184241765925335 0
6531 0.05202945375458033 0.1557069609873825 0
6532 0.05202945375458033 0.1682069609874345 0
6533 0.05202945375458033 0.1432069609873304 0
6534 0.0624353445054964 0.1493483531847029 0
6535 0.05202945375458033 0.1307069609872784 0
6536 0.07284123525641246 0.1429897453820232 0
6537 0.07284123525641246 0.1554897453820753 0
6538 0.9896130517803352 0.1186451400150647 0
6539 0.9896130517803352 0.1061451400150967 0
6540 0.9896130517803352 0.1311451400150326 0
6541 0.9792261035606704 0.1247902800303467 0
6542 0.9896130517803352 0.1436451400150004 0
6543 0.9688391553410056 0.1309354200456287 0
6544 0.9688391553410056 0.1184354200456608 0
6545 0.9896130517803352 0.1561451400149683 0
6546 0.9792261035606704 0.1497902800302825 0
6547 0.9688391553410056 0.1559354200455645 0
6548 0.9688391553410056 0.1434354200455966 0
6549 0.9688391553410056 0.1684354200455324 0
6550 0.9584522071213408 0.1620805600608466 0
6551 0.9584522071213408 0.1370805600609108 0
6552 0.9896130517803352 0.1686451400149362 0
6553 0.9896130517803352 0.1811451400149041 0
6554 0.9792261035606704 0.1747902800302183 0
6555 0.9896130517803352 0.193645140014872 0
6556 0.9688391553410056 0.1809354200455003 0
6557 0.948065258901676 0.1432257000761928 0
6558 0.948065258901676 0.1307257000762249 0
6559 0.948065258901676 0.1557257000761608 0
6560 0.9376783106820112 0.1493708400914749 0
6561 0.948065258901676 0.1682257000761286 0
6562 0.9272913624623464 0.155515980106757 0
6563 0.9272913624623464 0.1430159801067891 0
6564 0.769742859710312 0.902695918382574 0
6565 0.7616610147470027 0.9144341891352507 0
6566 0.7778247046736214 0.8909576476298973 0
6567 0.7822211762180651 0.9032607785038413 0
6568 0.7859065496369309 0.8792193768772205 0
6569 0.794699492725818 0.9038256386251089 0
6570 0.7866176477625086 0.9155639093777855 0
6571 0.7939883946002402 0.8674811061245439 0
6572 0.7983848661446837 0.8797842369984881 0
6573 0.8108631826524366 0.8803490971197554 0
6574 0.8027813376891273 0.8920873678724321 0
6575 0.8189450276157459 0.8686108263670788 0
6576 0.8233414991601895 0.8809139572410229 0
6577 0.8071778092335709 0.9043904987463762 0
6578 0.8020702395635495 0.8557428353718671 0
6579 0.8101520845268588 0.8440045646191904 0
6580 0.8145485560713024 0.8563076954931346 0
6581 0.8196561257413237 0.9049553588676438 0
6582 0.8115742807780144 0.9166936296203204 0
6583 0.8277379707046332 0.893217088114967 0
6584 0.8321344422490768 0.9055202189889111 0
6585 0.8365309137935204 0.9178233498628553 0
6586 0.7997739910675652 0.9790321923747632 0
6587 0.7934218283474714 0.9682658585015111 0
6588 0.8059001448552244 0.9688307186227786 0
6589 0.7870696656273777 0.957499524628259 0
6590 0.8120262986428837 0.9586292448707939 0
6591 0.7807175029072839 0.9467331907550069 0
6592 0.7931958194150369 0.9472980508762744 0
6593 0.7993219732026962 0.9370965771242897 0
6594 0.8056741359227899 0.9478629109975418 0
6595 0.7929698104826024 0.9263302432510376 0
6596 0.8054481269903553 0.9268951033723051 0
6597 0.8181524524305428 0.9484277711188093 0
6598 0.7743653401871902 0.9359668568817548 0
6599 0.7680131774670964 0.9252005230085028 0
6600 0.7804914939748494 0.9257653831297702 0
6601 0.8242786062182019 0.9382262973668246 0
6602 0.8179264434981082 0.9274599634935725 0
6603 0.8304047600058612 0.92802482361484 0
6604 0.02160225201313608 0.8011970445509204 0
6605 0.03280595357508678 0.7960311152347891 0
6606 0.03200080246432147 0.8075600184179721 0
6607 0.04400965513703747 0.7908651859186577 0
6608 0.04239935291550685 0.813922992285024 0
6609 0.05521335669898818 0.7856992566025265 0
6610 0.05440820558822286 0.7972281597857096 0
6611 0.06480675603940825 0.8035911336527615 0
6612 0.05360305447745754 0.8087570629688927 0
6613 0.07601045760135894 0.7984252043366302 0
6614 0.07520530649059362 0.8099541075198133 0
6615 0.05279790336669223 0.8202859661520758 0
6616 0.06641705826093888 0.7805333272863952 0
6617 0.07762075982288957 0.775367397970264 0
6618 0.07681560871212426 0.7868963011534471 0
6619 0.06319645381787761 0.8266489400191277 0
6620 0.07440015537982832 0.8214830107029963 0
6621 0.073595004269063 0.8330119138861793 0
6622 0.07762810012252618 0.2246369680950228 0
6623 0.06642439856059115 0.2194710387788778 0
6624 0.07683028931150723 0.2131124309761982 0
6625 0.05522069699865614 0.2143051094627328 0
6626 0.07603247850048828 0.2015878938573736 0
6627 0.04401699543672113 0.2091391801465877 0
6628 0.05442288618763719 0.2027805723439082 0
6629 0.05362507537661824 0.1912560352250836 0
6630 0.06482877693855327 0.1964219645412286 0
6631 0.04242137381468322 0.1860901059089386 0
6632 0.05282726456559929 0.179731498106259 0
6633 0.07523466768946932 0.190063356738549 0
6634 0.03281329387478611 0.2039732508304427 0
6635 0.02160959231285109 0.1988073215142977 0
6636 0.03201548306376716 0.1924487137116181 0
6637 0.07443685687845038 0.1785388196197244 0
6638 0.06323315531651535 0.1733728903035794 0
6639 0.07363904606743142 0.1670142825008998 0
6640 0.9784093502183782 0.1988110693310818 0
6641 0.9672056486564212 0.2039769986472917 0
6642 0.9680224019987134 0.192456209346396 0
6643 0.9560019470944643 0.2091429279635015 0
6644 0.9576354537790486 0.1861013493617101 0
6645 0.9447982455325072 0.2143088572797112 0
6646 0.9456149988747995 0.2027880679788156 0
6647 0.9352280506551347 0.1964332079941297 0
6648 0.9464317522170916 0.19126727867792 0
6649 0.9240243490931777 0.2015991373103395 0
6650 0.9248411024354699 0.1900783480094439 0
6651 0.9472485055593838 0.1797464893770243 0
6652 0.9335945439705503 0.2194747865959211 0
6653 0.9223908424085934 0.2246407159121309 0
6654 0.9232075957508855 0.2131199266112352 0
6655 0.936861557339719 0.1733916293923385 0
6656 0.9256578557777621 0.1785575587085483 0
6657 0.9264746091200542 0.1670367694076526 0
6658 0.7662971655322959 0.2525933247810646 0
6659 0.7577864679701097 0.262528980121555 0
6660 0.774807863094482 0.2426576694405742 0
6661 0.7769842685982672 0.2536400013139944 0
6662 0.7833185606566682 0.2327220141000838 0
6663 0.7876713716642385 0.2546866778469243 0
6664 0.7791606741020523 0.2646223331874147 0
6665 0.7918292582188544 0.2227863587595934 0
6666 0.7940056637226395 0.2337686906330136 0
6667 0.8046927667886108 0.2348153671659435 0
6668 0.7961820692264246 0.2447510225064339 0
6669 0.8132034643507969 0.2248797118254531 0
6670 0.8153798698545821 0.2358620436988734 0
6671 0.7983584747302097 0.2557333543798542 0
6672 0.8003399557810406 0.2128507034191029 0
6673 0.8088506533432267 0.2029150480786125 0
6674 0.8110270588470119 0.2138973799520328 0
6675 0.809045577796181 0.2567800309127841 0
6676 0.8005348802339949 0.2667156862532745 0
6677 0.8175562753583672 0.2468443755722937 0
6678 0.8197326808621523 0.257826707445714 0
6679 0.8219090863659374 0.2688090393191342 0
6680 0.2314845991309337 0.7487336582942143 0
6681 0.2396754763218814 0.7389363670247552 0
6682 0.2232937219399859 0.7585309495636736 0
6683 0.2211600754517832 0.7474776464547699 0
6684 0.2151028447490382 0.7683282408331329 0
6685 0.2108355517726326 0.7462216346153252 0
6686 0.2190264289635803 0.736424343345866 0
6687 0.2069119675580904 0.7781255321025921 0
6688 0.2047783210698876 0.7670722289936882 0
6689 0.194453797390737 0.7658162171542438 0
6690 0.2026446745816848 0.7560189258847845 0
6691 0.1862629201997893 0.7756135084237029 0
6692 0.1841292737115865 0.7645602053147991 0
6693 0.200511028093482 0.7449656227758807 0
6694 0.1987210903671426 0.7879228233720513 0
6695 0.1905302131761949 0.7977201146415106 0
6696 0.1883965666879921 0.7866668115326068 0
6697 0.1901865044143315 0.7437096109364361 0
6698 0.1983773816052792 0.7339123196669769 0
6699 0.1819956272233838 0.7535069022058953 0
6700 0.179861980735181 0.7424535990969916 0
6701 0.1777283342469782 0.7314002959880878 0
6702 0.1912627436695054 0.2027092703118517 0
6703 0.199754541729226 0.2126792219466543 0
6704 0.1890674386634467 0.2137258984796316 0
6705 0.2082463397889467 0.2226491735814569 0
6706 0.1868721336573881 0.2247425266474116 0
6707 0.2167381378486674 0.2326191252162595 0
6708 0.2060510347828881 0.2336658017492368 0
6709 0.2038557297768296 0.2446824299170169 0
6710 0.1953639317171089 0.2347124782822142 0
6711 0.2123475278365503 0.2546523815518195 0
6712 0.201660424770771 0.2556990580847969 0
6713 0.1846768286513296 0.2357591548151916 0
6714 0.2252299359083881 0.2425890768510622 0
6715 0.2337217339681089 0.2525590284858649 0
6716 0.2230346309023296 0.2536057050188422 0
6717 0.2422135320278296 0.2625289801206676 0
6718 0.220839325896271 0.2646223331866222 0
6719 0.182481523645271 0.2467757829829715 0
6720 0.1909733217049918 0.2567457346177742 0
6721 0.1802862186392125 0.2577924111507515 0
6722 0.1994651197647125 0.2667156862525769 0
6723 0.1780909136331539 0.2688090393185315 0
6724 0.8078400377516857 0.7985551198148378 0
6725 0.7994977761217754 0.7883744364924479 0
6726 0.8101848791875568 0.787327759959496 0
6727 0.7911555144918652 0.7781937531700579 0
6728 0.8125297206234279 0.7761004001041542 0
6729 0.7828132528619551 0.7680130698476679 0
6730 0.7935003559277364 0.7669663933147161 0
6731 0.7958451973636076 0.7557390334593742 0
6732 0.8041874589935176 0.7659197167817642 0
6733 0.7875029357336973 0.7455583501369842 0
6734 0.7981900387994787 0.7445116736040324 0
6735 0.814874562059299 0.7648730402488123 0
6736 0.7744709912320449 0.757832386525278 0
6737 0.7661287296021346 0.747651703202888 0
6738 0.776815832667916 0.7466050266699361 0
6739 0.7577864679722246 0.737471019880498 0
6740 0.7791606741037871 0.7353776668145943 0
6741 0.8172194034951701 0.7536456803934705 0
6742 0.8088771418652601 0.7434649970710805 0
6743 0.8195642449310413 0.7424183205381286 0
6744 0.8005348802353498 0.7332843137486905 0
6745 0.8219090863669125 0.7311909606827869 0
6746 0.9023186472276621 0.5645840831346627 0
6747 0.9043844239899517 0.5513950851059939 0
6748 0.9002528704653725 0.5777730811633316 0
6749 0.8910214652432098 0.5679534490483471 0
6750 0.898187093703083 0.5909620791920005 0
6751 0.8797242832587575 0.5713228149620315 0
6752 0.8817900600210471 0.5581338169333627 0
6753 0.8961213169407936 0.6041510772206693 0
6754 0.8868899117186307 0.5943314451056849 0
6755 0.8755927297341785 0.5977008110193693 0
6756 0.8776585064964679 0.5845118129907004 0
6757 0.873526952971889 0.6108898090480381 0
6758 0.8642955477497262 0.6010701769330538 0
6759 0.8684271012743052 0.5746921808757159 0
6760 0.8940555401785041 0.6173400752493382 0
6761 0.8919897634162146 0.6305290732780071 0
6762 0.8827583581940518 0.6207094411630226 0
6763 0.8571299192898528 0.5780615467894004 0
6764 0.8591956960521423 0.5648725487607316 0
6765 0.8550641425275634 0.5912505448180692 0
6766 0.8458327373054005 0.5814309127030848 0
6767 0.8366013320832377 0.5716112805881004 0
6768 0.0976628618584446 0.4354479440680408 0
6769 0.09560410696209823 0.4486247798680928 0
6770 0.09972161675479095 0.4222711082679887 0
6771 0.1089598097807239 0.432078983561982 0
6772 0.1017803716511373 0.4090942724679367 0
6773 0.1202567577030031 0.4287100230559234 0
6774 0.1181980028066567 0.4418868588559755 0
6775 0.1038391265474837 0.3959174366678847 0
6776 0.1130773195734166 0.4057253119618781 0
6777 0.1243742674956959 0.4023563514558194 0
6778 0.1223155125993494 0.4155331872558714 0
6779 0.1264330223920422 0.3891795156557675 0
6780 0.1356712154179751 0.3989873909497608 0
6781 0.1315537056252823 0.4253410625498648 0
6782 0.1058978814438301 0.3827406008678327 0
6783 0.1079566363401764 0.3695637650677808 0
6784 0.1171948293661094 0.3793716403617742 0
6785 0.1428506535475616 0.4219721020438061 0
6786 0.1407918986512152 0.4351489378438581 0
6787 0.144909408443908 0.4087952662437541 0
6788 0.1541476014698409 0.4186031415377474 0
6789 0.1633857944957738 0.4284110168317408 0
6790 0.892502382548362 0.3703537575077019 0
6791 0.8947019741529267 0.3836110197952038 0
6792 0.8830120258693728 0.3804316733765227 0
6793 0.8969015657574915 0.3968682820827057 0
6794 0.8735216691903833 0.3905095892453434 0
6795 0.8991011573620561 0.4101255443702077 0
6796 0.887411209078502 0.4069461979515265 0
6797 0.8779208523995128 0.4170241138203472 0
6798 0.8757212607949481 0.4037668515328453 0
6799 0.8801204440040774 0.4302813761078491 0
6800 0.8684304957205233 0.427102029689168 0
6801 0.8640313125113941 0.4005875051141642 0
6802 0.9013007489666208 0.4233828066577096 0
6803 0.9035003405711856 0.4366400689452115 0
6804 0.8918103922876315 0.4334607225265303 0
6805 0.9056999321757502 0.4498973312327134 0
6806 0.8823200356086421 0.443538638395351 0
6807 0.8545409558324046 0.410665420982985 0
6808 0.8567405474369694 0.4239226832704869 0
6809 0.8450505991534154 0.4207433368518057 0
6810 0.8589401390415341 0.4371799455579888 0
6811 0.835560242474426 0.4308212527206264 0
6812 0.1074976174513118 0.6296462424927165 0
6813 0.1052980258467524 0.6163889802052397 0
6814 0.1169879741302861 0.6195683266238932 0
6815 0.103098434242193 0.6031317179177629 0
6816 0.1264783308092604 0.6094904107550698 0
6817 0.1008988426376337 0.5898744556302862 0
6818 0.1125887909211674 0.5930538020489395 0
6819 0.1220791476001417 0.5829758861801162 0
6820 0.124278739204701 0.596233148467593 0
6821 0.1198795559955823 0.5697186238926395 0
6822 0.131569504279116 0.5728979703112929 0
6823 0.1359686874882348 0.5994124948862465 0
6824 0.09869925103307434 0.5766171933428094 0
6825 0.09649965942851499 0.5633599310553326 0
6826 0.1081896077120486 0.566539277473986 0
6827 0.09430006782395563 0.5501026687678559 0
6828 0.117679964391023 0.5564613616051627 0
6829 0.1454590441672091 0.5893345790174231 0
6830 0.1432594525626497 0.5760773167299464 0
6831 0.1549494008461834 0.5792566631485998 0
6832 0.1410598609580903 0.5628200544424696 0
6833 0.1644397575251577 0.5691787472797765 0
6834 0.9783493649053046 0.9908493649053618 0
6835 0.9908493649053567 0.9908493649053618 0
6836 0.9658493649052525 0.9908493649053618 0
6837 0.9691987298106612 0.9816987298107236 0
6838 0.9533493649052005 0.9908493649053618 0
6839 0.9600480947160178 0.9725480947160854 0
6840 0.9725480947160698 0.9725480947160854 0
6841 0.9408493649051484 0.9908493649053618 0
6842 0.9441987298105571 0.9816987298107236 0
6843 0.9350480947159138 0.9725480947160854 0
6844 0.9475480947159658 0.9725480947160854 0
6845 0.9225480947158617 0.9725480947160854 0
6846 0.9258974596212703 0.9633974596214471 0
6847 0.9508974596213745 0.9633974596214471 0
6848 0.9283493649050963 0.9908493649053618 0
6849 0.9158493649050443 0.9908493649053618 0
6850 0.919198729810453 0.9816987298107236 0
6851 0.9033493649049923 0.9908493649053618 0
6852 0.9100480947158096 0.9725480947160854 0
6853 0.9417468245267311 0.9542468245268088 0
6854 0.9542468245267832 0.9542468245268088 0
6855 0.9292468245266791 0.9542468245268088 0
6856 0.9325961894320878 0.9450961894321706 0
6857 0.916746824526627 0.9542468245268088 0
6858 0.9234455543374444 0.9359455543375323 0
6859 0.9359455543374964 0.9359455543375323 0
6860 0.00915063509464906 0.9783493649052989 0
6861 0.00915063509464906 0.9908493649053509 0
6862 0.00915063509464906 0.9658493649052469 0
6863 0.01830127018929812 0.9691987298106498 0
6864 0.00915063509464906 0.9533493649051947 0
6865 0.02745190528394718 0.9600480947160007 0
6866 0.02745190528394718 0.9725480947160527 0
6867 0.00915063509464906 0.9408493649051428 0
6868 0.01830127018929812 0.9441987298105458 0
6869 0.02745190528394718 0.9350480947158967 0
6870 0.02745190528394718 0.9475480947159487 0
6871 0.02745190528394718 0.9225480947158446 0
6872 0.03660254037859624 0.9258974596212476 0
6873 0.03660254037859624 0.9508974596213516 0
6874 0.00915063509464906 0.9283493649050907 0
6875 0.00915063509464906 0.9158493649050385 0
6876 0.01830127018929812 0.9191987298104416 0
6877 0.00915063509464906 0.9033493649049866 0
6878 0.02745190528394718 0.9100480947157925 0
6879 0.0457531754732453 0.9417468245267026 0
6880 0.0457531754732453 0.9542468245267546 0
6881 0.0457531754732453 0.9292468245266505 0
6882 0.05490381056789436 0.9325961894320535 0
6883 0.0457531754732453 0.9167468245265985 0
6884 0.06405444566254342 0.9234455543374045 0
6885 0.06405444566254342 0.9359455543374564 0
6886 0.9908493649053445 0.0216506350946173 0
6887 0.9908493649053445 0.009150635094640475 0
6888 0.9908493649053445 0.03415063509459414 0
6889 0.981698729810689 0.03080127018925778 0
6890 0.9908493649053445 0.04665063509457097 0
6891 0.9725480947160334 0.03995190528389825 0
6892 0.9725480947160334 0.02745190528392142 0
6893 0.9908493649053445 0.0591506350945478 0
6894 0.981698729810689 0.05580127018921144 0
6895 0.9725480947160334 0.06495190528385192 0
6896 0.9725480947160334 0.05245190528387508 0
6897 0.9725480947160334 0.07745190528382875 0
6898 0.963397459621378 0.0741025403784924 0
6899 0.963397459621378 0.04910254037853873 0
6900 0.9908493649053445 0.07165063509452463 0
6901 0.9908493649053445 0.08415063509450146 0
6902 0.981698729810689 0.08080127018916511 0
6903 0.9908493649053445 0.0966506350944783 0
6904 0.9725480947160334 0.08995190528380559 0
6905 0.9542468245267226 0.05825317547317919 0
6906 0.9542468245267226 0.04575317547320236 0
6907 0.9542468245267226 0.07075317547315603 0
6908 0.9450961894320671 0.06740381056781966 0
6909 0.9542468245267226 0.08325317547313285 0
6910 0.9359455543374116 0.07655444566246014 0
6911 0.9359455543374116 0.06405444566248331 0
6912 0.9158493649051471 0.009150635094640475 0
6913 0.9033493649051142 0.009150635094640475 0
6914 0.9283493649051801 0.009150635094640475 0
6915 0.9191987298105245 0.01830127018928095 0
6916 0.940849364905213 0.009150635094640475 0
6917 0.9225480947159019 0.02745190528392142 0
6918 0.910048094715869 0.02745190528392142 0
6919 0.9533493649052458 0.009150635094640475 0
6920 0.9441987298105903 0.01830127018928095 0
6921 0.9475480947159678 0.02745190528392142 0
6922 0.9350480947159349 0.02745190528392142 0
6923 0.9600480947160006 0.02745190528392142 0
6924 0.9508974596213451 0.03660254037856189 0
6925 0.9258974596212793 0.03660254037856189 0
6926 0.9658493649052786 0.009150635094640475 0
6927 0.9783493649053115 0.009150635094640475 0
6928 0.9691987298106561 0.01830127018928095 0
6929 0.9292468245266567 0.04575317547320236 0
6930 0.9167468245266238 0.04575317547320236 0
6931 0.9417468245266897 0.04575317547320236 0
6932 0.9325961894320342 0.05490381056784283 0
6933 0.9234455543373786 0.06405444566248331 0
6934 0.9908493649053567 0.9158493649051644 0
6935 0.9908493649053567 0.9033493649051314 0
6936 0.9908493649053567 0.9283493649051973 0
6937 0.9816987298107133 0.9191987298105591 0
6938 0.9908493649053567 0.9408493649052301 0
6939 0.9725480947160698 0.9225480947159537 0
6940 0.9725480947160698 0.9100480947159209 0
6941 0.9908493649053567 0.9533493649052631 0
6942 0.9816987298107133 0.9441987298106248 0
6943 0.9725480947160698 0.9475480947160195 0
6944 0.9725480947160698 0.9350480947159866 0
6945 0.9725480947160698 0.9600480947160523 0
6946 0.9633974596214265 0.9508974596214141 0
6947 0.9633974596214265 0.9258974596213484 0
6948 0.9908493649053567 0.9658493649052959 0
6949 0.9908493649053567 0.9783493649053289 0
6950 0.9816987298107133 0.9691987298106907 0
6951 0.9542468245267832 0.9292468245267431 0
6952 0.9542468245267832 0.9167468245267101 0
6953 0.9542468245267832 0.9417468245267759 0
6954 0.9450961894321398 0.9325961894321377 0
6955 0.9359455543374964 0.9234455543374995 0
6956 0.08415063509496107 0.9908493649053509 0
6957 0.09665063509501307 0.9908493649053509 0
6958 0.07165063509490907 0.9908493649053509 0
6959 0.08080127018955813 0.9816987298107018 0
6960 0.05915063509485707 0.9908493649053509 0
6961 0.07745190528415519 0.9725480947160527 0
6962 0.08995190528420718 0.9725480947160527 0
6963 0.04665063509480506 0.9908493649053509 0
6964 0.05580127018945413 0.9816987298107018 0
6965 0.05245190528405118 0.9725480947160527 0
6966 0.06495190528410319 0.9725480947160527 0
6967 0.03995190528399918 0.9725480947160527 0
6968 0.04910254037864824 0.9633974596214037 0
6969 0.07410254037875225 0.9633974596214037 0
6970 0.03415063509475307 0.9908493649053509 0
6971 0.02165063509470106 0.9908493649053509 0
6972 0.03080127018935012 0.9816987298107018 0
6973 0.07075317547334931 0.9542468245267546 0
6974 0.0832531754734013 0.9542468245267546 0
6975 0.0582531754732973 0.9542468245267546 0
6976 0.06740381056794637 0.9450961894321055 0
6977 0.07655444566259542 0.9359455543374564 0
6978 0.02165063509455462 0.009150635094597926 0
6979 0.009150635094577786 0.009150635094597926 0
6980 0.03415063509453144 0.009150635094597926 0
6981 0.0308012701891324 0.01830127018919585 0
6982 0.04665063509450828 0.009150635094597926 0
6983 0.03995190528371019 0.02745190528379378 0
6984 0.02745190528373335 0.02745190528379378 0
6985 0.05915063509448511 0.009150635094597926 0
6986 0.05580127018908607 0.01830127018919585 0
6987 0.06495190528366386 0.02745190528379378 0
6988 0.05245190528368703 0.02745190528379378 0
6989 0.07745190528364068 0.02745190528379378 0
6990 0.07410254037824164 0.0366025403783917 0
6991 0.04910254037828798 0.0366025403783917 0
6992 0.07165063509446196 0.009150635094597926 0
6993 0.08415063509443879 0.009150635094597926 0
6994 0.08080127018903974 0.01830127018919585 0
6995 0.09665063509441563 0.009150635094597926 0
6996 0.08995190528361752 0.02745190528379378 0
6997 0.05825317547286576 0.04575317547298963 0
6998 0.04575317547288893 0.04575317547298963 0
6999 0.0707531754728426 0.04575317547298963 0
7000 0.06740381056744355 0.05490381056758756 0
7001 0.08325317547281944 0.04575317547298963 0
7002 0.07655444566202133 0.06405444566218549 0
7003 0.06405444566204449 0.06405444566218549 0
7004 0.009150635094577786 0.08415063509490994 0
7005 0.009150635094577786 0.09665063509496194 0
7006 0.009150635094577786 0.07165063509485793 0
7007 0.01830127018915557 0.08080127018945585 0
7008 0.009150635094577786 0.05915063509480593 0
7009 0.02745190528373335 0.07745190528400178 0
7010 0.02745190528373335 0.08995190528405378 0
7011 0.009150635094577786 0.04665063509475394 0
7012 0.01830127018915557 0.05580127018935185 0
7013 0.02745190528373335 0.05245190528389778 0
7014 0.02745190528373335 0.06495190528394977 0
7015 0.02745190528373335 0.03995190528384578 0
7016 0.03660254037831114 0.0491025403784437 0
7017 0.03660254037831114 0.0741025403785477 0
7018 0.009150635094577786 0.03415063509470193 0
7019 0.009150635094577786 0.02165063509464993 0
7020 0.01830127018915557 0.03080127018924786 0
7021 0.04575317547288893 0.07075317547309362 0
7022 0.04575317547288893 0.08325317547314563 0
7023 0.04575317547288893 0.05825317547304162 0
7024 0.05490381056746671 0.06740381056763955 0
7025 0.06405444566204449 0.07655444566223749 0
7026 0.9074212095346154 0.47081072313741 0
7027 0.9076347438452279 0.4589420929447956 0
7028 0.9072076752240028 0.4826793533300243 0
7029 0.897666072920539 0.476676138430811 0
7030 0.9069941409133904 0.4945479835226387 0
7031 0.8879109363064626 0.4825415537242121 0
7032 0.8881244706170751 0.4706729235315978 0
7033 0.9067806066027778 0.506416613715253 0
7034 0.8972390042993139 0.5004133988160397 0
7035 0.8874838676852376 0.5062788141094409 0
7036 0.8876974019958501 0.4944101839168265 0
7037 0.887270333374625 0.5181474443020553 0
7038 0.8777287310711612 0.512144229402842 0
7039 0.8781557996923862 0.4884069690176133 0
7040 0.9065670722921653 0.5182852439078675 0
7041 0.9063535379815527 0.5301538741004819 0
7042 0.8968119356780889 0.5241506592012686 0
7043 0.9061400036709402 0.5420225042930962 0
7044 0.8870567990640126 0.5300160744946696 0
7045 0.8684006630783099 0.4942723843110143 0
7046 0.8686141973889224 0.4824037541184 0
7047 0.8681871287676973 0.5061410145036287 0
7048 0.8586455264642335 0.5001377996044154 0
7049 0.8679735944570848 0.518009644696243 0
7050 0.8488903898501572 0.5060032148978164 0
7051 0.8491039241607697 0.4941345847052021 0
7052 0.09257738609194155 0.5291917093089276 0
7053 0.09236525615451693 0.541057907055809 0
7054 0.09278951602936619 0.5173255115620462 0
7055 0.1023325227060365 0.5233262940155341 0
7056 0.09300164596679084 0.5054593138151648 0
7057 0.1120876593201316 0.5174608787221406 0
7058 0.1118755293827069 0.5293270764690221 0
7059 0.09321377590421542 0.4935931160682835 0
7060 0.1027567825808858 0.4995938985217714 0
7061 0.1125119191949807 0.4937284832283779 0
7062 0.1122997892575562 0.5055946809752593 0
7063 0.1127240491324054 0.4818622854814966 0
7064 0.1222670558090757 0.4878630679349846 0
7065 0.1218427959342265 0.5115954634287473 0
7066 0.09342590584164007 0.4817269183214021 0
7067 0.09363803577906471 0.4698607205745207 0
7068 0.1031810424557351 0.4758615030280087 0
7069 0.09385016571648933 0.4579945228276394 0
7070 0.1129361790698301 0.4699960877346153 0
7071 0.1315979325483215 0.5057300481353538 0
7072 0.1313858026108969 0.5175962458822352 0
7073 0.1318100624857461 0.4938638503884725 0
7074 0.1413530691624165 0.4998646328419604 0
7075 0.1320221924231708 0.4819976526415912 0
7076 0.1511082057765115 0.493999217548567 0
7077 0.1508960758390869 0.5058654152954483 0
7078 0.543750000002499 0.593515523488571 0
7079 0.5312500000023694 0.5935155234885043 0
7080 0.5250000000022024 0.6020975684881773 0
7081 0.51875000000224 0.5935155234884377 0
7082 0.5312500000021648 0.6106796134879169 0
7083 0.5187500000020353 0.6106796134878503 0
7084 0.5062500000021105 0.5935155234883711 0
7085 0.5125000000018682 0.6192616584875232 0
7086 0.5062500000019059 0.6106796134877837 0
7087 0.4937500000017764 0.610679613487717 0
7088 0.5000000000019434 0.6020975684880441 0
7089 0.4875000000016093 0.61926165848739 0
7090 0.4812500000016469 0.6106796134876504 0
7091 0.493750000001981 0.5935155234883045 0
7092 0.5187500000018307 0.6278437034872628 0
7093 0.5062500000017012 0.6278437034871962 0
7094 0.5000000000015341 0.6364257484868693 0
7095 0.4937500000015717 0.6278437034871296 0
7096 0.5062500000014966 0.645007793486609 0
7097 0.493750000001367 0.6450077934865424 0
7098 0.4812500000014422 0.627843703487063 0
7099 0.4812500000018515 0.5935155234882379 0
7100 0.4750000000016845 0.6020975684879109 0
7101 0.4687500000017221 0.5935155234881713 0
7102 0.4687500000015174 0.6106796134875838 0
7103 0.4562500000015926 0.5935155234881047 0
7104 0.5812500000019772 0.645007793487719 0
7105 0.5937500000020574 0.6450077934879039 0
7106 0.5687500000018971 0.645007793487534 0
7107 0.5750000000020642 0.636425748487861 0
7108 0.556250000001817 0.645007793487349 0
7109 0.5687500000021511 0.6278437034880029 0
7110 0.5812500000022313 0.627843703488188 0
7111 0.5437500000017369 0.645007793487164 0
7112 0.550000000001904 0.6364257484874909 0
7113 0.5437500000019909 0.627843703487633 0
7114 0.556250000002071 0.6278437034878179 0
7115 0.5312500000019108 0.6278437034874479 0
7116 0.5375000000020779 0.6192616584877748 0
7117 0.5625000000022381 0.619261658488145 0
7118 0.5312500000016568 0.6450077934869789 0
7119 0.5187500000015767 0.6450077934867939 0
7120 0.5250000000017437 0.636425748487121 0
7121 0.5562500000023251 0.6106796134882868 0
7122 0.5687500000024052 0.6106796134884719 0
7123 0.5437500000022449 0.6106796134881018 0
7124 0.550000000002412 0.6020975684884289 0
7125 0.5562500000025791 0.5935155234887559 0
7126 0.7809548894006551 0.6462324359158684 0
7127 0.7934548894006352 0.6462324359158946 0
7128 0.7684548894006749 0.6462324359158422 0
7129 0.774409778799698 0.6388750333435926 0
7130 0.7559548894006947 0.646232435915816 0
7131 0.7678646681987409 0.6315176307713171 0
7132 0.7803646681987211 0.6315176307713432 0
7133 0.7434548894007145 0.6462324359157899 0
7134 0.7494097787997376 0.6388750333435405 0
7135 0.7428646681987805 0.6315176307712647 0
7136 0.7553646681987607 0.6315176307712909 0
7137 0.7303646681988003 0.6315176307712386 0
7138 0.7363195575978235 0.6241602281989891 0
7139 0.7613195575977839 0.6241602281990413 0
7140 0.7309548894007343 0.6462324359157638 0
7141 0.7184548894007541 0.6462324359157376 0
7142 0.7244097787997772 0.6388750333434881 0
7143 0.7059548894007739 0.6462324359157114 0
7144 0.7178646681988201 0.6315176307712125 0
7145 0.7547744469968269 0.6168028256267657 0
7146 0.7672744469968071 0.6168028256267918 0
7147 0.7422744469968467 0.6168028256267395 0
7148 0.7482293363958699 0.6094454230544899 0
7149 0.7297744469968666 0.6168028256267133 0
7150 0.7416842257949128 0.6020880204822141 0
7151 0.754184225794893 0.6020880204822403 0
7152 0.7294793363959204 0.6008633780546102 0
7153 0.7235244469968973 0.6082207806268598 0
7154 0.7172744469969281 0.5996387356270063 0
7155 0.7175695575978741 0.6155781831991094 0
7156 0.7050695575979357 0.5984140931994024 0
7157 0.7116146681988509 0.622935585771359 0
7158 0.7053646681988817 0.6143535407715055 0
7159 0.6931597787998893 0.6131288983439014 0
7160 0.6991146681989124 0.6057714957716519 0
7161 0.6872048894008662 0.620486300916151 0
7162 0.680954889400897 0.6119042559162975 0
7163 0.6928646681989432 0.5971894507717983 0
7164 0.7056597787998278 0.6302929883436085 0
7165 0.6997048894008047 0.637650390915858 0
7166 0.6934548894008354 0.6290683459160045 0
7167 0.6937500000017816 0.6450077934881076 0
7168 0.6812500000018431 0.6278437034884006 0
7169 0.6806597787999509 0.5959648083441944 0
7170 0.6747048894009278 0.603322210916444 0
7171 0.6684548894009585 0.5947401659165905 0
7172 0.6687500000019047 0.6106796134886936 0
7173 0.6562500000019662 0.5935155234889866 0
7174 0.4437500000015371 0.5935155234880094 0
7175 0.4312500000014333 0.5935155234879825 0
7176 0.4250000000013401 0.6020975684876271 0
7177 0.4187500000013295 0.5935155234879557 0
7178 0.4312500000013507 0.6106796134872984 0
7179 0.418750000001247 0.6106796134872714 0
7180 0.4062500000012257 0.5935155234879288 0
7181 0.4125000000011538 0.6192616584869159 0
7182 0.4062500000011432 0.6106796134872445 0
7183 0.3937500000010393 0.6106796134872177 0
7184 0.4000000000011325 0.6020975684875731 0
7185 0.3875000000009462 0.619261658486862 0
7186 0.3812500000009356 0.6106796134871907 0
7187 0.3937500000011219 0.5935155234879018 0
7188 0.4187500000011645 0.6278437034865872 0
7189 0.4062500000010607 0.6278437034865603 0
7190 0.4000000000009675 0.6364257484862048 0
7191 0.3937500000009568 0.6278437034865334 0
7192 0.4062500000009781 0.6450077934858761 0
7193 0.3937500000008743 0.6450077934858491 0
7194 0.3812500000008531 0.6278437034865065 0
7195 0.3812500000010181 0.593515523487875 0
7196 0.3750000000009249 0.6020975684875194 0
7197 0.3687500000009144 0.5935155234878481 0
7198 0.3687500000008318 0.6106796134871638 0
7199 0.3562500000008105 0.5935155234878211 0
7200 0.681250000001809 0.6450077934880827 0
7201 0.6687500000018365 0.6450077934880578 0
7202 0.6750000000018398 0.6364257484882292 0
7203 0.656250000001864 0.6450077934880329 0
7204 0.6687500000018706 0.6278437034883757 0
7205 0.6437500000018914 0.6450077934880081 0
7206 0.6500000000018947 0.6364257484881795 0
7207 0.6437500000019255 0.627843703488326 0
7208 0.656250000001898 0.6278437034883508 0
7209 0.631250000001953 0.6278437034883011 0
7210 0.6375000000019563 0.6192616584884725 0
7211 0.6625000000019013 0.6192616584885222 0
7212 0.6312500000019189 0.6450077934879832 0
7213 0.6187500000019464 0.6450077934879583 0
7214 0.6250000000019497 0.6364257484881297 0
7215 0.6062500000019737 0.6450077934879334 0
7216 0.6187500000019804 0.6278437034882761 0
7217 0.6562500000019321 0.6106796134886687 0
7218 0.6437500000019596 0.6106796134886439 0
7219 0.6500000000019629 0.6020975684888152 0
7220 0.6312500000019871 0.6106796134886189 0
7221 0.6437500000019937 0.5935155234889616 0
7222 0.4812500000013115 0.6450077934864471 0
7223 0.4687500000012559 0.645007793486352 0
7224 0.475000000001349 0.6364257484867075 0
7225 0.4562500000012003 0.6450077934862568 0
7226 0.4687500000013867 0.6278437034869678 0
7227 0.4437500000011448 0.6450077934861616 0
7228 0.450000000001238 0.6364257484865171 0
7229 0.4437500000012755 0.6278437034867775 0
7230 0.4562500000013311 0.6278437034868727 0
7231 0.43125000000122 0.6278437034866824 0
7232 0.4375000000013132 0.619261658487038 0
7233 0.4625000000014242 0.6192616584872283 0
7234 0.4312500000010893 0.6450077934860664 0
7235 0.4187500000010337 0.6450077934859713 0
7236 0.4250000000011268 0.6364257484863268 0
7237 0.4562500000014619 0.6106796134874887 0
7238 0.4437500000014063 0.6106796134873935 0
7239 0.4500000000014994 0.6020975684877491 0
7240 0.6312500000020773 0.5935155234889322 0
7241 0.625000000002074 0.6020975684887608 0
7242 0.618750000002161 0.5935155234889029 0
7243 0.6187500000020707 0.6106796134885895 0
7244 0.6062500000022446 0.5935155234888735 0
7245 0.6125000000020674 0.6192616584884181 0
7246 0.6062500000021543 0.6106796134885601 0
7247 0.593750000002238 0.6106796134885307 0
7248 0.6000000000022413 0.6020975684887021 0
7249 0.5875000000022346 0.6192616584883593 0
7250 0.5812500000023215 0.6106796134885013 0
7251 0.5937500000023282 0.5935155234888441 0
7252 0.6062500000020641 0.6278437034882467 0
7253 0.6000000000020607 0.6364257484880753 0
7254 0.5937500000021476 0.6278437034882174 0
7255 0.5812500000024119 0.5935155234888146 0
7256 0.5750000000024085 0.6020975684886433 0
7257 0.5687500000024954 0.5935155234887852 0
7258 0.4562499999984876 0.4064844765117389 0
7259 0.4687499999984729 0.4064844765117478 0
7260 0.4749999999984792 0.397902431512015 0
7261 0.4812499999984581 0.4064844765117568 0
7262 0.4687499999985003 0.3893203865122731 0
7263 0.4812499999984855 0.3893203865122821 0
7264 0.4937499999984433 0.4064844765117658 0
7265 0.4874999999984919 0.3807383415125491 0
7266 0.4937499999984707 0.3893203865122911 0
7267 0.506249999998456 0.3893203865123 0
7268 0.4999999999984496 0.397902431512033 0
7269 0.5124999999984623 0.3807383415125671 0
7270 0.5187499999984411 0.389320386512309 0
7271 0.5062499999984285 0.4064844765117748 0
7272 0.481249999998513 0.3721562965128073 0
7273 0.4937499999984982 0.3721562965128162 0
7274 0.4999999999985046 0.3635742515130833 0
7275 0.5062499999984835 0.3721562965128252 0
7276 0.4937499999985258 0.3549922065133415 0
7277 0.5062499999985109 0.3549922065133505 0
7278 0.5187499999984686 0.3721562965128342 0
7279 0.5187499999984136 0.4064844765117838 0
7280 0.52499999999842 0.3979024315120508 0
7281 0.5312499999983988 0.4064844765117928 0
7282 0.5312499999984264 0.3893203865123179 0
7283 0.543749999998384 0.4064844765118017 0
7284 0.4187499999986072 0.3549922065132268 0
7285 0.4062499999986207 0.3549922065132077 0
7286 0.4312499999985936 0.354992206513246 0
7287 0.4249999999985873 0.3635742515129788 0
7288 0.4437499999985801 0.3549922065132651 0
7289 0.4312499999985673 0.3721562965127309 0
7290 0.4187499999985809 0.3721562965127118 0
7291 0.4562499999985665 0.3549922065132842 0
7292 0.4499999999985601 0.3635742515130171 0
7293 0.4562499999985402 0.3721562965127691 0
7294 0.4437499999985537 0.37215629651275 0
7295 0.4687499999985266 0.3721562965127882 0
7296 0.4624999999985202 0.3807383415125211 0
7297 0.4374999999985474 0.3807383415124829 0
7298 0.4687499999985528 0.3549922065133033 0
7299 0.4812499999985393 0.3549922065133224 0
7300 0.4749999999985329 0.3635742515130553 0
7301 0.4437499999985275 0.3893203865122349 0
7302 0.4312499999985411 0.3893203865122158 0
7303 0.4562499999985139 0.389320386512254 0
7304 0.4499999999985076 0.3979024315119869 0
7305 0.4437499999985012 0.4064844765117198 0
7306 0.3999999999986152 0.3635742515129514 0
7307 0.3937499999986351 0.3549922065131995 0
7308 0.4062499999985953 0.3721562965127034 0
7309 0.3937499999986098 0.3721562965126952 0
7310 0.4124999999985754 0.3807383415124554 0
7311 0.3874999999986043 0.3807383415124389 0
7312 0.3812499999986242 0.3721562965126869 0
7313 0.4187499999985555 0.3893203865122076 0
7314 0.4062499999985699 0.3893203865121992 0
7315 0.3999999999985645 0.397902431511943 0
7316 0.3937499999985844 0.3893203865121909 0
7317 0.4062499999985446 0.406484476511695 0
7318 0.393749999998559 0.4064844765116867 0
7319 0.3812499999985988 0.3893203865121827 0
7320 0.4249999999985355 0.3979024315119596 0
7321 0.4312499999985157 0.4064844765117115 0
7322 0.4187499999985301 0.4064844765117033 0
7323 0.3749999999985933 0.3979024315119264 0
7324 0.3687499999986132 0.3893203865121744 0
7325 0.3812499999985735 0.4064844765116785 0
7326 0.3687499999985879 0.4064844765116702 0
7327 0.3562499999986023 0.406484476511662 0
7328 0.5187499999984866 0.3549922065133635 0
7329 0.5312499999984621 0.3549922065133765 0
7330 0.5249999999984654 0.3635742515131054 0
7331 0.5437499999984376 0.3549922065133896 0
7332 0.5312499999984441 0.3721562965128472 0
7333 0.5562499999984132 0.3549922065134026 0
7334 0.5499999999984164 0.3635742515131314 0
7335 0.5562499999983954 0.3721562965128734 0
7336 0.5437499999984198 0.3721562965128603 0
7337 0.5687499999983709 0.3721562965128864 0
7338 0.5624999999983742 0.3807383415126153 0
7339 0.5374999999984231 0.3807383415125891 0
7340 0.5687499999983887 0.3549922065134157 0
7341 0.5812499999983644 0.3549922065134288 0
7342 0.5749999999983677 0.3635742515131576 0
7343 0.59374999999834 0.3549922065134419 0
7344 0.5812499999983465 0.3721562965128995 0
7345 0.5437499999984019 0.389320386512331 0
7346 0.5562499999983774 0.389320386512344 0
7347 0.5499999999983807 0.3979024315120728 0
7348 0.568749999998353 0.3893203865123571 0
7349 0.5562499999983597 0.4064844765118147 0
7350 0.3187499999986789 0.3549922065131197 0
7351 0.3062499999986862 0.3549922065131065 0
7352 0.3312499999986717 0.354992206513133 0
7353 0.3249999999986662 0.3635742515128768 0
7354 0.3437499999986643 0.3549922065131462 0
7355 0.3312499999986534 0.3721562965126338 0
7356 0.3187499999986607 0.3721562965126206 0
7357 0.356249999998657 0.3549922065131595 0
7358 0.3499999999986515 0.3635742515129033 0
7359 0.3562499999986387 0.3721562965126604 0
7360 0.3437499999986461 0.3721562965126471 0
7361 0.3687499999986315 0.3721562965126737 0
7362 0.362499999998626 0.3807383415124175 0
7363 0.3374999999986406 0.3807383415123909 0
7364 0.3687499999986497 0.3549922065131729 0
7365 0.3812499999986425 0.3549922065131862 0
7366 0.374999999998637 0.3635742515129299 0
7367 0.3437499999986278 0.389320386512148 0
7368 0.3312499999986351 0.3893203865121346 0
7369 0.3562499999986206 0.3893203865121612 0
7370 0.3499999999986151 0.397902431511905 0
7371 0.3437499999986096 0.4064844765116488 0
7372 0.6187499999982641 0.3549922065135087 0
7373 0.6062499999982884 0.3549922065134564 0
7374 0.6312499999982397 0.3549922065135611 0
7375 0.6249999999982159 0.3635742515132522 0
7376 0.6437499999982152 0.3549922065136134 0
7377 0.6312499999981678 0.3721562965129956 0
7378 0.6187499999981922 0.3721562965129433 0
7379 0.6562499999981908 0.3549922065136656 0
7380 0.6499999999981672 0.3635742515133568 0
7381 0.6562499999981189 0.3721562965131002 0
7382 0.6437499999981433 0.3721562965130479 0
7383 0.6687499999980946 0.3721562965131525 0
7384 0.6624999999980707 0.3807383415128436 0
7385 0.6374999999981197 0.380738341512739 0
7386 0.6687499999981663 0.354992206513718 0
7387 0.6812499999981418 0.3549922065137702 0
7388 0.6749999999981182 0.3635742515134613 0
7389 0.6937499999981175 0.3549922065138225 0
7390 0.6812499999980701 0.3721562965132047 0
7391 0.6437499999980716 0.3893203865124824 0
7392 0.6312499999980961 0.3893203865124301 0
7393 0.6562499999980471 0.3893203865125347 0
7394 0.6499999999980235 0.3979024315122258 0
7395 0.6687499999980226 0.389320386512587 0
7396 0.6562499999979753 0.4064844765119692 0
7397 0.6437499999979996 0.4064844765119169 0
7398 0.717086243688162 0.3555271437368854 0
7399 0.704586243688175 0.3555271437368143 0
7400 0.7295862436881488 0.3555271437369567 0
7401 0.7216724873781957 0.3646441259595683 0
7402 0.7420862436881357 0.3555271437370279 0
7403 0.7262587310682294 0.3737611081822512 0
7404 0.7137587310682425 0.3737611081821799 0
7405 0.7545862436881225 0.3555271437370991 0
7406 0.7466724873781694 0.3646441259597107 0
7407 0.7512587310682033 0.3737611081823936 0
7408 0.7387587310682163 0.3737611081823224 0
7409 0.7637587310681901 0.3737611081824648 0
7410 0.755844974758237 0.3828780904050764 0
7411 0.7308449747582633 0.382878090404934 0
7412 0.7670862436881094 0.3555271437371703 0
7413 0.7795862436880964 0.3555271437372415 0
7414 0.7716724873781433 0.3646441259598531 0
7415 0.7920862436880833 0.3555271437373127 0
7416 0.776258731068177 0.3737611081825359 0
7417 0.735431218448297 0.3919950726276168 0
7418 0.7229312184483101 0.3919950726275456 0
7419 0.7479312184482838 0.391995072627688 0
7420 0.7400174621383306 0.4011120548502997 0
7421 0.7604312184482707 0.3919950726277592 0
7422 0.7446037058283645 0.4102290370729825 0
7423 0.7321037058283776 0.4102290370729113 0
7424 0.3002951105996144 0.362349609085294 0
7425 0.2940451105996271 0.3537675640855369 0
7426 0.3065451105996016 0.370931654085051 0
7427 0.2943402212005425 0.3697070116574815 0
7428 0.3127951105995888 0.3795136990848081 0
7429 0.2883853318014706 0.3770644142296691 0
7430 0.2821353318014834 0.368482369229912 0
7431 0.3190451105995761 0.3880957440845652 0
7432 0.306840221200517 0.3868711016569957 0
7433 0.3008853318014451 0.3942285042291832 0
7434 0.2946353318014578 0.3856464592294261 0
7435 0.3071353318014323 0.4028105492289402 0
7436 0.2949304424023732 0.4015859068013707 0
7437 0.2824304424023988 0.3844218168018566 0
7438 0.3252951105995633 0.3966777890843222 0
7439 0.3315451105995504 0.4052598340840793 0
7440 0.3193402212004914 0.4040351916565098 0
7441 0.2764755530033269 0.3917792193740441 0
7442 0.2702255530033397 0.383197174374287 0
7443 0.2827255530033141 0.4003612643738012 0
7444 0.270520663604255 0.3991366219462317 0
7445 0.2583157742051959 0.3979119795186621 0
7446 0.3812500000008767 0.6450077934858663 0
7447 0.368750000000879 0.6450077934858836 0
7448 0.375000000000866 0.636425748486195 0
7449 0.3562500000008814 0.6450077934859006 0
7450 0.3687500000008553 0.6278437034865236 0
7451 0.3437500000008837 0.6450077934859177 0
7452 0.3500000000008707 0.6364257484862292 0
7453 0.3437500000008601 0.6278437034865579 0
7454 0.3562500000008577 0.6278437034865407 0
7455 0.3312500000008625 0.6278437034865751 0
7456 0.3375000000008495 0.6192616584868866 0
7457 0.3625000000008447 0.6192616584868522 0
7458 0.3312500000008861 0.645007793485935 0
7459 0.3187500000008884 0.6450077934859522 0
7460 0.3250000000008754 0.6364257484862637 0
7461 0.3062500000008907 0.6450077934859693 0
7462 0.3187500000008647 0.6278437034865922 0
7463 0.3562500000008342 0.610679613487181 0
7464 0.3437500000008364 0.6106796134871981 0
7465 0.3500000000008235 0.6020975684875096 0
7466 0.3312500000008388 0.6106796134872152 0
7467 0.3437500000008128 0.5935155234878382 0
7468 0.2190451105995558 0.3537675640855007 0
7469 0.2065451105995439 0.3537675640854946 0
7470 0.2315451105995677 0.3537675640855067 0
7471 0.2255902212004958 0.3611249666576942 0
7472 0.2440451105995796 0.3537675640855128 0
7473 0.2321353318014359 0.3684823692298879 0
7474 0.219635331801424 0.3684823692298818 0
7475 0.2565451105995915 0.3537675640855188 0
7476 0.2505902212005196 0.3611249666577063 0
7477 0.2571353318014596 0.3684823692298999 0
7478 0.2446353318014478 0.3684823692298939 0
7479 0.2696353318014715 0.368482369229906 0
7480 0.2636804424023996 0.3758397718020934 0
7481 0.2386804424023759 0.3758397718020814 0
7482 0.2690451105996033 0.3537675640855249 0
7483 0.2815451105996152 0.3537675640855309 0
7484 0.2755902212005434 0.3611249666577184 0
7485 0.2452255530033159 0.383197174374275 0
7486 0.232725553003304 0.383197174374269 0
7487 0.2577255530033278 0.383197174374281 0
7488 0.2517706636042559 0.3905545769464686 0
7489 0.245815774205184 0.3979119795186561 0
7490 0.6670862436880327 0.4070194137349609 0
7491 0.6733362436880564 0.3984373687352698 0
7492 0.6779224873780902 0.4075543509579526 0
7493 0.6795862436880802 0.3898553237355787 0
7494 0.6887587310681477 0.4080892881809444 0
7495 0.6858362436881038 0.3812732787358877 0
7496 0.6904224873781376 0.3903902609585704 0
7497 0.7012587310681951 0.3909251981815622 0
7498 0.6950087310681714 0.3995072431812532 0
7499 0.7075087310682189 0.3823431531818711 0
7500 0.7120949747582526 0.3914601354045539 0
7501 0.6995949747582052 0.4086242254039361 0
7502 0.6920862436881275 0.3726912337361965 0
7503 0.6983362436881513 0.3641091887365053 0
7504 0.7029224873781851 0.3732261709591883 0
7505 0.7104312184482626 0.4091591626269278 0
7506 0.7166812184482864 0.4005771176272367 0
7507 0.7212674621383202 0.4096940998499196 0
7508 0.5687499999983081 0.4064844765118293 0
7509 0.5749999999983049 0.3979024315121005 0
7510 0.5812499999982568 0.4064844765118439 0
7511 0.5812499999983016 0.3893203865123717 0
7512 0.5937499999982054 0.4064844765118585 0
7513 0.5874999999982984 0.3807383415126429 0
7514 0.5937499999982503 0.3893203865123863 0
7515 0.6062499999981987 0.3893203865124009 0
7516 0.5999999999982021 0.3979024315121297 0
7517 0.6124999999981955 0.3807383415126721 0
7518 0.6187499999981474 0.3893203865124155 0
7519 0.6062499999981539 0.4064844765118731 0
7520 0.5937499999982951 0.3721562965129141 0
7521 0.5999999999982918 0.3635742515131853 0
7522 0.6062499999982436 0.3721562965129287 0
7523 0.6187499999981025 0.4064844765118877 0
7524 0.6249999999980993 0.3979024315121589 0
7525 0.6312499999980512 0.4064844765119023 0
7526 0.2829137563108837 0.6444728562630316 0
7527 0.2954137563108883 0.6444728562630129 0
7528 0.270413756310879 0.6444728562630504 0
7529 0.2783275126208683 0.6353558740403866 0
7530 0.2579137563108744 0.6444728562630693 0
7531 0.2737412689308529 0.6262388918177417 0
7532 0.2862412689308576 0.6262388918177229 0
7533 0.2454137563108697 0.6444728562630881 0
7534 0.253327512620859 0.6353558740404244 0
7535 0.2487412689308435 0.6262388918177794 0
7536 0.2612412689308482 0.6262388918177606 0
7537 0.2362412689308389 0.6262388918177981 0
7538 0.2441550252408281 0.6171219095951344 0
7539 0.2691550252408375 0.6171219095950968 0
7540 0.2329137563108651 0.6444728562631069 0
7541 0.2204137563108604 0.6444728562631257 0
7542 0.2283275126208497 0.6353558740404619 0
7543 0.2079137563108558 0.6444728562631445 0
7544 0.2237412689308342 0.626238891817817 0
7545 0.2645687815508221 0.6080049273724518 0
7546 0.2770687815508268 0.6080049273724331 0
7547 0.2520687815508174 0.6080049273724706 0
7548 0.2599825378608067 0.5988879451498068 0
7549 0.2395687815508127 0.6080049273724895 0
7550 0.2553962941707913 0.5897709629271619 0
7551 0.267896294170796 0.589770962927143 0
7552 0.3329137563108104 0.5929805862648818 0
7553 0.3266637563108234 0.6015626312645703 0
7554 0.3220775126208081 0.5924456490419254 0
7555 0.3204137563108364 0.6101446762642588 0
7556 0.3112412689308056 0.5919107118189688 0
7557 0.3141637563108494 0.6187267212639473 0
7558 0.309577512620834 0.6096097390413023 0
7559 0.2987412689308316 0.6090748018183458 0
7560 0.3049912689308186 0.6004927568186573 0
7561 0.2924912689308446 0.6176568468180343 0
7562 0.2879050252408292 0.6085398645953894 0
7563 0.3004050252408032 0.5913757745960124 0
7564 0.3079137563108624 0.6273087662636359 0
7565 0.3016637563108753 0.6358908112633244 0
7566 0.29707751262086 0.6267738290406794 0
7567 0.2895687815508008 0.590840837373056 0
7568 0.2833187815508138 0.5994228823727445 0
7569 0.2787325378607984 0.5903059001500995 0
7570 0.7974619442905332 0.326224873566112 0
7571 0.790849364903796 0.3156088913253525 0
7572 0.8015364679697672 0.3166555678582824 0
7573 0.7842367855170587 0.304992909084593 0
7574 0.8056109916490013 0.3070862621504528 0
7575 0.7776242061303215 0.2943769268438334 0
7576 0.7883113091962928 0.2954236033767633 0
7577 0.7923858328755268 0.2858542976689337 0
7578 0.798998412262264 0.2964702799096933 0
7579 0.7857732534887896 0.2752383154281742 0
7580 0.7964603565547608 0.2762849919611041 0
7581 0.8096855153282353 0.2975169564426231 0
7582 0.7710116267435843 0.2837609446030739 0
7583 0.7643990473568469 0.2731449623623145 0
7584 0.7750861504228183 0.2741916388952443 0
7585 0.8137600390074693 0.2879476507347934 0
7586 0.8071474596207321 0.277331668494034 0
7587 0.8178345626867034 0.2783783450269638 0
7588 0.2021754763217574 0.6739844617409616 0
7589 0.208425476321778 0.6848097792882606 0
7590 0.1981009526426274 0.6835537674488159 0
7591 0.2146754763217986 0.6956350968355595 0
7592 0.1940264289634976 0.6931230731566703 0
7593 0.2209254763218194 0.7064604143828583 0
7594 0.2106009526426688 0.7052044025434139 0
7595 0.206526428963539 0.7147737082512682 0
7596 0.2002764289635183 0.7039483907039692 0
7597 0.2127764289635596 0.7255990257985672 0
7598 0.2024519052844092 0.7243430139591225 0
7599 0.1899519052843678 0.7026923788645247 0
7600 0.22717547632184 0.7172857319301573 0
7601 0.2334254763218607 0.7281110494774563 0
7602 0.2231009526427102 0.7268550376380116 0
7603 0.185877381605238 0.712261684572379 0
7604 0.1921273816052586 0.723087002119678 0
7605 0.1818028579261081 0.7218309902802333 0
7606 0.7643990473591182 0.7268550376398381 0
7607 0.7710116267460119 0.7162390553991781 0
7608 0.7750861504248995 0.7258083611068862 0
7609 0.7776242061329055 0.7056230731585181 0
7610 0.7857732534906807 0.7247616845739343 0
7611 0.7842367855197991 0.6950070909178582 0
7612 0.7883113091986867 0.7045763966255663 0
7613 0.798998412264468 0.7035297200926144 0
7614 0.7923858328775744 0.7141457023332743 0
7615 0.8056109916513616 0.6929137378519545 0
7616 0.8096855153302494 0.7024830435596625 0
7617 0.7964603565564621 0.7237150080409824 0
7618 0.7908493649066928 0.6843911086771982 0
7619 0.7974619442935864 0.6737751264365384 0
7620 0.801536467972474 0.6833444321442463 0
7621 0.8071474596222434 0.7226683315080306 0
7622 0.8137600390091371 0.7120523492673707 0
7623 0.8178345626880248 0.7216216549750787 0
7624 0.235600952640954 0.2731449623613689 0
7625 0.2289883732540783 0.2837609446020702 0
7626 0.2249138495751747 0.2741916388943463 0
7627 0.2223757938672027 0.2943769268427716 0
7628 0.2142267465093954 0.2752383154273236 0
7629 0.2157632144803271 0.304992909083473 0
7630 0.2116886908014234 0.2954236033757489 0
7631 0.2010015877356441 0.2964702799087262 0
7632 0.2076141671225197 0.2858542976680249 0
7633 0.1943890083487685 0.3070862621494276 0
7634 0.1903144846698648 0.2975169564417036 0
7635 0.2035396434436161 0.2762849919603009 0
7636 0.2091506350934515 0.3156088913241744 0
7637 0.2025380557065758 0.3262248735648757 0
7638 0.1984635320276721 0.3166555678571517 0
7639 0.1928525403778368 0.2773316684932782 0
7640 0.1862399609909612 0.2879476507339795 0
7641 0.1821654373120576 0.2783783450262556 0
7642 0.07158597960007418 0.1334989882791967 0
7643 0.08199187035099026 0.1396403804765692 0
7644 0.06118008884915812 0.1273575960818243 0
7645 0.07033072394373591 0.1240082311763702 0
7646 0.05077419809824206 0.1212162038844518 0
7647 0.06907546828739763 0.1145174740735437 0
7648 0.07948135903831369 0.1206588662709161 0
7649 0.04036830734732599 0.1150748116870794 0
7650 0.04951894244190377 0.1117254467816252 0
7651 0.04826368678556549 0.1022346896787987 0
7652 0.05866957753648156 0.1083760818761712 0
7653 0.03785779603464942 0.09609329748142625 0
7654 0.04700843112922722 0.09274393257597219 0
7655 0.06782021263105935 0.1050267169707171 0
7656 0.02996241659640992 0.1089334194897069 0
7657 0.01955652584549385 0.1027920272923344 0
7658 0.02870716094007164 0.09944266238688032 0
7659 0.06656495697472106 0.09553595986789058 0
7660 0.07697084772563713 0.101677352065263 0
7661 0.056159066223805 0.08939456767051811 0
7662 0.06530970131838278 0.08604520276506403 0
7663 0.07446033641296057 0.08269583785960996 0
7664 0.9804624166856797 0.1027957751097604 0
7665 0.9700754684660149 0.1089409151250424 0
7666 0.9713117815910242 0.09944641020442402 0
7667 0.9596885202463501 0.1150860551403245 0
7668 0.9621611464963686 0.09609704529908766 0
7669 0.9493015720266853 0.1212311951556065 0
7670 0.9505378851516946 0.1117366902349881 0
7671 0.941387250057039 0.1083873253296517 0
7672 0.9517741982767038 0.1022421853143697 0
7673 0.9310003018373743 0.1145324653449337 0
7674 0.9322366149623836 0.1050379604243153 0
7675 0.9530105114017132 0.09274768039375125 0
7676 0.9389146238070205 0.1273763351708885 0
7677 0.9285276755873557 0.1335214751861706 0
7678 0.929763988712365 0.1240269702655522 0
7679 0.9181407273676909 0.1396666152014527 0
7680 0.9206133536177095 0.1206776053602159 0
7681 0.9438598763070578 0.0893983154884149 0
7682 0.933472928087393 0.09554345550369694 0
7683 0.9347092412124023 0.08604895058307854 0
7684 0.9230859798677282 0.101688595518979 0
7685 0.9255586061177468 0.08269958567774219 0
7686 0.8969755186927035 0.9806478911533771 0
7687 0.8906016724804147 0.9704464174013925 0
7688 0.9003248835981121 0.9714972560587389 0
7689 0.8842278262681259 0.9602449436494078 0
7690 0.9036742485035208 0.9623466209641007 0
7691 0.8778539800558371 0.9500434698974232 0
7692 0.8875771911735346 0.9510943085547696 0
7693 0.8909265560789432 0.9419436734601314 0
7694 0.8973004022912321 0.9521451472121161 0
7695 0.8845527098666545 0.9317421997081468 0
7696 0.8942759209843519 0.9327930383654931 0
7697 0.9070236134089296 0.9531959858694624 0
7698 0.8714801338435483 0.9398419961454385 0
7699 0.8651062876312595 0.9296405223934538 0
7700 0.874829498748957 0.9306913610508003 0
7701 0.8587324414189708 0.9194390486414692 0
7702 0.8781788636543657 0.9215407259561621 0
7703 0.9103729783143382 0.9440453507748241 0
7704 0.9039991321020494 0.9338438770228394 0
7705 0.9137223432197469 0.9348947156801859 0
7706 0.8976252858897606 0.9236424032708548 0
7707 0.9170717081251556 0.9257440805855477 0
7708 0.01954918554583444 0.8972123387720905 0
7709 0.02994773599701982 0.8910753126391943 0
7710 0.0286998206404835 0.9005617036774933 0
7711 0.0403462864482052 0.884938286506298 0
7712 0.03785045573513256 0.9039110685828964 0
7713 0.05074483689939059 0.8788012603734019 0
7714 0.04949692154285427 0.8882876514117011 0
7715 0.05864755663750333 0.8916370163171041 0
7716 0.04824900618631794 0.8977740424500003 0
7717 0.06904610708868872 0.8854999901842079 0
7718 0.06779819173215239 0.894986381222507 0
7719 0.04700109082978163 0.9072604334882994 0
7720 0.06114338735057596 0.8726642342405058 0
7721 0.07154193780176135 0.8665272081076096 0
7722 0.07029402244522504 0.8760135991459088 0
7723 0.08194048825294675 0.8603901819747135 0
7724 0.07944465753987409 0.8793629640513116 0
7725 0.05615172592443068 0.9106097983937023 0
7726 0.06655027637561607 0.9044727722608061 0
7727 0.06530236101907974 0.9139591632991053 0
7728 0.07694882682680146 0.89833574612791 0
7729 0.0744529961137288 0.9173085282045084 0
7730 0.8663728687709807 0.07264165072944148 0
7731 0.8602101194152918 0.08322348666857499 0
7732 0.8725356181266697 0.06205981479030798 0
7733 0.8758849830320471 0.07121044988494846 0
7734 0.8786983674823586 0.05147797885117449 0
7735 0.8853970972931134 0.06977924904045543 0
7736 0.8792343479374245 0.08036108497958894 0
7737 0.8848611168380476 0.04089614291204099 0
7738 0.8882104817434249 0.05004677800668146 0
7739 0.8977225960044912 0.04861557716218844 0
7740 0.8915598466488024 0.05919741310132193 0
7741 0.9038853453601801 0.03803374122305493 0
7742 0.9072347102655576 0.0471843763176954 0
7743 0.8949092115541797 0.06834804819596241 0
7744 0.8910238661937364 0.03031430697290749 0
7745 0.8971866155494252 0.01973247103377398 0
7746 0.9005359804548028 0.02888310612841446 0
7747 0.904421325815246 0.06691684735146937 0
7748 0.8982585764595572 0.07749868329060286 0
7749 0.9105840751709349 0.05633501141233586 0
7750 0.9139334400763124 0.06548564650697633 0
7751 0.9172828049816897 0.07463628160161681 0
7752 0.1344684377912145 0.9273414615259586 0
7753 0.140771404907248 0.9167568109627267 0
7754 0.1281654706751809 0.9379261120891906 0
7755 0.1248161057697779 0.9287754769945415 0
7756 0.1218625035591473 0.9485107626524227 0
7757 0.1151637737483414 0.9302094924631246 0
7758 0.121466740864375 0.9196248418998925 0
7759 0.1155595364431137 0.9590954132156548 0
7760 0.1122101715377108 0.9499447781210058 0
7761 0.1025578395162743 0.9513787935895887 0
7762 0.1088608066323079 0.9407941430263567 0
7763 0.09625487240024072 0.9619634441528206 0
7764 0.09290550749483781 0.9528128090581716 0
7765 0.1055114417269049 0.9316435079317076 0
7766 0.1092565693270801 0.9696800637788868 0
7767 0.1029536022110466 0.9802647143421188 0
7768 0.09960423730564366 0.9711140792474697 0
7769 0.09585910970546843 0.9330775234002906 0
7770 0.102162076821502 0.9224928728370585 0
7771 0.08955614258943487 0.9436621739635225 0
7772 0.08620677768403193 0.9345115388688735 0
7773 0.08285741277862899 0.9253609037742245 0
7774 0.9260730682538871 0.8695129126167842 0
7775 0.9152770188119757 0.8638735039020596 0
7776 0.9368691176957986 0.8751523213315088 0
7777 0.9277184826011553 0.8785016862369034 0
7778 0.9476651671377103 0.8807917300462333 0
7779 0.9293638969484235 0.8874904598570226 0
7780 0.918567847506512 0.8818510511422981 0
7781 0.9584612165796218 0.8864311387609578 0
7782 0.9493105814849785 0.8897805036663525 0
7783 0.9509559958322467 0.8987692772864717 0
7784 0.9401599463903352 0.8931298685717471 0
7785 0.9617520452741584 0.9044086860011963 0
7786 0.9526014101795149 0.9077580509065909 0
7787 0.9310093112956918 0.8964792334771419 0
7788 0.9692572660215335 0.8920705474756824 0
7789 0.980053315463445 0.8977099561904069 0
7790 0.9709026803688017 0.9010593210958016 0
7791 0.93265472564296 0.9054680070972611 0
7792 0.9218586762010483 0.8998285983825365 0
7793 0.9434507750848715 0.9111074158119856 0
7794 0.9343001399902282 0.9144567807173802 0
7795 0.9251495048955849 0.917806145622775 0
7796 0.1029536022104102 0.01973528565777672 0
7797 0.1092565693264048 0.03031993622095552 0
7798 0.0996042373050112 0.02888592075237464 0
7799 0.1155595364423995 0.04090458678413431 0
7800 0.09625487239961214 0.03803655584697258 0
7801 0.1218625035583941 0.0514892373473131 0
7802 0.1122101715370005 0.05005522187873224 0
7803 0.1088608066316014 0.05920585697333016 0
7804 0.1025578395156068 0.04862120641015136 0
7805 0.1151637737475961 0.06979050753650895 0
7806 0.1055114417262024 0.06835649206792808 0
7807 0.09290550749421311 0.04718719094157049 0
7808 0.1281654706743888 0.06207388791049189 0
7809 0.1344684377903834 0.07265853847367068 0
7810 0.1248161057689897 0.07122452300508983 0
7811 0.1407714049063781 0.08324318903684948 0
7812 0.1214667408635907 0.08037515809968775 0
7813 0.08955614258881406 0.05633782603616842 0
7814 0.09585910970480868 0.06692247659934722 0
7815 0.086206777683415 0.06548846113076635 0
7816 0.1021620768208033 0.07750712716252602 0
7817 0.08285741277801596 0.07463909622536427 0
7818 0.1323743285413227 0.09129993067109515 0
7819 0.1239772521762673 0.09935667230534082 0
7820 0.122721996519929 0.08986591520251427 0
7821 0.1155801758112119 0.1074134139395865 0
7822 0.1130696644985353 0.08843189973393341 0
7823 0.1071830994461565 0.1154701555738322 0
7824 0.1059278437898182 0.1059793984710056 0
7825 0.0962755117684245 0.1045453830024248 0
7826 0.1046725881334799 0.09648864136817908 0
7827 0.08787843540336911 0.1126021246366705 0
7828 0.08662317974703081 0.1031113675338439 0
7829 0.1034173324771416 0.08699788426535256 0
7830 0.0987860230811011 0.1235268972080778 0
7831 0.09038894671604569 0.1315836388423234 0
7832 0.08913369105970739 0.122092881739497 0
7833 0.09376500045574793 0.08556386879677169 0
7834 0.08536792409069252 0.09362061043101737 0
7835 0.08411266843435425 0.08412985332819083 0
7836 0.8668102381894001 0.9115011136786964 0
7837 0.8748880349598293 0.9035631787159235 0
7838 0.8765334493070975 0.9125519523360428 0
7839 0.8829658317302584 0.8956252437531508 0
7840 0.886256660424795 0.9136027909933893 0
7841 0.8910436285006877 0.887687308790378 0
7842 0.8926890428479559 0.8966760824104972 0
7843 0.9024122539656534 0.8977269210678437 0
7844 0.8943344571952242 0.9056648560306164 0
7845 0.9104900507360827 0.889788986105071 0
7846 0.9121354650833509 0.89877775972519 0
7847 0.8959798715424925 0.9146536296507357 0
7848 0.899121425271117 0.8797493738276052 0
7849 0.9071992220415463 0.8718114388648324 0
7850 0.9088446363888145 0.8808002124849517 0
7851 0.90570308266019 0.9157044683080821 0
7852 0.9137808794306191 0.9077665333453093 0
7853 0.9154262937778874 0.9167553069654285 0
7854 0.09034490491784693 0.8684425575444297 0
7855 0.0987493215827471 0.8764949331141458 0
7856 0.0890969895613106 0.8779289485827287 0
7857 0.1071537382476473 0.884547308683862 0
7858 0.08784907420477428 0.8874153396210278 0
7859 0.1155581549125475 0.8925996842535782 0
7860 0.1059058228911109 0.8940336997221611 0
7861 0.1046579075345746 0.9035200907604601 0
7862 0.09625349086967447 0.895467715190744 0
7863 0.1130623241994748 0.9115724663301763 0
7864 0.1034099921780383 0.9130064817987593 0
7865 0.08660115884823796 0.896901730659327 0
7866 0.1239625715774476 0.9006520598232943 0
7867 0.1323669882423478 0.9087044353930105 0
7868 0.1227146562209113 0.9101384508615934 0
7869 0.08535324349170163 0.9063881216976262 0
7870 0.09375766015660181 0.9144404972673423 0
7871 0.0841053281351653 0.9158745127359254 0
7872 0.9098649262316338 0.1316033111253274 0
7873 0.901589125095577 0.123540007049202 0
7874 0.9111012393566432 0.1221088062047089 0
7875 0.8933133239595199 0.1154767029730766 0
7876 0.9123375524816526 0.1126143012840904 0
7877 0.8850375228234628 0.1074133988969512 0
7878 0.8945496370845292 0.1059821980524581 0
7879 0.8957859502095384 0.09648769313183969 0
7880 0.9040617513455955 0.1045509972079651 0
7881 0.8875101490734816 0.08842438905571431 0
7882 0.8970222633345478 0.08699318821122126 0
7883 0.9135738656066619 0.103119796363472 0
7884 0.876761721687406 0.09935009482082577 0
7885 0.8684859205513489 0.09128679074470039 0
7886 0.8779980348124152 0.08985558990020735 0
7887 0.9148101787316711 0.09362529144285361 0
7888 0.9065343775956141 0.08556198736672824 0
7889 0.9160464918566804 0.08413078652223521 0
7890 0.755501248912422 0.4112660229487763 0
7891 0.7634150052223752 0.4021490407261648 0
7892 0.7663987919964796 0.4123030088245703 0
7893 0.7713287615323283 0.3930320585035532 0
7894 0.7772963350805373 0.4133399947003642 0
7895 0.7792425178422815 0.3839150762809415 0
7896 0.782226304616386 0.394069044379347 0
7897 0.7931238477004434 0.3951060302551409 0
7898 0.7852100913904904 0.4042230124777526 0
7899 0.8010376040103966 0.3859890480325293 0
7900 0.8040213907845011 0.3961430161309348 0
7901 0.7881938781645947 0.4143769805761581 0
7902 0.7871562741522347 0.3747980940583299 0
7903 0.7950700304621877 0.3656811118357182 0
7904 0.7980538172362921 0.3758350799341237 0
7905 0.7990914212486524 0.4154139664519519 0
7906 0.8070051775586056 0.4062969842293404 0
7907 0.8099889643327101 0.4164509523277459 0
7908 0.2444987510867802 0.5887339770514034 0
7909 0.2365849947767909 0.5978509592740672 0
7910 0.233601208002769 0.5876969911756449 0
7911 0.2286712384668017 0.6069679414967309 0
7912 0.2227036649187579 0.5866600052998864 0
7913 0.2207574821568123 0.6160849237193947 0
7914 0.2177736953827905 0.6059309556209724 0
7915 0.2068761522987794 0.6048939697452139 0
7916 0.2147899086087686 0.5957769875225501 0
7917 0.1989623959887901 0.6140109519678777 0
7918 0.1959786092147682 0.6038569838694554 0
7919 0.2118061218347468 0.5856230194241279 0
7920 0.2128437258468231 0.6252019059420585 0
7921 0.2049299695368338 0.6343188881647223 0
7922 0.201946182762812 0.6241649200663 0
7923 0.2009085787507355 0.5845860335483694 0
7924 0.1929948224407463 0.5937030157710331 0
7925 0.1900110356667243 0.5835490476726108 0
7926 0.7966179081627844 0.6364062869175964 0
7927 0.7900727975618274 0.6290488843453207 0
7928 0.7997809269249336 0.6265801379192982 0
7929 0.7835276869608703 0.621691481773045 0
7930 0.8029439456870827 0.6167539889210001 0
7931 0.7769825763599132 0.6143340792007692 0
7932 0.7866907057230195 0.6118653327747468 0
7933 0.7898537244851686 0.6020391837764485 0
7934 0.7963988350861256 0.6093965863487243 0
7935 0.7833086138842116 0.5946817812041729 0
7936 0.7930167432473176 0.5922130347781503 0
7937 0.8061069644492318 0.6069278399227018 0
7938 0.7704374657589562 0.6069766766284936 0
7939 0.7638923551579991 0.5996192740562178 0
7940 0.7736004845211053 0.5971505276301954 0
7941 0.809269983211381 0.5971016909244036 0
7942 0.8027248726104239 0.5897442883521279 0
7943 0.8124330019735302 0.5872755419261054 0
7944 0.203380453401975 0.3635965509370423 0
7945 0.2099255640029151 0.3709539535092358 0
7946 0.2002157962044062 0.3734255377885899 0
7947 0.2164706746038551 0.3783113560814294 0
7948 0.1970511390068373 0.3832545246401375 0
7949 0.2230157852047951 0.385668758653623 0
7950 0.2133060174062862 0.3881403429329771 0
7951 0.2101413602087173 0.3979693297845247 0
7952 0.2035962496077773 0.3906119272123311 0
7953 0.2166864708096574 0.4053267323567182 0
7954 0.2069767030111485 0.4077983166360723 0
7955 0.1938864818092684 0.3930835114916852 0
7956 0.2295608958057352 0.3930261612258166 0
7957 0.2361060064066752 0.4003835637980102 0
7958 0.2263962386081663 0.4028551480773642 0
7959 0.1907218246116996 0.4029124983432327 0
7960 0.1972669352126395 0.4102699009154264 0
7961 0.1875571674141307 0.4127414851947804 0
7962 0.8471348101691687 0.5153757957107141 0
7963 0.8566764124726325 0.5213790106099274 0
7964 0.8453792304881802 0.5247483765236118 0
7965 0.8662180147760963 0.5273822255091407 0
7966 0.8436236508071917 0.5341209573365095 0
7967 0.8757596170795602 0.533385440408354 0
7968 0.8644624350951078 0.5367548063220384 0
7969 0.8627068554141193 0.5461273871349361 0
7970 0.8531652531106555 0.5401241722357228 0
7971 0.8722484577175832 0.5521306020341494 0
7972 0.8609512757331308 0.5554999679478339 0
7973 0.8418680711262032 0.5434935381494073 0
7974 0.8853012193830241 0.5393886553075673 0
7975 0.8948428216864879 0.5453918702067806 0
7976 0.8835456397020356 0.548761236120465 0
7977 0.8401124914452147 0.552866118962305 0
7978 0.8496540937486785 0.5588693338615183 0
7979 0.8383569117642262 0.5622386997752027 0
7980 0.1528621470221204 0.4846294745890204 0
7981 0.14331914034545 0.4786286921355325 0
7982 0.1546160882677293 0.4752597316294738 0
7983 0.1337761336687796 0.4726279096820445 0
7984 0.1563700295133382 0.4658899886699271 0
7985 0.1242331269921093 0.4666271272285566 0
7986 0.1355300749143886 0.463258166722498 0
7987 0.1372840161599975 0.4538884237629514 0
7988 0.1468270228366678 0.4598892062164393 0
7989 0.1277410094833271 0.4478876413094633 0
7990 0.1390379574056064 0.4445186808034047 0
7991 0.1581239707589472 0.4565202457103805 0
7992 0.114690120315439 0.4606263447750687 0
7993 0.1051471136387686 0.4546255623215807 0
7994 0.1164440615610479 0.4512566018155221 0
7995 0.159877912004556 0.447150502750834 0
7996 0.1503349053278857 0.441149720297346 0
7997 0.1616318532501649 0.4377807597912873 0
7998 0.8959447955616738 0.4557627465261145 0
7999 0.8861896589475975 0.4616281618195155 0
8000 0.8842548472781198 0.4525834001074333 0
8001 0.876434522333521 0.4674935771129166 0
8002 0.8725648989945658 0.4494040536887521 0
8003 0.8666793857194448 0.4733589924063177 0
8004 0.8647445740499671 0.4643142306942355 0
8005 0.8530546257664131 0.4611348842755544 0
8006 0.8628097623804893 0.4552694689821533 0
8007 0.8432994891523367 0.4670002995689554 0
8008 0.841364677482859 0.4579555378568732 0
8009 0.8608749507110117 0.446224707270071 0
8010 0.8569242491053684 0.4792244076997188 0
8011 0.8471691124912921 0.4850898229931199 0
8012 0.8452343008218144 0.4760450612810377 0
8013 0.8491850024274576 0.4430453608513898 0
8014 0.8394298658133814 0.4489107761447909 0
8015 0.8374950541439037 0.4398660144327087 0
8016 0.1040552044380506 0.5442372534744624 0
8017 0.1138103410521455 0.5383718381810689 0
8018 0.1157451527215843 0.5474165998931158 0
8019 0.1235654776662405 0.5325064228876755 0
8020 0.1274351010051179 0.5505959463117693 0
8021 0.1333206142803356 0.5266410075942821 0
8022 0.1352554259497742 0.5356857693063291 0
8023 0.1469453742333079 0.5388651157249824 0
8024 0.1371902376192129 0.5447305310183759 0
8025 0.1567005108474029 0.532999700431589 0
8026 0.1586353225168416 0.5420444621436358 0
8027 0.1391250492886516 0.5537752927304227 0
8028 0.1430757508944306 0.5207755923008887 0
8029 0.1528308875085256 0.5149101770074952 0
8030 0.1547656991779642 0.5239549387195421 0
8031 0.1508149975721853 0.5569546391490762 0
8032 0.1605701341862802 0.5510892238556827 0
8033 0.162504945855719 0.5601339855677296 0
$EndNodes
$Elements
16104
1 1 2 2 1 70 21
2 1 2 2 1 21 61
3 1 2 2 1 61 20
4 1 2 2 1 20 81
5 1 2 2 1 81 19
6 1 2 2 1 19 60
7 1 2 2 1 60 18
8 1 2 2 1 18 32
9 1 2 2 1 32 17
10 1 2 2 1 17 59
11 1 2 2 1 59 16
12 1 2 2 1 16 62
13 1 2 2 1 62 15
14 1 2 2 1 15 58
15 1 2 2 1 58 14
16 1 2 2 1 14 63
17 1 2 2 1 63 13
18 1 2 2 1 13 57
19 1 2 2 1 57 1
20 1 2 2 1 1 73
21 1 2 2 1 73 11
22 1 2 2 1 11 56
23 1 2 2 1 56 10
24 1 2 2 1 10 64
25 1 2 2 1 64 9
26 1 2 2 1 9 55
27 1 2 2 1 55 8
28 1 2 2 1 8 74
29 1 2 2 1 74 7
30 1 2 2 1 7 54
31 1 2 2 1 54 6
32 1 2 2 1 6 65
33 1 2 2 1 65 5
34 1 2 2 1 5 53
35 1 2 2 1 53 4
36 1 2 2 1 4 75
37 1 2 2 1 75 3
38 1 2 2 1 3 42
39 1 2 2 1 42 2
40 1 2 2 1 2 66
41 1 2 2 1 66 12
42 1 2 2 1 12 72
43 1 2 2 1 72 41
44 1 2 2 1 41 76
45 1 2 2 1 76 40
46 1 2 2 1 40 50
47 1 2 2 1 50 39
48 1 2 2 1 39 67
49 1 2 2 1 67 38
50 1 2 2 1 38 49
51 1 2 2 1 49 37
52 1 2 2 1 37 77
53 1 2 2 1 77 36
54 1 2 2 1 36 48
55 1 2 2 1 48 35
56 1 2 2 1 35 68
57 1 2 2 1 68 34
58 1 2 2 1 34 47
59 1 2 2 1 47 33
60 1 2 2 1 33 78
61 1 2 2 1 78 22
62 1 2 2 1 22 46
63 1 2 2 1 46 31
64 1 2 2 1 31 69
65 1 2 2 1 69 30
66 1 2 2 1 30 45
67 1 2 2 1 45 29
68 1 2 2 1 29 79
69 1 2 2 1 79 28
70 1 2 2 1 28 44
71 1 2 2 1 44 27
72 1 2 2 1 27 71
73 1 2 2 1 71 26
74 1 2 2 1 26 43
75 1 2 2 1 43 25
76 1 2 2 1 25 80
77 1 2 2 1 80 24
78 1 2 2 1 24 52
79 1 2 2 1 52 23
80 1 2 2 1 23 51
81 1 2 4 2 51 112
82 1 2 4 2 112 122
83 1 2 4 2 122 101
84 1 2 4 2 101 142
85 1 2 4 2 142 100
86 1 2 4 2 100 141
87 1 2 4 2 141 99
88 1 2 4 2 99 143
89 1 2 4 2 143 98
90 1 2 4 2 98 140
91 1 2 4 2 140 97
92 1 2 4 2 97 153
93 1 2 4 2 153 96
94 1 2 4 2 96 139
95 1 2 4 2 139 95
96 1 2 4 2 95 144
97 1 2 4 2 144 94
98 1 2 4 2 94 138
99 1 2 4 2 138 93
100 1 2 4 2 93 154
101 1 2 4 2 154 82
102 1 2 4 2 82 137
103 1 2 4 2 137 91
104 1 2 4 2 91 145
105 1 2 4 2 145 90
106 1 2 4 2 90 136
107 1 2 4 2 136 89
108 1 2 4 2 89 155
109 1 2 4 2 155 88
110 1 2 4 2 88 135
111 1 2 4 2 135 87
112 1 2 4 2 87 146
113 1 2 4 2 146 86
114 1 2 4 2 86 134
115 1 2 4 2 134 85
116 1 2 4 2 85 156
117 1 2 4 2 156 84
118 1 2 4 2 84 133
119 1 2 4 2 133 83
120 1 2 4 2 83 147
121 1 2 4 2 147 92
122 1 2 4 2 92 152
123 1 2 4 2 152 121
124 1 2 4 2 121 157
125 1 2 4 2 157 120
126 1 2 4 2 120 131
127 1 2 4 2 131 119
128 1 2 4 2 119 148
129 1 2 4 2 148 118
130 1 2 4 2 118 130
131 1 2 4 2 130 117
132 1 2 4 2 117 158
133 1 2 4 2 158 116
134 1 2 4 2 116 129
135 1 2 4 2 129 115
136 1 2 4 2 115 149
137 1 2 4 2 149 114
138 1 2 4 2 114 128
139 1 2 4 2 128 113
140 1 2 4 2 113 159
141 1 2 4 2 159 102
142 1 2 4 2 102 127
143 1 2 4 2 127 111
144 1 2 4 2 111 150
145 1 2 4 2 150 110
146 1 2 4 2 110 126
147 1 2 4 2 126 109
148 1 2 4 2 109 160
149 1 2 4 2 160 108
150 1 2 4 2 108 125
151 1 2 4 2 125 107
152 1 2 4 2 107 151
153 1 2 4 2 151 106
154 1 2 4 2 106 124
155 1 2 4 2 124 105
156 1 2 4 2 105 161
157 1 2 4 2 161 104
158 1 2 4 2 104 123
159 1 2 4 2 123 103
160 1 2 4 2 103 132
161 1 2 1 3 132 192
162 1 2 1 3 192 202
163 1 2 1 3 202 181
164 1 2 1 3 181 222
165 1 2 1 3 222 180
166 1 2 1 3 180 221
167 1 2 1 3 221 179
168 1 2 1 3 179 223
169 1 2 1 3 223 178
170 1 2 1 3 178 220
171 1 2 1 3 220 177
172 1 2 1 3 177 233
173 1 2 1 3 233 176
174 1 2 1 3 176 219
175 1 2 1 3 219 175
176 1 2 1 3 175 224
177 1 2 1 3 224 174
178 1 2 1 3 174 218
179 1 2 1 3 218 173
180 1 2 1 3 173 234
181 1 2 1 3 234 162
182 1 2 1 3 162 217
183 1 2 1 3 217 171
184 1 2 1 3 171 225
185 1 2 1 3 225 170
186 1 2 1 3 170 216
187 1 2 1 3 216 169
188 1 2 1 3 169 235
189 1 2 1 3 235 168
190 1 2 1 3 168 215
191 1 2 1 3 215 167
192 1 2 1 3 167 226
193 1 2 1 3 226 166
194 1 2 1 3 166 214
195 1 2 1 3 214 165
196 1 2 1 3 165 236
197 1 2 1 3 236 164
198 1 2 1 3 164 213
199 1 2 1 3 213 163
200 1 2 1 3 163 227
201 1 2 1 3 227 172
202 1 2 1 3 172 232
203 1 2 1 3 232 201
204 1 2 1 3 201 237
205 1 2 1 3 237 200
206 1 2 1 3 200 211
207 1 2 1 3 211 199
208 1 2 1 3 199 228
209 1 2 1 3 228 198
210 1 2 1 3 198 210
211 1 2 1 3 210 197
212 1 2 1 3 197 238
213 1 2 1 3 238 196
214 1 2 1 3 196 209
215 1 2 1 3 209 195
216 1 2 1 3 195 229
217 1 2 1 3 229 194
218 1 2 1 3 194 208
219 1 2 1 3 208 193
220 1 2 1 3 193 239
221 1 2 1 3 239 182
222 1 2 1 3 182 207
223 1 2 1 3 207 191
224 1 2 1 3 191 230
225 1 2 1 3 230 190
226 1 2 1 3 190 206
227 1 2 1 3 206 189
228 1 2 1 3 189 240
229 1 2 1 3 240 188
230 1 2 1 3 188 205
231 1 2 1 3 205 187
232 1 2 1 3 187 231
233 1 2 1 3 231 186
234 1 2 1 3 186 204
235 1 2 1 3 204 185
236 1 2 1 3 185 241
237 1 2 1 3 241 184
238 1 2 1 3 184 203
239 1 2 1 3 203 183
240 1 2 1 3 183 212
241 1 2 3 4 212 272
242 1 2 3 4 272 282
243 1 2 3 4 282 261
244 1 2 3 4 261 311
245 1 2 3 4 311 260
246 1 2 3 4 260 301
247 1 2 3 4 301 259
248 1 2 3 4 259 292
249 1 2 3 4 292 258
250 1 2 3 4 258 300
251 1 2 3 4 300 257
252 1 2 3 4 257 302
253 1 2 3 4 302 256
254 1 2 3 4 256 299
255 1 2 3 4 299 255
256 1 2 3 4 255 303
257 1 2 3 4 303 254
258 1 2 3 4 254 298
259 1 2 3 4 298 253
260 1 2 3 4 253 313
261 1 2 3 4 313 242
262 1 2 3 4 242 297
263 1 2 3 4 297 251
264 1 2 3 4 251 304
265 1 2 3 4 304 250
266 1 2 3 4 250 296
267 1 2 3 4 296 249
268 1 2 3 4 249 314
269 1 2 3 4 314 248
270 1 2 3 4 248 295
271 1 2 3 4 295 247
272 1 2 3 4 247 305
273 1 2 3 4 305 246
274 1 2 3 4 246 294
275 1 2 3 4 294 245
276 1 2 3 4 245 315
277 1 2 3 4 315 244
278 1 2 3 4 244 293
279 1 2 3 4 293 243
280 1 2 3 4 243 306
281 1 2 3 4 306 252
282 1 2 3 4 252 312
283 1 2 3 4 312 281
284 1 2 3 4 281 316
285 1 2 3 4 316 280
286 1 2 3 4 280 291
287 1 2 3 4 291 279
288 1 2 3 4 279 307
289 1 2 3 4 307 278
290 1 2 3 4 278 290
291 1 2 3 4 290 277
292 1 2 3 4 277 317
293 1 2 3 4 317 276
294 1 2 3 4 276 289
295 1 2 3 4 289 275
296 1 2 3 4 275 308
297 1 2 3 4 308 274
298 1 2 3 4 274 288
299 1 2 3 4 288 273
300 1 2 3 4 273 318
301 1 2 3 4 318 262
302 1 2 3 4 262 287
303 1 2 3 4 287 271
304 1 2 3 4 271 309
305 1 2 3 4 309 270
306 1 2 3 4 270 286
307 1 2 3 4 286 269
308 1 2 3 4 269 319
309 1 2 3 4 319 268
310 1 2 3 4 268 285
311 1 2 3 4 285 267
312 1 2 3 4 267 310
313 1 2 3 4 310 266
314 1 2 3 4 266 284
315 1 2 3 4 284 265
316 1 2 3 4 265 320
317 1 2 3 4 320 264
318 1 2 3 4 264 283
319 1 2 3 4 283 263
320 1 2 3 4 263 70
321 1 2 5 5 353 322
322 1 2 5 5 322 342
323 1 2 5 5 342 323
324 1 2 5 5 323 357
325 1 2 5 5 357 324
326 1 2 5 5 324 351
327 1 2 5 5 351 325
328 1 2 5 5 325 361
329 1 2 5 5 361 326
330 1 2 5 5 326 350
331 1 2 5 5 350 327
332 1 2 5 5 327 356
333 1 2 5 5 356 328
334 1 2 5 5 328 349
335 1 2 5 5 349 329
336 1 2 5 5 329 360
337 1 2 5 5 360 330
338 1 2 5 5 330 348
339 1 2 5 5 348 331
340 1 2 5 5 331 355
341 1 2 5 5 355 321
342 1 2 5 5 321 347
343 1 2 5 5 347 333
344 1 2 5 5 333 359
345 1 2 5 5 359 334
346 1 2 5 5 334 346
347 1 2 5 5 346 335
348 1 2 5 5 335 354
349 1 2 5 5 354 336
350 1 2 5 5 336 345
351 1 2 5 5 345 337
352 1 2 5 5 337 358
353 1 2 5 5 358 338
354 1 2 5 5 338 344
355 1 2 5 5 344 339
356 1 2 5 5 339 352
357 1 2 5 5 352 340
358 1 2 5 5 340 343
359 1 2 5 5 343 341
360 1 2 5 5 341 332
361 2 2 6 1 370 2230 2232
362 2 2 6 1 2230 2231 2232
363 2 2 6 1 2230 804 2231
364 2 2 6 1 2232 2231 806
365 2 2 6 1 804 2233 2231
366 2 2 6 1 2233 2234 2231
367 2 2 6 1 2233 805 2234
368 2 2 6 1 2231 2234 806
369 2 2 6 1 804 2235 2233
370 2 2 6 1 2235 2236 2233
371 2 2 6 1 2235 460 2236
372 2 2 6 1 2233 2236 805
373 2 2 6 1 806 2234 2238
374 2 2 6 1 2234 2237 2238
375 2 2 6 1 2234 805 2237
376 2 2 6 1 2238 2237 462
377 2 2 6 1 460 2239 2236
378 2 2 6 1 2239 2240 2236
379 2 2 6 1 2239 807 2240
380 2 2 6 1 2236 2240 805
381 2 2 6 1 807 2241 2240
382 2 2 6 1 2241 2242 2240
383 2 2 6 1 2241 808 2242
384 2 2 6 1 2240 2242 805
385 2 2 6 1 807 2243 2241
386 2 2 6 1 2243 2244 2241
387 2 2 6 1 2243 461 2244
388 2 2 6 1 2241 2244 808
389 2 2 6 1 805 2242 2237
390 2 2 6 1 2242 2245 2237
391 2 2 6 1 2242 808 2245
392 2 2 6 1 2237 2245 462
393 2 2 6 1 460 2246 2239
394 2 2 6 1 2246 2247 2239
395 2 2 6 1 2246 809 2247
396 2 2 6 1 2239 2247 807
397 2 2 6 1 809 2248 2247
398 2 2 6 1 2248 2249 2247
399 2 2 6 1 2248 810 2249
400 2 2 6 1 2247 2249 807
401 2 2 6 1 809 2250 2248
402 2 2 6 1 2250 2251 2248
403 2 2 6 1 2250 414 2251
404 2 2 6 1 2248 2251 810
405 2 2 6 1 807 2249 2243
406 2 2 6 1 2249 2252 2243
407 2 2 6 1 2249 810 2252
408 2 2 6 1 2243 2252 461
409 2 2 6 1 462 2245 2254
410 2 2 6 1 2245 2253 2254
411 2 2 6 1 2245 808 2253
412 2 2 6 1 2254 2253 812
413 2 2 6 1 808 2255 2253
414 2 2 6 1 2255 2256 2253
415 2 2 6 1 2255 811 2256
416 2 2 6 1 2253 2256 812
417 2 2 6 1 808 2244 2255
418 2 2 6 1 2244 2257 2255
419 2 2 6 1 2244 461 2257
420 2 2 6 1 2255 2257 811
421 2 2 6 1 812 2256 2259
422 2 2 6 1 2256 2258 2259
423 2 2 6 1 2256 811 2258
424 2 2 6 1 2259 2258 429
425 2 2 6 1 368 2260 2262
426 2 2 6 1 2260 2261 2262
427 2 2 6 1 2260 813 2261
428 2 2 6 1 2262 2261 815
429 2 2 6 1 813 2263 2261
430 2 2 6 1 2263 2264 2261
431 2 2 6 1 2263 814 2264
432 2 2 6 1 2261 2264 815
433 2 2 6 1 813 2265 2263
434 2 2 6 1 2265 2266 2263
435 2 2 6 1 2265 463 2266
436 2 2 6 1 2263 2266 814
437 2 2 6 1 815 2264 2268
438 2 2 6 1 2264 2267 2268
439 2 2 6 1 2264 814 2267
440 2 2 6 1 2268 2267 465
441 2 2 6 1 463 2269 2266
442 2 2 6 1 2269 2270 2266
443 2 2 6 1 2269 816 2270
444 2 2 6 1 2266 2270 814
445 2 2 6 1 816 2271 2270
446 2 2 6 1 2271 2272 2270
447 2 2 6 1 2271 817 2272
448 2 2 6 1 2270 2272 814
449 2 2 6 1 816 2273 2271
450 2 2 6 1 2273 2274 2271
451 2 2 6 1 2273 464 2274
452 2 2 6 1 2271 2274 817
453 2 2 6 1 814 2272 2267
454 2 2 6 1 2272 2275 2267
455 2 2 6 1 2272 817 2275
456 2 2 6 1 2267 2275 465
457 2 2 6 1 463 2276 2269
458 2 2 6 1 2276 2277 2269
459 2 2 6 1 2276 818 2277
460 2 2 6 1 2269 2277 816
461 2 2 6 1 818 2278 2277
462 2 2 6 1 2278 2279 2277
463 2 2 6 1 2278 819 2279
464 2 2 6 1 2277 2279 816
465 2 2 6 1 818 2280 2278
466 2 2 6 1 2280 2281 2278
467 2 2 6 1 2280 388 2281
468 2 2 6 1 2278 2281 819
469 2 2 6 1 816 2279 2273
470 2 2 6 1 2279 2282 2273
471 2 2 6 1 2279 819 2282
472 2 2 6 1 2273 2282 464
473 2 2 6 1 465 2275 2284
474 2 2 6 1 2275 2283 2284
475 2 2 6 1 2275 817 2283
476 2 2 6 1 2284 2283 821
477 2 2 6 1 817 2285 2283
478 2 2 6 1 2285 2286 2283
479 2 2 6 1 2285 820 2286
480 2 2 6 1 2283 2286 821
481 2 2 6 1 817 2274 2285
482 2 2 6 1 2274 2287 2285
483 2 2 6 1 2274 464 2287
484 2 2 6 1 2285 2287 820
485 2 2 6 1 821 2286 2289
486 2 2 6 1 2286 2288 2289
487 2 2 6 1 2286 820 2288
488 2 2 6 1 2289 2288 431
489 2 2 6 1 371 2290 2292
490 2 2 6 1 2290 2291 2292
491 2 2 6 1 2290 822 2291
492 2 2 6 1 2292 2291 824
493 2 2 6 1 822 2293 2291
494 2 2 6 1 2293 2294 2291
495 2 2 6 1 2293 823 2294
496 2 2 6 1 2291 2294 824
497 2 2 6 1 822 2295 2293
498 2 2 6 1 2295 2296 2293
499 2 2 6 1 2295 466 2296
500 2 2 6 1 2293 2296 823
501 2 2 6 1 824 2294 2298
502 2 2 6 1 2294 2297 2298
503 2 2 6 1 2294 823 2297
504 2 2 6 1 2298 2297 468
505 2 2 6 1 466 2299 2296
506 2 2 6 1 2299 2300 2296
507 2 2 6 1 2299 825 2300
508 2 2 6 1 2296 2300 823
509 2 2 6 1 825 2301 2300
510 2 2 6 1 2301 2302 2300
511 2 2 6 1 2301 826 2302
512 2 2 6 1 2300 2302 823
513 2 2 6 1 825 2303 2301
514 2 2 6 1 2303 2304 2301
515 2 2 6 1 2303 467 2304
516 2 2 6 1 2301 2304 826
517 2 2 6 1 823 2302 2297
518 2 2 6 1 2302 2305 2297
519 2 2 6 1 2302 826 2305
520 2 2 6 1 2297 2305 468
521 2 2 6 1 466 2306 2299
522 2 2 6 1 2306 2307 2299
523 2 2 6 1 2306 827 2307
524 2 2 6 1 2299 2307 825
525 2 2 6 1 827 2308 2307
526 2 2 6 1 2308 2309 2307
527 2 2 6 1 2308 828 2309
528 2 2 6 1 2307 2309 825
529 2 2 6 1 827 2310 2308
530 2 2 6 1 2310 2311 2308
531 2 2 6 1 2310 411 2311
532 2 2 6 1 2308 2311 828
533 2 2 6 1 825 2309 2303
534 2 2 6 1 2309 2312 2303
535 2 2 6 1 2309 828 2312
536 2 2 6 1 2303 2312 467
537 2 2 6 1 468 2305 2314
538 2 2 6 1 2305 2313 2314
539 2 2 6 1 2305 826 2313
540 2 2 6 1 2314 2313 830
541 2 2 6 1 826 2315 2313
542 2 2 6 1 2315 2316 2313
543 2 2 6 1 2315 829 2316
544 2 2 6 1 2313 2316 830
545 2 2 6 1 826 2304 2315
546 2 2 6 1 2304 2317 2315
547 2 2 6 1 2304 467 2317
548 2 2 6 1 2315 2317 829
549 2 2 6 1 830 2316 2319
550 2 2 6 1 2316 2318 2319
551 2 2 6 1 2316 829 2318
552 2 2 6 1 2319 2318 433
553 2 2 6 1 427 2320 2322
554 2 2 6 1 2320 2321 2322
555 2 2 6 1 2320 831 2321
556 2 2 6 1 2322 2321 833
557 2 2 6 1 831 2323 2321
558 2 2 6 1 2323 2324 2321
559 2 2 6 1 2323 832 2324
560 2 2 6 1 2321 2324 833
561 2 2 6 1 831 2325 2323
562 2 2 6 1 2325 2326 2323
563 2 2 6 1 2325 469 2326
564 2 2 6 1 2323 2326 832
565 2 2 6 1 833 2324 2328
566 2 2 6 1 2324 2327 2328
567 2 2 6 1 2324 832 2327
568 2 2 6 1 2328 2327 471
569 2 2 6 1 469 2329 2326
570 2 2 6 1 2329 2330 2326
571 2 2 6 1 2329 834 2330
572 2 2 6 1 2326 2330 832
573 2 2 6 1 834 2331 2330
574 2 2 6 1 2331 2332 2330
575 2 2 6 1 2331 835 2332
576 2 2 6 1 2330 2332 832
577 2 2 6 1 834 2333 2331
578 2 2 6 1 2333 2334 2331
579 2 2 6 1 2333 470 2334
580 2 2 6 1 2331 2334 835
581 2 2 6 1 832 2332 2327
582 2 2 6 1 2332 2335 2327
583 2 2 6 1 2332 835 2335
584 2 2 6 1 2327 2335 471
585 2 2 6 1 469 2336 2329
586 2 2 6 1 2336 2337 2329
587 2 2 6 1 2336 836 2337
588 2 2 6 1 2329 2337 834
589 2 2 6 1 836 2338 2337
590 2 2 6 1 2338 2339 2337
591 2 2 6 1 2338 837 2339
592 2 2 6 1 2337 2339 834
593 2 2 6 1 836 2340 2338
594 2 2 6 1 2340 2341 2338
595 2 2 6 1 2340 369 2341
596 2 2 6 1 2338 2341 837
597 2 2 6 1 834 2339 2333
598 2 2 6 1 2339 2342 2333
599 2 2 6 1 2339 837 2342
600 2 2 6 1 2333 2342 470
601 2 2 6 1 471 2335 2344
602 2 2 6 1 2335 2343 2344
603 2 2 6 1 2335 835 2343
604 2 2 6 1 2344 2343 839
605 2 2 6 1 835 2345 2343
606 2 2 6 1 2345 2346 2343
607 2 2 6 1 2345 838 2346
608 2 2 6 1 2343 2346 839
609 2 2 6 1 835 2334 2345
610 2 2 6 1 2334 2347 2345
611 2 2 6 1 2334 470 2347
612 2 2 6 1 2345 2347 838
613 2 2 6 1 839 2346 2349
614 2 2 6 1 2346 2348 2349
615 2 2 6 1 2346 838 2348
616 2 2 6 1 2349 2348 432
617 2 2 6 1 370 2232 2351
618 2 2 6 1 2232 2350 2351
619 2 2 6 1 2232 806 2350
620 2 2 6 1 2351 2350 841
621 2 2 6 1 806 2352 2350
622 2 2 6 1 2352 2353 2350
623 2 2 6 1 2352 840 2353
624 2 2 6 1 2350 2353 841
625 2 2 6 1 806 2238 2352
626 2 2 6 1 2238 2354 2352
627 2 2 6 1 2238 462 2354
628 2 2 6 1 2352 2354 840
629 2 2 6 1 841 2353 2356
630 2 2 6 1 2353 2355 2356
631 2 2 6 1 2353 840 2355
632 2 2 6 1 2356 2355 473
633 2 2 6 1 462 2357 2354
634 2 2 6 1 2357 2358 2354
635 2 2 6 1 2357 842 2358
636 2 2 6 1 2354 2358 840
637 2 2 6 1 842 2359 2358
638 2 2 6 1 2359 2360 2358
639 2 2 6 1 2359 843 2360
640 2 2 6 1 2358 2360 840
641 2 2 6 1 842 2361 2359
642 2 2 6 1 2361 2362 2359
643 2 2 6 1 2361 472 2362
644 2 2 6 1 2359 2362 843
645 2 2 6 1 840 2360 2355
646 2 2 6 1 2360 2363 2355
647 2 2 6 1 2360 843 2363
648 2 2 6 1 2355 2363 473
649 2 2 6 1 462 2254 2357
650 2 2 6 1 2254 2364 2357
651 2 2 6 1 2254 812 2364
652 2 2 6 1 2357 2364 842
653 2 2 6 1 812 2365 2364
654 2 2 6 1 2365 2366 2364
655 2 2 6 1 2365 844 2366
656 2 2 6 1 2364 2366 842
657 2 2 6 1 812 2259 2365
658 2 2 6 1 2259 2367 2365
659 2 2 6 1 2259 429 2367
660 2 2 6 1 2365 2367 844
661 2 2 6 1 842 2366 2361
662 2 2 6 1 2366 2368 2361
663 2 2 6 1 2366 844 2368
664 2 2 6 1 2361 2368 472
665 2 2 6 1 473 2363 2370
666 2 2 6 1 2363 2369 2370
667 2 2 6 1 2363 843 2369
668 2 2 6 1 2370 2369 846
669 2 2 6 1 843 2371 2369
670 2 2 6 1 2371 2372 2369
671 2 2 6 1 2371 845 2372
672 2 2 6 1 2369 2372 846
673 2 2 6 1 843 2362 2371
674 2 2 6 1 2362 2373 2371
675 2 2 6 1 2362 472 2373
676 2 2 6 1 2371 2373 845
677 2 2 6 1 846 2372 2375
678 2 2 6 1 2372 2374 2375
679 2 2 6 1 2372 845 2374
680 2 2 6 1 2375 2374 450
681 2 2 6 1 388 2280 2377
682 2 2 6 1 2280 2376 2377
683 2 2 6 1 2280 818 2376
684 2 2 6 1 2377 2376 848
685 2 2 6 1 818 2378 2376
686 2 2 6 1 2378 2379 2376
687 2 2 6 1 2378 847 2379
688 2 2 6 1 2376 2379 848
689 2 2 6 1 818 2276 2378
690 2 2 6 1 2276 2380 2378
691 2 2 6 1 2276 463 2380
692 2 2 6 1 2378 2380 847
693 2 2 6 1 848 2379 2382
694 2 2 6 1 2379 2381 2382
695 2 2 6 1 2379 847 2381
696 2 2 6 1 2382 2381 475
697 2 2 6 1 463 2383 2380
698 2 2 6 1 2383 2384 2380
699 2 2 6 1 2383 849 2384
700 2 2 6 1 2380 2384 847
701 2 2 6 1 849 2385 2384
702 2 2 6 1 2385 2386 2384
703 2 2 6 1 2385 850 2386
704 2 2 6 1 2384 2386 847
705 2 2 6 1 849 2387 2385
706 2 2 6 1 2387 2388 2385
707 2 2 6 1 2387 474 2388
708 2 2 6 1 2385 2388 850
709 2 2 6 1 847 2386 2381
710 2 2 6 1 2386 2389 2381
711 2 2 6 1 2386 850 2389
712 2 2 6 1 2381 2389 475
713 2 2 6 1 463 2265 2383
714 2 2 6 1 2265 2390 2383
715 2 2 6 1 2265 813 2390
716 2 2 6 1 2383 2390 849
717 2 2 6 1 813 2391 2390
718 2 2 6 1 2391 2392 2390
719 2 2 6 1 2391 851 2392
720 2 2 6 1 2390 2392 849
721 2 2 6 1 813 2260 2391
722 2 2 6 1 2260 2393 2391
723 2 2 6 1 2260 368 2393
724 2 2 6 1 2391 2393 851
725 2 2 6 1 849 2392 2387
726 2 2 6 1 2392 2394 2387
727 2 2 6 1 2392 851 2394
728 2 2 6 1 2387 2394 474
729 2 2 6 1 475 2389 2396
730 2 2 6 1 2389 2395 2396
731 2 2 6 1 2389 850 2395
732 2 2 6 1 2396 2395 853
733 2 2 6 1 850 2397 2395
734 2 2 6 1 2397 2398 2395
735 2 2 6 1 2397 852 2398
736 2 2 6 1 2395 2398 853
737 2 2 6 1 850 2388 2397
738 2 2 6 1 2388 2399 2397
739 2 2 6 1 2388 474 2399
740 2 2 6 1 2397 2399 852
741 2 2 6 1 853 2398 2401
742 2 2 6 1 2398 2400 2401
743 2 2 6 1 2398 852 2400
744 2 2 6 1 2401 2400 449
745 2 2 6 1 411 2310 2403
746 2 2 6 1 2310 2402 2403
747 2 2 6 1 2310 827 2402
748 2 2 6 1 2403 2402 855
749 2 2 6 1 827 2404 2402
750 2 2 6 1 2404 2405 2402
751 2 2 6 1 2404 854 2405
752 2 2 6 1 2402 2405 855
753 2 2 6 1 827 2306 2404
754 2 2 6 1 2306 2406 2404
755 2 2 6 1 2306 466 2406
756 2 2 6 1 2404 2406 854
757 2 2 6 1 855 2405 2408
758 2 2 6 1 2405 2407 2408
759 2 2 6 1 2405 854 2407
760 2 2 6 1 2408 2407 477
761 2 2 6 1 466 2409 2406
762 2 2 6 1 2409 2410 2406
763 2 2 6 1 2409 856 2410
764 2 2 6 1 2406 2410 854
765 2 2 6 1 856 2411 2410
766 2 2 6 1 2411 2412 2410
767 2 2 6 1 2411 857 2412
768 2 2 6 1 2410 2412 854
769 2 2 6 1 856 2413 2411
770 2 2 6 1 2413 2414 2411
771 2 2 6 1 2413 476 2414
772 2 2 6 1 2411 2414 857
773 2 2 6 1 854 2412 2407
774 2 2 6 1 2412 2415 2407
775 2 2 6 1 2412 857 2415
776 2 2 6 1 2407 2415 477
777 2 2 6 1 466 2295 2409
778 2 2 6 1 2295 2416 2409
779 2 2 6 1 2295 822 2416
780 2 2 6 1 2409 2416 856
781 2 2 6 1 822 2417 2416
782 2 2 6 1 2417 2418 2416
783 2 2 6 1 2417 858 2418
784 2 2 6 1 2416 2418 856
785 2 2 6 1 822 2290 2417
786 2 2 6 1 2290 2419 2417
787 2 2 6 1 2290 371 2419
788 2 2 6 1 2417 2419 858
789 2 2 6 1 856 2418 2413
790 2 2 6 1 2418 2420 2413
791 2 2 6 1 2418 858 2420
792 2 2 6 1 2413 2420 476
793 2 2 6 1 477 2415 2422
794 2 2 6 1 2415 2421 2422
795 2 2 6 1 2415 857 2421
796 2 2 6 1 2422 2421 860
797 2 2 6 1 857 2423 2421
798 2 2 6 1 2423 2424 2421
799 2 2 6 1 2423 859 2424
800 2 2 6 1 2421 2424 860
801 2 2 6 1 857 2414 2423
802 2 2 6 1 2414 2425 2423
803 2 2 6 1 2414 476 2425
804 2 2 6 1 2423 2425 859
805 2 2 6 1 860 2424 2427
806 2 2 6 1 2424 2426 2427
807 2 2 6 1 2424 859 2426
808 2 2 6 1 2427 2426 448
809 2 2 6 1 369 2340 2429
810 2 2 6 1 2340 2428 2429
811 2 2 6 1 2340 836 2428
812 2 2 6 1 2429 2428 862
813 2 2 6 1 836 2430 2428
814 2 2 6 1 2430 2431 2428
815 2 2 6 1 2430 861 2431
816 2 2 6 1 2428 2431 862
817 2 2 6 1 836 2336 2430
818 2 2 6 1 2336 2432 2430
819 2 2 6 1 2336 469 2432
820 2 2 6 1 2430 2432 861
821 2 2 6 1 862 2431 2434
822 2 2 6 1 2431 2433 2434
823 2 2 6 1 2431 861 2433
824 2 2 6 1 2434 2433 479
825 2 2 6 1 469 2435 2432
826 2 2 6 1 2435 2436 2432
827 2 2 6 1 2435 863 2436
828 2 2 6 1 2432 2436 861
829 2 2 6 1 863 2437 2436
830 2 2 6 1 2437 2438 2436
831 2 2 6 1 2437 864 2438
832 2 2 6 1 2436 2438 861
833 2 2 6 1 863 2439 2437
834 2 2 6 1 2439 2440 2437
835 2 2 6 1 2439 478 2440
836 2 2 6 1 2437 2440 864
837 2 2 6 1 861 2438 2433
838 2 2 6 1 2438 2441 2433
839 2 2 6 1 2438 864 2441
840 2 2 6 1 2433 2441 479
841 2 2 6 1 469 2325 2435
842 2 2 6 1 2325 2442 2435
843 2 2 6 1 2325 831 2442
844 2 2 6 1 2435 2442 863
845 2 2 6 1 831 2443 2442
846 2 2 6 1 2443 2444 2442
847 2 2 6 1 2443 865 2444
848 2 2 6 1 2442 2444 863
849 2 2 6 1 831 2320 2443
850 2 2 6 1 2320 2445 2443
851 2 2 6 1 2320 427 2445
852 2 2 6 1 2443 2445 865
853 2 2 6 1 863 2444 2439
854 2 2 6 1 2444 2446 2439
855 2 2 6 1 2444 865 2446
856 2 2 6 1 2439 2446 478
857 2 2 6 1 479 2441 2448
858 2 2 6 1 2441 2447 2448
859 2 2 6 1 2441 864 2447
860 2 2 6 1 2448 2447 867
861 2 2 6 1 864 2449 2447
862 2 2 6 1 2449 2450 2447
863 2 2 6 1 2449 866 2450
864 2 2 6 1 2447 2450 867
865 2 2 6 1 864 2440 2449
866 2 2 6 1 2440 2451 2449
867 2 2 6 1 2440 478 2451
868 2 2 6 1 2449 2451 866
869 2 2 6 1 867 2450 2453
870 2 2 6 1 2450 2452 2453
871 2 2 6 1 2450 866 2452
872 2 2 6 1 2453 2452 451
873 2 2 6 1 361 2454 2456
874 2 2 6 1 2454 2455 2456
875 2 2 6 1 2454 868 2455
876 2 2 6 1 2456 2455 870
877 2 2 6 1 868 2457 2455
878 2 2 6 1 2457 2458 2455
879 2 2 6 1 2457 869 2458
880 2 2 6 1 2455 2458 870
881 2 2 6 1 868 2459 2457
882 2 2 6 1 2459 2460 2457
883 2 2 6 1 2459 480 2460
884 2 2 6 1 2457 2460 869
885 2 2 6 1 870 2458 2462
886 2 2 6 1 2458 2461 2462
887 2 2 6 1 2458 869 2461
888 2 2 6 1 2462 2461 482
889 2 2 6 1 480 2463 2460
890 2 2 6 1 2463 2464 2460
891 2 2 6 1 2463 871 2464
892 2 2 6 1 2460 2464 869
893 2 2 6 1 871 2465 2464
894 2 2 6 1 2465 2466 2464
895 2 2 6 1 2465 872 2466
896 2 2 6 1 2464 2466 869
897 2 2 6 1 871 2467 2465
898 2 2 6 1 2467 2468 2465
899 2 2 6 1 2467 481 2468
900 2 2 6 1 2465 2468 872
901 2 2 6 1 869 2466 2461
902 2 2 6 1 2466 2469 2461
903 2 2 6 1 2466 872 2469
904 2 2 6 1 2461 2469 482
905 2 2 6 1 480 2470 2463
906 2 2 6 1 2470 2471 2463
907 2 2 6 1 2470 873 2471
908 2 2 6 1 2463 2471 871
909 2 2 6 1 873 2472 2471
910 2 2 6 1 2472 2473 2471
911 2 2 6 1 2472 874 2473
912 2 2 6 1 2471 2473 871
913 2 2 6 1 873 2474 2472
914 2 2 6 1 2474 2475 2472
915 2 2 6 1 2474 446 2475
916 2 2 6 1 2472 2475 874
917 2 2 6 1 871 2473 2467
918 2 2 6 1 2473 2476 2467
919 2 2 6 1 2473 874 2476
920 2 2 6 1 2467 2476 481
921 2 2 6 1 482 2469 2478
922 2 2 6 1 2469 2477 2478
923 2 2 6 1 2469 872 2477
924 2 2 6 1 2478 2477 876
925 2 2 6 1 872 2479 2477
926 2 2 6 1 2479 2480 2477
927 2 2 6 1 2479 875 2480
928 2 2 6 1 2477 2480 876
929 2 2 6 1 872 2468 2479
930 2 2 6 1 2468 2481 2479
931 2 2 6 1 2468 481 2481
932 2 2 6 1 2479 2481 875
933 2 2 6 1 876 2480 2483
934 2 2 6 1 2480 2482 2483
935 2 2 6 1 2480 875 2482
936 2 2 6 1 2483 2482 447
937 2 2 6 1 360 2484 2486
938 2 2 6 1 2484 2485 2486
939 2 2 6 1 2484 877 2485
940 2 2 6 1 2486 2485 879
941 2 2 6 1 877 2487 2485
942 2 2 6 1 2487 2488 2485
943 2 2 6 1 2487 878 2488
944 2 2 6 1 2485 2488 879
945 2 2 6 1 877 2489 2487
946 2 2 6 1 2489 2490 2487
947 2 2 6 1 2489 483 2490
948 2 2 6 1 2487 2490 878
949 2 2 6 1 879 2488 2492
950 2 2 6 1 2488 2491 2492
951 2 2 6 1 2488 878 2491
952 2 2 6 1 2492 2491 485
953 2 2 6 1 483 2493 2490
954 2 2 6 1 2493 2494 2490
955 2 2 6 1 2493 880 2494
956 2 2 6 1 2490 2494 878
957 2 2 6 1 880 2495 2494
958 2 2 6 1 2495 2496 2494
959 2 2 6 1 2495 881 2496
960 2 2 6 1 2494 2496 878
961 2 2 6 1 880 2497 2495
962 2 2 6 1 2497 2498 2495
963 2 2 6 1 2497 484 2498
964 2 2 6 1 2495 2498 881
965 2 2 6 1 878 2496 2491
966 2 2 6 1 2496 2499 2491
967 2 2 6 1 2496 881 2499
968 2 2 6 1 2491 2499 485
969 2 2 6 1 483 2500 2493
970 2 2 6 1 2500 2501 2493
971 2 2 6 1 2500 882 2501
972 2 2 6 1 2493 2501 880
973 2 2 6 1 882 2502 2501
974 2 2 6 1 2502 2503 2501
975 2 2 6 1 2502 883 2503
976 2 2 6 1 2501 2503 880
977 2 2 6 1 882 2504 2502
978 2 2 6 1 2504 2505 2502
979 2 2 6 1 2504 442 2505
980 2 2 6 1 2502 2505 883
981 2 2 6 1 880 2503 2497
982 2 2 6 1 2503 2506 2497
983 2 2 6 1 2503 883 2506
984 2 2 6 1 2497 2506 484
985 2 2 6 1 485 2499 2508
986 2 2 6 1 2499 2507 2508
987 2 2 6 1 2499 881 2507
988 2 2 6 1 2508 2507 885
989 2 2 6 1 881 2509 2507
990 2 2 6 1 2509 2510 2507
991 2 2 6 1 2509 884 2510
992 2 2 6 1 2507 2510 885
993 2 2 6 1 881 2498 2509
994 2 2 6 1 2498 2511 2509
995 2 2 6 1 2498 484 2511
996 2 2 6 1 2509 2511 884
997 2 2 6 1 885 2510 2513
998 2 2 6 1 2510 2512 2513
999 2 2 6 1 2510 884 2512
1000 2 2 6 1 2513 2512 446
1001 2 2 6 1 361 326 2454
1002 2 2 6 1 326 2514 2454
1003 2 2 6 1 326 350 2514
1004 2 2 6 1 2454 2514 868
1005 2 2 6 1 350 2515 2514
1006 2 2 6 1 2515 2516 2514
1007 2 2 6 1 2515 886 2516
1008 2 2 6 1 2514 2516 868
1009 2 2 6 1 350 327 2515
1010 2 2 6 1 327 2517 2515
1011 2 2 6 1 327 356 2517
1012 2 2 6 1 2515 2517 886
1013 2 2 6 1 868 2516 2459
1014 2 2 6 1 2516 2518 2459
1015 2 2 6 1 2516 886 2518
1016 2 2 6 1 2459 2518 480
1017 2 2 6 1 356 2519 2517
1018 2 2 6 1 2519 2520 2517
1019 2 2 6 1 2519 887 2520
1020 2 2 6 1 2517 2520 886
1021 2 2 6 1 887 2521 2520
1022 2 2 6 1 2521 2522 2520
1023 2 2 6 1 2521 888 2522
1024 2 2 6 1 2520 2522 886
1025 2 2 6 1 887 2523 2521
1026 2 2 6 1 2523 2524 2521
1027 2 2 6 1 2523 485 2524
1028 2 2 6 1 2521 2524 888
1029 2 2 6 1 886 2522 2518
1030 2 2 6 1 2522 2525 2518
1031 2 2 6 1 2522 888 2525
1032 2 2 6 1 2518 2525 480
1033 2 2 6 1 356 328 2519
1034 2 2 6 1 328 2526 2519
1035 2 2 6 1 328 349 2526
1036 2 2 6 1 2519 2526 887
1037 2 2 6 1 349 2527 2526
1038 2 2 6 1 2527 2528 2526
1039 2 2 6 1 2527 879 2528
1040 2 2 6 1 2526 2528 887
1041 2 2 6 1 349 329 2527
1042 2 2 6 1 329 2486 2527
1043 2 2 6 1 329 360 2486
1044 2 2 6 1 2527 2486 879
1045 2 2 6 1 887 2528 2523
1046 2 2 6 1 2528 2492 2523
1047 2 2 6 1 2528 879 2492
1048 2 2 6 1 2523 2492 485
1049 2 2 6 1 480 2525 2470
1050 2 2 6 1 2525 2529 2470
1051 2 2 6 1 2525 888 2529
1052 2 2 6 1 2470 2529 873
1053 2 2 6 1 888 2530 2529
1054 2 2 6 1 2530 2531 2529
1055 2 2 6 1 2530 885 2531
1056 2 2 6 1 2529 2531 873
1057 2 2 6 1 888 2524 2530
1058 2 2 6 1 2524 2508 2530
1059 2 2 6 1 2524 485 2508
1060 2 2 6 1 2530 2508 885
1061 2 2 6 1 873 2531 2474
1062 2 2 6 1 2531 2513 2474
1063 2 2 6 1 2531 885 2513
1064 2 2 6 1 2474 2513 446
1065 2 2 6 1 353 322 2533
1066 2 2 6 1 322 2532 2533
1067 2 2 6 1 322 342 2532
1068 2 2 6 1 2533 2532 890
1069 2 2 6 1 342 2534 2532
1070 2 2 6 1 2534 2535 2532
1071 2 2 6 1 2534 889 2535
1072 2 2 6 1 2532 2535 890
1073 2 2 6 1 342 323 2534
1074 2 2 6 1 323 2536 2534
1075 2 2 6 1 323 357 2536
1076 2 2 6 1 2534 2536 889
1077 2 2 6 1 890 2535 2538
1078 2 2 6 1 2535 2537 2538
1079 2 2 6 1 2535 889 2537
1080 2 2 6 1 2538 2537 486
1081 2 2 6 1 357 2539 2536
1082 2 2 6 1 2539 2540 2536
1083 2 2 6 1 2539 891 2540
1084 2 2 6 1 2536 2540 889
1085 2 2 6 1 891 2541 2540
1086 2 2 6 1 2541 2542 2540
1087 2 2 6 1 2541 892 2542
1088 2 2 6 1 2540 2542 889
1089 2 2 6 1 891 2543 2541
1090 2 2 6 1 2543 2544 2541
1091 2 2 6 1 2543 482 2544
1092 2 2 6 1 2541 2544 892
1093 2 2 6 1 889 2542 2537
1094 2 2 6 1 2542 2545 2537
1095 2 2 6 1 2542 892 2545
1096 2 2 6 1 2537 2545 486
1097 2 2 6 1 357 324 2539
1098 2 2 6 1 324 2546 2539
1099 2 2 6 1 324 351 2546
1100 2 2 6 1 2539 2546 891
1101 2 2 6 1 351 2547 2546
1102 2 2 6 1 2547 2548 2546
1103 2 2 6 1 2547 870 2548
1104 2 2 6 1 2546 2548 891
1105 2 2 6 1 351 325 2547
1106 2 2 6 1 325 2456 2547
1107 2 2 6 1 325 361 2456
1108 2 2 6 1 2547 2456 870
1109 2 2 6 1 891 2548 2543
1110 2 2 6 1 2548 2462 2543
1111 2 2 6 1 2548 870 2462
1112 2 2 6 1 2543 2462 482
1113 2 2 6 1 486 2545 2550
1114 2 2 6 1 2545 2549 2550
1115 2 2 6 1 2545 892 2549
1116 2 2 6 1 2550 2549 893
1117 2 2 6 1 892 2551 2549
1118 2 2 6 1 2551 2552 2549
1119 2 2 6 1 2551 876 2552
1120 2 2 6 1 2549 2552 893
1121 2 2 6 1 892 2544 2551
1122 2 2 6 1 2544 2478 2551
1123 2 2 6 1 2544 482 2478
1124 2 2 6 1 2551 2478 876
1125 2 2 6 1 893 2552 2553
1126 2 2 6 1 2552 2483 2553
1127 2 2 6 1 2552 876 2483
1128 2 2 6 1 2553 2483 447
1129 2 2 6 1 358 338 2555
1130 2 2 6 1 338 2554 2555
1131 2 2 6 1 338 344 2554
1132 2 2 6 1 2555 2554 895
1133 2 2 6 1 344 2556 2554
1134 2 2 6 1 2556 2557 2554
1135 2 2 6 1 2556 894 2557
1136 2 2 6 1 2554 2557 895
1137 2 2 6 1 344 339 2556
1138 2 2 6 1 339 2558 2556
1139 2 2 6 1 339 352 2558
1140 2 2 6 1 2556 2558 894
1141 2 2 6 1 895 2557 2560
1142 2 2 6 1 2557 2559 2560
1143 2 2 6 1 2557 894 2559
1144 2 2 6 1 2560 2559 488
1145 2 2 6 1 352 2561 2558
1146 2 2 6 1 2561 2562 2558
1147 2 2 6 1 2561 896 2562
1148 2 2 6 1 2558 2562 894
1149 2 2 6 1 896 2563 2562
1150 2 2 6 1 2563 2564 2562
1151 2 2 6 1 2563 897 2564
1152 2 2 6 1 2562 2564 894
1153 2 2 6 1 896 2565 2563
1154 2 2 6 1 2565 2566 2563
1155 2 2 6 1 2565 487 2566
1156 2 2 6 1 2563 2566 897
1157 2 2 6 1 894 2564 2559
1158 2 2 6 1 2564 2567 2559
1159 2 2 6 1 2564 897 2567
1160 2 2 6 1 2559 2567 488
1161 2 2 6 1 352 340 2561
1162 2 2 6 1 340 2568 2561
1163 2 2 6 1 340 343 2568
1164 2 2 6 1 2561 2568 896
1165 2 2 6 1 343 2569 2568
1166 2 2 6 1 2569 2570 2568
1167 2 2 6 1 2569 898 2570
1168 2 2 6 1 2568 2570 896
1169 2 2 6 1 343 341 2569
1170 2 2 6 1 341 2571 2569
1171 2 2 6 1 341 332 2571
1172 2 2 6 1 2569 2571 898
1173 2 2 6 1 896 2570 2565
1174 2 2 6 1 2570 2572 2565
1175 2 2 6 1 2570 898 2572
1176 2 2 6 1 2565 2572 487
1177 2 2 6 1 488 2567 2574
1178 2 2 6 1 2567 2573 2574
1179 2 2 6 1 2567 897 2573
1180 2 2 6 1 2574 2573 900
1181 2 2 6 1 897 2575 2573
1182 2 2 6 1 2575 2576 2573
1183 2 2 6 1 2575 899 2576
1184 2 2 6 1 2573 2576 900
1185 2 2 6 1 897 2566 2575
1186 2 2 6 1 2566 2577 2575
1187 2 2 6 1 2566 487 2577
1188 2 2 6 1 2575 2577 899
1189 2 2 6 1 900 2576 2579
1190 2 2 6 1 2576 2578 2579
1191 2 2 6 1 2576 899 2578
1192 2 2 6 1 2579 2578 437
1193 2 2 6 1 332 2580 2571
1194 2 2 6 1 2580 2581 2571
1195 2 2 6 1 2580 901 2581
1196 2 2 6 1 2571 2581 898
1197 2 2 6 1 901 2582 2581
1198 2 2 6 1 2582 2583 2581
1199 2 2 6 1 2582 902 2583
1200 2 2 6 1 2581 2583 898
1201 2 2 6 1 901 2584 2582
1202 2 2 6 1 2584 2585 2582
1203 2 2 6 1 2584 489 2585
1204 2 2 6 1 2582 2585 902
1205 2 2 6 1 898 2583 2572
1206 2 2 6 1 2583 2586 2572
1207 2 2 6 1 2583 902 2586
1208 2 2 6 1 2572 2586 487
1209 2 2 6 1 489 2587 2585
1210 2 2 6 1 2587 2588 2585
1211 2 2 6 1 2587 903 2588
1212 2 2 6 1 2585 2588 902
1213 2 2 6 1 903 2589 2588
1214 2 2 6 1 2589 2590 2588
1215 2 2 6 1 2589 904 2590
1216 2 2 6 1 2588 2590 902
1217 2 2 6 1 903 2591 2589
1218 2 2 6 1 2591 2592 2589
1219 2 2 6 1 2591 490 2592
1220 2 2 6 1 2589 2592 904
1221 2 2 6 1 902 2590 2586
1222 2 2 6 1 2590 2593 2586
1223 2 2 6 1 2590 904 2593
1224 2 2 6 1 2586 2593 487
1225 2 2 6 1 489 2594 2587
1226 2 2 6 1 2594 2595 2587
1227 2 2 6 1 2594 905 2595
1228 2 2 6 1 2587 2595 903
1229 2 2 6 1 905 2596 2595
1230 2 2 6 1 2596 2597 2595
1231 2 2 6 1 2596 906 2597
1232 2 2 6 1 2595 2597 903
1233 2 2 6 1 905 2598 2596
1234 2 2 6 1 2598 2599 2596
1235 2 2 6 1 2598 436 2599
1236 2 2 6 1 2596 2599 906
1237 2 2 6 1 903 2597 2591
1238 2 2 6 1 2597 2600 2591
1239 2 2 6 1 2597 906 2600
1240 2 2 6 1 2591 2600 490
1241 2 2 6 1 487 2593 2577
1242 2 2 6 1 2593 2601 2577
1243 2 2 6 1 2593 904 2601
1244 2 2 6 1 2577 2601 899
1245 2 2 6 1 904 2602 2601
1246 2 2 6 1 2602 2603 2601
1247 2 2 6 1 2602 907 2603
1248 2 2 6 1 2601 2603 899
1249 2 2 6 1 904 2592 2602
1250 2 2 6 1 2592 2604 2602
1251 2 2 6 1 2592 490 2604
1252 2 2 6 1 2602 2604 907
1253 2 2 6 1 899 2603 2578
1254 2 2 6 1 2603 2605 2578
1255 2 2 6 1 2603 907 2605
1256 2 2 6 1 2578 2605 437
1257 2 2 6 1 359 2606 2608
1258 2 2 6 1 2606 2607 2608
1259 2 2 6 1 2606 908 2607
1260 2 2 6 1 2608 2607 910
1261 2 2 6 1 908 2609 2607
1262 2 2 6 1 2609 2610 2607
1263 2 2 6 1 2609 909 2610
1264 2 2 6 1 2607 2610 910
1265 2 2 6 1 908 2611 2609
1266 2 2 6 1 2611 2612 2609
1267 2 2 6 1 2611 491 2612
1268 2 2 6 1 2609 2612 909
1269 2 2 6 1 910 2610 2614
1270 2 2 6 1 2610 2613 2614
1271 2 2 6 1 2610 909 2613
1272 2 2 6 1 2614 2613 493
1273 2 2 6 1 491 2615 2612
1274 2 2 6 1 2615 2616 2612
1275 2 2 6 1 2615 911 2616
1276 2 2 6 1 2612 2616 909
1277 2 2 6 1 911 2617 2616
1278 2 2 6 1 2617 2618 2616
1279 2 2 6 1 2617 912 2618
1280 2 2 6 1 2616 2618 909
1281 2 2 6 1 911 2619 2617
1282 2 2 6 1 2619 2620 2617
1283 2 2 6 1 2619 492 2620
1284 2 2 6 1 2617 2620 912
1285 2 2 6 1 909 2618 2613
1286 2 2 6 1 2618 2621 2613
1287 2 2 6 1 2618 912 2621
1288 2 2 6 1 2613 2621 493
1289 2 2 6 1 491 2622 2615
1290 2 2 6 1 2622 2623 2615
1291 2 2 6 1 2622 913 2623
1292 2 2 6 1 2615 2623 911
1293 2 2 6 1 913 2624 2623
1294 2 2 6 1 2624 2625 2623
1295 2 2 6 1 2624 914 2625
1296 2 2 6 1 2623 2625 911
1297 2 2 6 1 913 2626 2624
1298 2 2 6 1 2626 2627 2624
1299 2 2 6 1 2626 438 2627
1300 2 2 6 1 2624 2627 914
1301 2 2 6 1 911 2625 2619
1302 2 2 6 1 2625 2628 2619
1303 2 2 6 1 2625 914 2628
1304 2 2 6 1 2619 2628 492
1305 2 2 6 1 493 2621 2630
1306 2 2 6 1 2621 2629 2630
1307 2 2 6 1 2621 912 2629
1308 2 2 6 1 2630 2629 916
1309 2 2 6 1 912 2631 2629
1310 2 2 6 1 2631 2632 2629
1311 2 2 6 1 2631 915 2632
1312 2 2 6 1 2629 2632 916
1313 2 2 6 1 912 2620 2631
1314 2 2 6 1 2620 2633 2631
1315 2 2 6 1 2620 492 2633
1316 2 2 6 1 2631 2633 915
1317 2 2 6 1 916 2632 2635
1318 2 2 6 1 2632 2634 2635
1319 2 2 6 1 2632 915 2634
1320 2 2 6 1 2635 2634 442
1321 2 2 6 1 360 330 2484
1322 2 2 6 1 330 2636 2484
1323 2 2 6 1 330 348 2636
1324 2 2 6 1 2484 2636 877
1325 2 2 6 1 348 2637 2636
1326 2 2 6 1 2637 2638 2636
1327 2 2 6 1 2637 917 2638
1328 2 2 6 1 2636 2638 877
1329 2 2 6 1 348 331 2637
1330 2 2 6 1 331 2639 2637
1331 2 2 6 1 331 355 2639
1332 2 2 6 1 2637 2639 917
1333 2 2 6 1 877 2638 2489
1334 2 2 6 1 2638 2640 2489
1335 2 2 6 1 2638 917 2640
1336 2 2 6 1 2489 2640 483
1337 2 2 6 1 355 2641 2639
1338 2 2 6 1 2641 2642 2639
1339 2 2 6 1 2641 918 2642
1340 2 2 6 1 2639 2642 917
1341 2 2 6 1 918 2643 2642
1342 2 2 6 1 2643 2644 2642
1343 2 2 6 1 2643 919 2644
1344 2 2 6 1 2642 2644 917
1345 2 2 6 1 918 2645 2643
1346 2 2 6 1 2645 2646 2643
1347 2 2 6 1 2645 493 2646
1348 2 2 6 1 2643 2646 919
1349 2 2 6 1 917 2644 2640
1350 2 2 6 1 2644 2647 2640
1351 2 2 6 1 2644 919 2647
1352 2 2 6 1 2640 2647 483
1353 2 2 6 1 355 321 2641
1354 2 2 6 1 321 2648 2641
1355 2 2 6 1 321 347 2648
1356 2 2 6 1 2641 2648 918
1357 2 2 6 1 347 2649 2648
1358 2 2 6 1 2649 2650 2648
1359 2 2 6 1 2649 910 2650
1360 2 2 6 1 2648 2650 918
1361 2 2 6 1 347 333 2649
1362 2 2 6 1 333 2608 2649
1363 2 2 6 1 333 359 2608
1364 2 2 6 1 2649 2608 910
1365 2 2 6 1 918 2650 2645
1366 2 2 6 1 2650 2614 2645
1367 2 2 6 1 2650 910 2614
1368 2 2 6 1 2645 2614 493
1369 2 2 6 1 483 2647 2500
1370 2 2 6 1 2647 2651 2500
1371 2 2 6 1 2647 919 2651
1372 2 2 6 1 2500 2651 882
1373 2 2 6 1 919 2652 2651
1374 2 2 6 1 2652 2653 2651
1375 2 2 6 1 2652 916 2653
1376 2 2 6 1 2651 2653 882
1377 2 2 6 1 919 2646 2652
1378 2 2 6 1 2646 2630 2652
1379 2 2 6 1 2646 493 2630
1380 2 2 6 1 2652 2630 916
1381 2 2 6 1 882 2653 2504
1382 2 2 6 1 2653 2635 2504
1383 2 2 6 1 2653 916 2635
1384 2 2 6 1 2504 2635 442
1385 2 2 6 1 361 325 2655
1386 2 2 6 1 325 2654 2655
1387 2 2 6 1 325 351 2654
1388 2 2 6 1 2655 2654 921
1389 2 2 6 1 351 2656 2654
1390 2 2 6 1 2656 2657 2654
1391 2 2 6 1 2656 920 2657
1392 2 2 6 1 2654 2657 921
1393 2 2 6 1 351 324 2656
1394 2 2 6 1 324 2658 2656
1395 2 2 6 1 324 357 2658
1396 2 2 6 1 2656 2658 920
1397 2 2 6 1 921 2657 2660
1398 2 2 6 1 2657 2659 2660
1399 2 2 6 1 2657 920 2659
1400 2 2 6 1 2660 2659 495
1401 2 2 6 1 357 2661 2658
1402 2 2 6 1 2661 2662 2658
1403 2 2 6 1 2661 922 2662
1404 2 2 6 1 2658 2662 920
1405 2 2 6 1 922 2663 2662
1406 2 2 6 1 2663 2664 2662
1407 2 2 6 1 2663 923 2664
1408 2 2 6 1 2662 2664 920
1409 2 2 6 1 922 2665 2663
1410 2 2 6 1 2665 2666 2663
1411 2 2 6 1 2665 494 2666
1412 2 2 6 1 2663 2666 923
1413 2 2 6 1 920 2664 2659
1414 2 2 6 1 2664 2667 2659
1415 2 2 6 1 2664 923 2667
1416 2 2 6 1 2659 2667 495
1417 2 2 6 1 357 323 2661
1418 2 2 6 1 323 2668 2661
1419 2 2 6 1 323 342 2668
1420 2 2 6 1 2661 2668 922
1421 2 2 6 1 342 2669 2668
1422 2 2 6 1 2669 2670 2668
1423 2 2 6 1 2669 924 2670
1424 2 2 6 1 2668 2670 922
1425 2 2 6 1 342 322 2669
1426 2 2 6 1 322 2671 2669
1427 2 2 6 1 322 353 2671
1428 2 2 6 1 2669 2671 924
1429 2 2 6 1 922 2670 2665
1430 2 2 6 1 2670 2672 2665
1431 2 2 6 1 2670 924 2672
1432 2 2 6 1 2665 2672 494
1433 2 2 6 1 495 2667 2674
1434 2 2 6 1 2667 2673 2674
1435 2 2 6 1 2667 923 2673
1436 2 2 6 1 2674 2673 926
1437 2 2 6 1 923 2675 2673
1438 2 2 6 1 2675 2676 2673
1439 2 2 6 1 2675 925 2676
1440 2 2 6 1 2673 2676 926
1441 2 2 6 1 923 2666 2675
1442 2 2 6 1 2666 2677 2675
1443 2 2 6 1 2666 494 2677
1444 2 2 6 1 2675 2677 925
1445 2 2 6 1 926 2676 2679
1446 2 2 6 1 2676 2678 2679
1447 2 2 6 1 2676 925 2678
1448 2 2 6 1 2679 2678 440
1449 2 2 6 1 360 329 2681
1450 2 2 6 1 329 2680 2681
1451 2 2 6 1 329 349 2680
1452 2 2 6 1 2681 2680 928
1453 2 2 6 1 349 2682 2680
1454 2 2 6 1 2682 2683 2680
1455 2 2 6 1 2682 927 2683
1456 2 2 6 1 2680 2683 928
1457 2 2 6 1 349 328 2682
1458 2 2 6 1 328 2684 2682
1459 2 2 6 1 328 356 2684
1460 2 2 6 1 2682 2684 927
1461 2 2 6 1 928 2683 2686
1462 2 2 6 1 2683 2685 2686
1463 2 2 6 1 2683 927 2685
1464 2 2 6 1 2686 2685 497
1465 2 2 6 1 356 2687 2684
1466 2 2 6 1 2687 2688 2684
1467 2 2 6 1 2687 929 2688
1468 2 2 6 1 2684 2688 927
1469 2 2 6 1 929 2689 2688
1470 2 2 6 1 2689 2690 2688
1471 2 2 6 1 2689 930 2690
1472 2 2 6 1 2688 2690 927
1473 2 2 6 1 929 2691 2689
1474 2 2 6 1 2691 2692 2689
1475 2 2 6 1 2691 496 2692
1476 2 2 6 1 2689 2692 930
1477 2 2 6 1 927 2690 2685
1478 2 2 6 1 2690 2693 2685
1479 2 2 6 1 2690 930 2693
1480 2 2 6 1 2685 2693 497
1481 2 2 6 1 356 327 2687
1482 2 2 6 1 327 2694 2687
1483 2 2 6 1 327 350 2694
1484 2 2 6 1 2687 2694 929
1485 2 2 6 1 350 2695 2694
1486 2 2 6 1 2695 2696 2694
1487 2 2 6 1 2695 931 2696
1488 2 2 6 1 2694 2696 929
1489 2 2 6 1 350 326 2695
1490 2 2 6 1 326 2697 2695
1491 2 2 6 1 326 361 2697
1492 2 2 6 1 2695 2697 931
1493 2 2 6 1 929 2696 2691
1494 2 2 6 1 2696 2698 2691
1495 2 2 6 1 2696 931 2698
1496 2 2 6 1 2691 2698 496
1497 2 2 6 1 497 2693 2700
1498 2 2 6 1 2693 2699 2700
1499 2 2 6 1 2693 930 2699
1500 2 2 6 1 2700 2699 933
1501 2 2 6 1 930 2701 2699
1502 2 2 6 1 2701 2702 2699
1503 2 2 6 1 2701 932 2702
1504 2 2 6 1 2699 2702 933
1505 2 2 6 1 930 2692 2701
1506 2 2 6 1 2692 2703 2701
1507 2 2 6 1 2692 496 2703
1508 2 2 6 1 2701 2703 932
1509 2 2 6 1 933 2702 2705
1510 2 2 6 1 2702 2704 2705
1511 2 2 6 1 2702 932 2704
1512 2 2 6 1 2705 2704 439
1513 2 2 6 1 440 2678 2707
1514 2 2 6 1 2678 2706 2707
1515 2 2 6 1 2678 925 2706
1516 2 2 6 1 2707 2706 935
1517 2 2 6 1 925 2708 2706
1518 2 2 6 1 2708 2709 2706
1519 2 2 6 1 2708 934 2709
1520 2 2 6 1 2706 2709 935
1521 2 2 6 1 925 2677 2708
1522 2 2 6 1 2677 2710 2708
1523 2 2 6 1 2677 494 2710
1524 2 2 6 1 2708 2710 934
1525 2 2 6 1 935 2709 2712
1526 2 2 6 1 2709 2711 2712
1527 2 2 6 1 2709 934 2711
1528 2 2 6 1 2712 2711 499
1529 2 2 6 1 494 2713 2710
1530 2 2 6 1 2713 2714 2710
1531 2 2 6 1 2713 936 2714
1532 2 2 6 1 2710 2714 934
1533 2 2 6 1 936 2715 2714
1534 2 2 6 1 2715 2716 2714
1535 2 2 6 1 2715 937 2716
1536 2 2 6 1 2714 2716 934
1537 2 2 6 1 936 2717 2715
1538 2 2 6 1 2717 2718 2715
1539 2 2 6 1 2717 498 2718
1540 2 2 6 1 2715 2718 937
1541 2 2 6 1 934 2716 2711
1542 2 2 6 1 2716 2719 2711
1543 2 2 6 1 2716 937 2719
1544 2 2 6 1 2711 2719 499
1545 2 2 6 1 494 2672 2713
1546 2 2 6 1 2672 2720 2713
1547 2 2 6 1 2672 924 2720
1548 2 2 6 1 2713 2720 936
1549 2 2 6 1 924 2721 2720
1550 2 2 6 1 2721 2722 2720
1551 2 2 6 1 2721 938 2722
1552 2 2 6 1 2720 2722 936
1553 2 2 6 1 924 2671 2721
1554 2 2 6 1 2671 2723 2721
1555 2 2 6 1 2671 353 2723
1556 2 2 6 1 2721 2723 938
1557 2 2 6 1 936 2722 2717
1558 2 2 6 1 2722 2724 2717
1559 2 2 6 1 2722 938 2724
1560 2 2 6 1 2717 2724 498
1561 2 2 6 1 499 2719 2726
1562 2 2 6 1 2719 2725 2726
1563 2 2 6 1 2719 937 2725
1564 2 2 6 1 2726 2725 940
1565 2 2 6 1 937 2727 2725
1566 2 2 6 1 2727 2728 2725
1567 2 2 6 1 2727 939 2728
1568 2 2 6 1 2725 2728 940
1569 2 2 6 1 937 2718 2727
1570 2 2 6 1 2718 2729 2727
1571 2 2 6 1 2718 498 2729
1572 2 2 6 1 2727 2729 939
1573 2 2 6 1 940 2728 2731
1574 2 2 6 1 2728 2730 2731
1575 2 2 6 1 2728 939 2730
1576 2 2 6 1 2731 2730 444
1577 2 2 6 1 359 333 2733
1578 2 2 6 1 333 2732 2733
1579 2 2 6 1 333 347 2732
1580 2 2 6 1 2733 2732 942
1581 2 2 6 1 347 2734 2732
1582 2 2 6 1 2734 2735 2732
1583 2 2 6 1 2734 941 2735
1584 2 2 6 1 2732 2735 942
1585 2 2 6 1 347 321 2734
1586 2 2 6 1 321 2736 2734
1587 2 2 6 1 321 355 2736
1588 2 2 6 1 2734 2736 941
1589 2 2 6 1 942 2735 2738
1590 2 2 6 1 2735 2737 2738
1591 2 2 6 1 2735 941 2737
1592 2 2 6 1 2738 2737 501
1593 2 2 6 1 355 2739 2736
1594 2 2 6 1 2739 2740 2736
1595 2 2 6 1 2739 943 2740
1596 2 2 6 1 2736 2740 941
1597 2 2 6 1 943 2741 2740
1598 2 2 6 1 2741 2742 2740
1599 2 2 6 1 2741 944 2742
1600 2 2 6 1 2740 2742 941
1601 2 2 6 1 943 2743 2741
1602 2 2 6 1 2743 2744 2741
1603 2 2 6 1 2743 500 2744
1604 2 2 6 1 2741 2744 944
1605 2 2 6 1 941 2742 2737
1606 2 2 6 1 2742 2745 2737
1607 2 2 6 1 2742 944 2745
1608 2 2 6 1 2737 2745 501
1609 2 2 6 1 355 331 2739
1610 2 2 6 1 331 2746 2739
1611 2 2 6 1 331 348 2746
1612 2 2 6 1 2739 2746 943
1613 2 2 6 1 348 2747 2746
1614 2 2 6 1 2747 2748 2746
1615 2 2 6 1 2747 945 2748
1616 2 2 6 1 2746 2748 943
1617 2 2 6 1 348 330 2747
1618 2 2 6 1 330 2749 2747
1619 2 2 6 1 330 360 2749
1620 2 2 6 1 2747 2749 945
1621 2 2 6 1 943 2748 2743
1622 2 2 6 1 2748 2750 2743
1623 2 2 6 1 2748 945 2750
1624 2 2 6 1 2743 2750 500
1625 2 2 6 1 501 2745 2752
1626 2 2 6 1 2745 2751 2752
1627 2 2 6 1 2745 944 2751
1628 2 2 6 1 2752 2751 947
1629 2 2 6 1 944 2753 2751
1630 2 2 6 1 2753 2754 2751
1631 2 2 6 1 2753 946 2754
1632 2 2 6 1 2751 2754 947
1633 2 2 6 1 944 2744 2753
1634 2 2 6 1 2744 2755 2753
1635 2 2 6 1 2744 500 2755
1636 2 2 6 1 2753 2755 946
1637 2 2 6 1 947 2754 2757
1638 2 2 6 1 2754 2756 2757
1639 2 2 6 1 2754 946 2756
1640 2 2 6 1 2757 2756 441
1641 2 2 6 1 360 2681 2749
1642 2 2 6 1 2681 2758 2749
1643 2 2 6 1 2681 928 2758
1644 2 2 6 1 2749 2758 945
1645 2 2 6 1 928 2759 2758
1646 2 2 6 1 2759 2760 2758
1647 2 2 6 1 2759 948 2760
1648 2 2 6 1 2758 2760 945
1649 2 2 6 1 928 2686 2759
1650 2 2 6 1 2686 2761 2759
1651 2 2 6 1 2686 497 2761
1652 2 2 6 1 2759 2761 948
1653 2 2 6 1 945 2760 2750
1654 2 2 6 1 2760 2762 2750
1655 2 2 6 1 2760 948 2762
1656 2 2 6 1 2750 2762 500
1657 2 2 6 1 497 2763 2761
1658 2 2 6 1 2763 2764 2761
1659 2 2 6 1 2763 949 2764
1660 2 2 6 1 2761 2764 948
1661 2 2 6 1 949 2765 2764
1662 2 2 6 1 2765 2766 2764
1663 2 2 6 1 2765 950 2766
1664 2 2 6 1 2764 2766 948
1665 2 2 6 1 949 2767 2765
1666 2 2 6 1 2767 2768 2765
1667 2 2 6 1 2767 502 2768
1668 2 2 6 1 2765 2768 950
1669 2 2 6 1 948 2766 2762
1670 2 2 6 1 2766 2769 2762
1671 2 2 6 1 2766 950 2769
1672 2 2 6 1 2762 2769 500
1673 2 2 6 1 497 2700 2763
1674 2 2 6 1 2700 2770 2763
1675 2 2 6 1 2700 933 2770
1676 2 2 6 1 2763 2770 949
1677 2 2 6 1 933 2771 2770
1678 2 2 6 1 2771 2772 2770
1679 2 2 6 1 2771 951 2772
1680 2 2 6 1 2770 2772 949
1681 2 2 6 1 933 2705 2771
1682 2 2 6 1 2705 2773 2771
1683 2 2 6 1 2705 439 2773
1684 2 2 6 1 2771 2773 951
1685 2 2 6 1 949 2772 2767
1686 2 2 6 1 2772 2774 2767
1687 2 2 6 1 2772 951 2774
1688 2 2 6 1 2767 2774 502
1689 2 2 6 1 500 2769 2755
1690 2 2 6 1 2769 2775 2755
1691 2 2 6 1 2769 950 2775
1692 2 2 6 1 2755 2775 946
1693 2 2 6 1 950 2776 2775
1694 2 2 6 1 2776 2777 2775
1695 2 2 6 1 2776 952 2777
1696 2 2 6 1 2775 2777 946
1697 2 2 6 1 950 2768 2776
1698 2 2 6 1 2768 2778 2776
1699 2 2 6 1 2768 502 2778
1700 2 2 6 1 2776 2778 952
1701 2 2 6 1 946 2777 2756
1702 2 2 6 1 2777 2779 2756
1703 2 2 6 1 2777 952 2779
1704 2 2 6 1 2756 2779 441
1705 2 2 6 1 439 2704 2781
1706 2 2 6 1 2704 2780 2781
1707 2 2 6 1 2704 932 2780
1708 2 2 6 1 2781 2780 954
1709 2 2 6 1 932 2782 2780
1710 2 2 6 1 2782 2783 2780
1711 2 2 6 1 2782 953 2783
1712 2 2 6 1 2780 2783 954
1713 2 2 6 1 932 2703 2782
1714 2 2 6 1 2703 2784 2782
1715 2 2 6 1 2703 496 2784
1716 2 2 6 1 2782 2784 953
1717 2 2 6 1 954 2783 2786
1718 2 2 6 1 2783 2785 2786
1719 2 2 6 1 2783 953 2785
1720 2 2 6 1 2786 2785 503
1721 2 2 6 1 496 2787 2784
1722 2 2 6 1 2787 2788 2784
1723 2 2 6 1 2787 955 2788
1724 2 2 6 1 2784 2788 953
1725 2 2 6 1 955 2789 2788
1726 2 2 6 1 2789 2790 2788
1727 2 2 6 1 2789 956 2790
1728 2 2 6 1 2788 2790 953
1729 2 2 6 1 955 2791 2789
1730 2 2 6 1 2791 2792 2789
1731 2 2 6 1 2791 495 2792
1732 2 2 6 1 2789 2792 956
1733 2 2 6 1 953 2790 2785
1734 2 2 6 1 2790 2793 2785
1735 2 2 6 1 2790 956 2793
1736 2 2 6 1 2785 2793 503
1737 2 2 6 1 496 2698 2787
1738 2 2 6 1 2698 2794 2787
1739 2 2 6 1 2698 931 2794
1740 2 2 6 1 2787 2794 955
1741 2 2 6 1 931 2795 2794
1742 2 2 6 1 2795 2796 2794
1743 2 2 6 1 2795 921 2796
1744 2 2 6 1 2794 2796 955
1745 2 2 6 1 931 2697 2795
1746 2 2 6 1 2697 2655 2795
1747 2 2 6 1 2697 361 2655
1748 2 2 6 1 2795 2655 921
1749 2 2 6 1 955 2796 2791
1750 2 2 6 1 2796 2660 2791
1751 2 2 6 1 2796 921 2660
1752 2 2 6 1 2791 2660 495
1753 2 2 6 1 503 2793 2798
1754 2 2 6 1 2793 2797 2798
1755 2 2 6 1 2793 956 2797
1756 2 2 6 1 2798 2797 957
1757 2 2 6 1 956 2799 2797
1758 2 2 6 1 2799 2800 2797
1759 2 2 6 1 2799 926 2800
1760 2 2 6 1 2797 2800 957
1761 2 2 6 1 956 2792 2799
1762 2 2 6 1 2792 2674 2799
1763 2 2 6 1 2792 495 2674
1764 2 2 6 1 2799 2674 926
1765 2 2 6 1 957 2800 2801
1766 2 2 6 1 2800 2679 2801
1767 2 2 6 1 2800 926 2679
1768 2 2 6 1 2801 2679 440
1769 2 2 6 1 358 2555 2803
1770 2 2 6 1 2555 2802 2803
1771 2 2 6 1 2555 895 2802
1772 2 2 6 1 2803 2802 959
1773 2 2 6 1 895 2804 2802
1774 2 2 6 1 2804 2805 2802
1775 2 2 6 1 2804 958 2805
1776 2 2 6 1 2802 2805 959
1777 2 2 6 1 895 2560 2804
1778 2 2 6 1 2560 2806 2804
1779 2 2 6 1 2560 488 2806
1780 2 2 6 1 2804 2806 958
1781 2 2 6 1 959 2805 2808
1782 2 2 6 1 2805 2807 2808
1783 2 2 6 1 2805 958 2807
1784 2 2 6 1 2808 2807 505
1785 2 2 6 1 488 2809 2806
1786 2 2 6 1 2809 2810 2806
1787 2 2 6 1 2809 960 2810
1788 2 2 6 1 2806 2810 958
1789 2 2 6 1 960 2811 2810
1790 2 2 6 1 2811 2812 2810
1791 2 2 6 1 2811 961 2812
1792 2 2 6 1 2810 2812 958
1793 2 2 6 1 960 2813 2811
1794 2 2 6 1 2813 2814 2811
1795 2 2 6 1 2813 504 2814
1796 2 2 6 1 2811 2814 961
1797 2 2 6 1 958 2812 2807
1798 2 2 6 1 2812 2815 2807
1799 2 2 6 1 2812 961 2815
1800 2 2 6 1 2807 2815 505
1801 2 2 6 1 488 2574 2809
1802 2 2 6 1 2574 2816 2809
1803 2 2 6 1 2574 900 2816
1804 2 2 6 1 2809 2816 960
1805 2 2 6 1 900 2817 2816
1806 2 2 6 1 2817 2818 2816
1807 2 2 6 1 2817 962 2818
1808 2 2 6 1 2816 2818 960
1809 2 2 6 1 900 2579 2817
1810 2 2 6 1 2579 2819 2817
1811 2 2 6 1 2579 437 2819
1812 2 2 6 1 2817 2819 962
1813 2 2 6 1 960 2818 2813
1814 2 2 6 1 2818 2820 2813
1815 2 2 6 1 2818 962 2820
1816 2 2 6 1 2813 2820 504
1817 2 2 6 1 505 2815 2822
1818 2 2 6 1 2815 2821 2822
1819 2 2 6 1 2815 961 2821
1820 2 2 6 1 2822 2821 964
1821 2 2 6 1 961 2823 2821
1822 2 2 6 1 2823 2824 2821
1823 2 2 6 1 2823 963 2824
1824 2 2 6 1 2821 2824 964
1825 2 2 6 1 961 2814 2823
1826 2 2 6 1 2814 2825 2823
1827 2 2 6 1 2814 504 2825
1828 2 2 6 1 2823 2825 963
1829 2 2 6 1 964 2824 2827
1830 2 2 6 1 2824 2826 2827
1831 2 2 6 1 2824 963 2826
1832 2 2 6 1 2827 2826 438
1833 2 2 6 1 359 334 2606
1834 2 2 6 1 334 2828 2606
1835 2 2 6 1 334 346 2828
1836 2 2 6 1 2606 2828 908
1837 2 2 6 1 346 2829 2828
1838 2 2 6 1 2829 2830 2828
1839 2 2 6 1 2829 965 2830
1840 2 2 6 1 2828 2830 908
1841 2 2 6 1 346 335 2829
1842 2 2 6 1 335 2831 2829
1843 2 2 6 1 335 354 2831
1844 2 2 6 1 2829 2831 965
1845 2 2 6 1 908 2830 2611
1846 2 2 6 1 2830 2832 2611
1847 2 2 6 1 2830 965 2832
1848 2 2 6 1 2611 2832 491
1849 2 2 6 1 354 2833 2831
1850 2 2 6 1 2833 2834 2831
1851 2 2 6 1 2833 966 2834
1852 2 2 6 1 2831 2834 965
1853 2 2 6 1 966 2835 2834
1854 2 2 6 1 2835 2836 2834
1855 2 2 6 1 2835 967 2836
1856 2 2 6 1 2834 2836 965
1857 2 2 6 1 966 2837 2835
1858 2 2 6 1 2837 2838 2835
1859 2 2 6 1 2837 505 2838
1860 2 2 6 1 2835 2838 967
1861 2 2 6 1 965 2836 2832
1862 2 2 6 1 2836 2839 2832
1863 2 2 6 1 2836 967 2839
1864 2 2 6 1 2832 2839 491
1865 2 2 6 1 354 336 2833
1866 2 2 6 1 336 2840 2833
1867 2 2 6 1 336 345 2840
1868 2 2 6 1 2833 2840 966
1869 2 2 6 1 345 2841 2840
1870 2 2 6 1 2841 2842 2840
1871 2 2 6 1 2841 959 2842
1872 2 2 6 1 2840 2842 966
1873 2 2 6 1 345 337 2841
1874 2 2 6 1 337 2803 2841
1875 2 2 6 1 337 358 2803
1876 2 2 6 1 2841 2803 959
1877 2 2 6 1 966 2842 2837
1878 2 2 6 1 2842 2808 2837
1879 2 2 6 1 2842 959 2808
1880 2 2 6 1 2837 2808 505
1881 2 2 6 1 491 2839 2622
1882 2 2 6 1 2839 2843 2622
1883 2 2 6 1 2839 967 2843
1884 2 2 6 1 2622 2843 913
1885 2 2 6 1 967 2844 2843
1886 2 2 6 1 2844 2845 2843
1887 2 2 6 1 2844 964 2845
1888 2 2 6 1 2843 2845 913
1889 2 2 6 1 967 2838 2844
1890 2 2 6 1 2838 2822 2844
1891 2 2 6 1 2838 505 2822
1892 2 2 6 1 2844 2822 964
1893 2 2 6 1 913 2845 2626
1894 2 2 6 1 2845 2827 2626
1895 2 2 6 1 2845 964 2827
1896 2 2 6 1 2626 2827 438
1897 2 2 6 1 358 337 2847
1898 2 2 6 1 337 2846 2847
1899 2 2 6 1 337 345 2846
1900 2 2 6 1 2847 2846 969
1901 2 2 6 1 345 2848 2846
1902 2 2 6 1 2848 2849 2846
1903 2 2 6 1 2848 968 2849
1904 2 2 6 1 2846 2849 969
1905 2 2 6 1 345 336 2848
1906 2 2 6 1 336 2850 2848
1907 2 2 6 1 336 354 2850
1908 2 2 6 1 2848 2850 968
1909 2 2 6 1 969 2849 2852
1910 2 2 6 1 2849 2851 2852
1911 2 2 6 1 2849 968 2851
1912 2 2 6 1 2852 2851 507
1913 2 2 6 1 354 2853 2850
1914 2 2 6 1 2853 2854 2850
1915 2 2 6 1 2853 970 2854
1916 2 2 6 1 2850 2854 968
1917 2 2 6 1 970 2855 2854
1918 2 2 6 1 2855 2856 2854
1919 2 2 6 1 2855 971 2856
1920 2 2 6 1 2854 2856 968
1921 2 2 6 1 970 2857 2855
1922 2 2 6 1 2857 2858 2855
1923 2 2 6 1 2857 506 2858
1924 2 2 6 1 2855 2858 971
1925 2 2 6 1 968 2856 2851
1926 2 2 6 1 2856 2859 2851
1927 2 2 6 1 2856 971 2859
1928 2 2 6 1 2851 2859 507
1929 2 2 6 1 354 335 2853
1930 2 2 6 1 335 2860 2853
1931 2 2 6 1 335 346 2860
1932 2 2 6 1 2853 2860 970
1933 2 2 6 1 346 2861 2860
1934 2 2 6 1 2861 2862 2860
1935 2 2 6 1 2861 972 2862
1936 2 2 6 1 2860 2862 970
1937 2 2 6 1 346 334 2861
1938 2 2 6 1 334 2863 2861
1939 2 2 6 1 334 359 2863
1940 2 2 6 1 2861 2863 972
1941 2 2 6 1 970 2862 2857
1942 2 2 6 1 2862 2864 2857
1943 2 2 6 1 2862 972 2864
1944 2 2 6 1 2857 2864 506
1945 2 2 6 1 507 2859 2866
1946 2 2 6 1 2859 2865 2866
1947 2 2 6 1 2859 971 2865
1948 2 2 6 1 2866 2865 974
1949 2 2 6 1 971 2867 2865
1950 2 2 6 1 2867 2868 2865
1951 2 2 6 1 2867 973 2868
1952 2 2 6 1 2865 2868 974
1953 2 2 6 1 971 2858 2867
1954 2 2 6 1 2858 2869 2867
1955 2 2 6 1 2858 506 2869
1956 2 2 6 1 2867 2869 973
1957 2 2 6 1 974 2868 2871
1958 2 2 6 1 2868 2870 2871
1959 2 2 6 1 2868 973 2870
1960 2 2 6 1 2871 2870 443
1961 2 2 6 1 359 2733 2863
1962 2 2 6 1 2733 2872 2863
1963 2 2 6 1 2733 942 2872
1964 2 2 6 1 2863 2872 972
1965 2 2 6 1 942 2873 2872
1966 2 2 6 1 2873 2874 2872
1967 2 2 6 1 2873 975 2874
1968 2 2 6 1 2872 2874 972
1969 2 2 6 1 942 2738 2873
1970 2 2 6 1 2738 2875 2873
1971 2 2 6 1 2738 501 2875
1972 2 2 6 1 2873 2875 975
1973 2 2 6 1 972 2874 2864
1974 2 2 6 1 2874 2876 2864
1975 2 2 6 1 2874 975 2876
1976 2 2 6 1 2864 2876 506
1977 2 2 6 1 501 2877 2875
1978 2 2 6 1 2877 2878 2875
1979 2 2 6 1 2877 976 2878
1980 2 2 6 1 2875 2878 975
1981 2 2 6 1 976 2879 2878
1982 2 2 6 1 2879 2880 2878
1983 2 2 6 1 2879 977 2880
1984 2 2 6 1 2878 2880 975
1985 2 2 6 1 976 2881 2879
1986 2 2 6 1 2881 2882 2879
1987 2 2 6 1 2881 508 2882
1988 2 2 6 1 2879 2882 977
1989 2 2 6 1 975 2880 2876
1990 2 2 6 1 2880 2883 2876
1991 2 2 6 1 2880 977 2883
1992 2 2 6 1 2876 2883 506
1993 2 2 6 1 501 2752 2877
1994 2 2 6 1 2752 2884 2877
1995 2 2 6 1 2752 947 2884
1996 2 2 6 1 2877 2884 976
1997 2 2 6 1 947 2885 2884
1998 2 2 6 1 2885 2886 2884
1999 2 2 6 1 2885 978 2886
2000 2 2 6 1 2884 2886 976
2001 2 2 6 1 947 2757 2885
2002 2 2 6 1 2757 2887 2885
2003 2 2 6 1 2757 441 2887
2004 2 2 6 1 2885 2887 978
2005 2 2 6 1 976 2886 2881
2006 2 2 6 1 2886 2888 2881
2007 2 2 6 1 2886 978 2888
2008 2 2 6 1 2881 2888 508
2009 2 2 6 1 506 2883 2869
2010 2 2 6 1 2883 2889 2869
2011 2 2 6 1 2883 977 2889
2012 2 2 6 1 2869 2889 973
2013 2 2 6 1 977 2890 2889
2014 2 2 6 1 2890 2891 2889
2015 2 2 6 1 2890 979 2891
2016 2 2 6 1 2889 2891 973
2017 2 2 6 1 977 2882 2890
2018 2 2 6 1 2882 2892 2890
2019 2 2 6 1 2882 508 2892
2020 2 2 6 1 2890 2892 979
2021 2 2 6 1 973 2891 2870
2022 2 2 6 1 2891 2893 2870
2023 2 2 6 1 2891 979 2893
2024 2 2 6 1 2870 2893 443
2025 2 2 6 1 332 341 2895
2026 2 2 6 1 341 2894 2895
2027 2 2 6 1 341 343 2894
2028 2 2 6 1 2895 2894 981
2029 2 2 6 1 343 2896 2894
2030 2 2 6 1 2896 2897 2894
2031 2 2 6 1 2896 980 2897
2032 2 2 6 1 2894 2897 981
2033 2 2 6 1 343 340 2896
2034 2 2 6 1 340 2898 2896
2035 2 2 6 1 340 352 2898
2036 2 2 6 1 2896 2898 980
2037 2 2 6 1 981 2897 2900
2038 2 2 6 1 2897 2899 2900
2039 2 2 6 1 2897 980 2899
2040 2 2 6 1 2900 2899 510
2041 2 2 6 1 352 2901 2898
2042 2 2 6 1 2901 2902 2898
2043 2 2 6 1 2901 982 2902
2044 2 2 6 1 2898 2902 980
2045 2 2 6 1 982 2903 2902
2046 2 2 6 1 2903 2904 2902
2047 2 2 6 1 2903 983 2904
2048 2 2 6 1 2902 2904 980
2049 2 2 6 1 982 2905 2903
2050 2 2 6 1 2905 2906 2903
2051 2 2 6 1 2905 509 2906
2052 2 2 6 1 2903 2906 983
2053 2 2 6 1 980 2904 2899
2054 2 2 6 1 2904 2907 2899
2055 2 2 6 1 2904 983 2907
2056 2 2 6 1 2899 2907 510
2057 2 2 6 1 352 339 2901
2058 2 2 6 1 339 2908 2901
2059 2 2 6 1 339 344 2908
2060 2 2 6 1 2901 2908 982
2061 2 2 6 1 344 2909 2908
2062 2 2 6 1 2909 2910 2908
2063 2 2 6 1 2909 984 2910
2064 2 2 6 1 2908 2910 982
2065 2 2 6 1 344 338 2909
2066 2 2 6 1 338 2911 2909
2067 2 2 6 1 338 358 2911
2068 2 2 6 1 2909 2911 984
2069 2 2 6 1 982 2910 2905
2070 2 2 6 1 2910 2912 2905
2071 2 2 6 1 2910 984 2912
2072 2 2 6 1 2905 2912 509
2073 2 2 6 1 510 2907 2914
2074 2 2 6 1 2907 2913 2914
2075 2 2 6 1 2907 983 2913
2076 2 2 6 1 2914 2913 986
2077 2 2 6 1 983 2915 2913
2078 2 2 6 1 2915 2916 2913
2079 2 2 6 1 2915 985 2916
2080 2 2 6 1 2913 2916 986
2081 2 2 6 1 983 2906 2915
2082 2 2 6 1 2906 2917 2915
2083 2 2 6 1 2906 509 2917
2084 2 2 6 1 2915 2917 985
2085 2 2 6 1 986 2916 2919
2086 2 2 6 1 2916 2918 2919
2087 2 2 6 1 2916 985 2918
2088 2 2 6 1 2919 2918 445
2089 2 2 6 1 358 2847 2911
2090 2 2 6 1 2847 2920 2911
2091 2 2 6 1 2847 969 2920
2092 2 2 6 1 2911 2920 984
2093 2 2 6 1 969 2921 2920
2094 2 2 6 1 2921 2922 2920
2095 2 2 6 1 2921 987 2922
2096 2 2 6 1 2920 2922 984
2097 2 2 6 1 969 2852 2921
2098 2 2 6 1 2852 2923 2921
2099 2 2 6 1 2852 507 2923
2100 2 2 6 1 2921 2923 987
2101 2 2 6 1 984 2922 2912
2102 2 2 6 1 2922 2924 2912
2103 2 2 6 1 2922 987 2924
2104 2 2 6 1 2912 2924 509
2105 2 2 6 1 507 2925 2923
2106 2 2 6 1 2925 2926 2923
2107 2 2 6 1 2925 988 2926
2108 2 2 6 1 2923 2926 987
2109 2 2 6 1 988 2927 2926
2110 2 2 6 1 2927 2928 2926
2111 2 2 6 1 2927 989 2928
2112 2 2 6 1 2926 2928 987
2113 2 2 6 1 988 2929 2927
2114 2 2 6 1 2929 2930 2927
2115 2 2 6 1 2929 511 2930
2116 2 2 6 1 2927 2930 989
2117 2 2 6 1 987 2928 2924
2118 2 2 6 1 2928 2931 2924
2119 2 2 6 1 2928 989 2931
2120 2 2 6 1 2924 2931 509
2121 2 2 6 1 507 2866 2925
2122 2 2 6 1 2866 2932 2925
2123 2 2 6 1 2866 974 2932
2124 2 2 6 1 2925 2932 988
2125 2 2 6 1 974 2933 2932
2126 2 2 6 1 2933 2934 2932
2127 2 2 6 1 2933 990 2934
2128 2 2 6 1 2932 2934 988
2129 2 2 6 1 974 2871 2933
2130 2 2 6 1 2871 2935 2933
2131 2 2 6 1 2871 443 2935
2132 2 2 6 1 2933 2935 990
2133 2 2 6 1 988 2934 2929
2134 2 2 6 1 2934 2936 2929
2135 2 2 6 1 2934 990 2936
2136 2 2 6 1 2929 2936 511
2137 2 2 6 1 509 2931 2917
2138 2 2 6 1 2931 2937 2917
2139 2 2 6 1 2931 989 2937
2140 2 2 6 1 2917 2937 985
2141 2 2 6 1 989 2938 2937
2142 2 2 6 1 2938 2939 2937
2143 2 2 6 1 2938 991 2939
2144 2 2 6 1 2937 2939 985
2145 2 2 6 1 989 2930 2938
2146 2 2 6 1 2930 2940 2938
2147 2 2 6 1 2930 511 2940
2148 2 2 6 1 2938 2940 991
2149 2 2 6 1 985 2939 2918
2150 2 2 6 1 2939 2941 2918
2151 2 2 6 1 2939 991 2941
2152 2 2 6 1 2918 2941 445
2153 2 2 6 1 388 2942 2281
2154 2 2 6 1 2942 2943 2281
2155 2 2 6 1 2942 992 2943
2156 2 2 6 1 2281 2943 819
2157 2 2 6 1 992 2944 2943
2158 2 2 6 1 2944 2945 2943
2159 2 2 6 1 2944 993 2945
2160 2 2 6 1 2943 2945 819
2161 2 2 6 1 992 2946 2944
2162 2 2 6 1 2946 2947 2944
2163 2 2 6 1 2946 512 2947
2164 2 2 6 1 2944 2947 993
2165 2 2 6 1 819 2945 2282
2166 2 2 6 1 2945 2948 2282
2167 2 2 6 1 2945 993 2948
2168 2 2 6 1 2282 2948 464
2169 2 2 6 1 512 2949 2947
2170 2 2 6 1 2949 2950 2947
2171 2 2 6 1 2949 994 2950
2172 2 2 6 1 2947 2950 993
2173 2 2 6 1 994 2951 2950
2174 2 2 6 1 2951 2952 2950
2175 2 2 6 1 2951 995 2952
2176 2 2 6 1 2950 2952 993
2177 2 2 6 1 994 2953 2951
2178 2 2 6 1 2953 2954 2951
2179 2 2 6 1 2953 513 2954
2180 2 2 6 1 2951 2954 995
2181 2 2 6 1 993 2952 2948
2182 2 2 6 1 2952 2955 2948
2183 2 2 6 1 2952 995 2955
2184 2 2 6 1 2948 2955 464
2185 2 2 6 1 512 2956 2949
2186 2 2 6 1 2956 2957 2949
2187 2 2 6 1 2956 996 2957
2188 2 2 6 1 2949 2957 994
2189 2 2 6 1 996 2958 2957
2190 2 2 6 1 2958 2959 2957
2191 2 2 6 1 2958 997 2959
2192 2 2 6 1 2957 2959 994
2193 2 2 6 1 996 2960 2958
2194 2 2 6 1 2960 2961 2958
2195 2 2 6 1 2960 373 2961
2196 2 2 6 1 2958 2961 997
2197 2 2 6 1 994 2959 2953
2198 2 2 6 1 2959 2962 2953
2199 2 2 6 1 2959 997 2962
2200 2 2 6 1 2953 2962 513
2201 2 2 6 1 464 2955 2287
2202 2 2 6 1 2955 2963 2287
2203 2 2 6 1 2955 995 2963
2204 2 2 6 1 2287 2963 820
2205 2 2 6 1 995 2964 2963
2206 2 2 6 1 2964 2965 2963
2207 2 2 6 1 2964 998 2965
2208 2 2 6 1 2963 2965 820
2209 2 2 6 1 995 2954 2964
2210 2 2 6 1 2954 2966 2964
2211 2 2 6 1 2954 513 2966
2212 2 2 6 1 2964 2966 998
2213 2 2 6 1 820 2965 2288
2214 2 2 6 1 2965 2967 2288
2215 2 2 6 1 2965 998 2967
2216 2 2 6 1 2288 2967 431
2217 2 2 6 1 411 2968 2311
2218 2 2 6 1 2968 2969 2311
2219 2 2 6 1 2968 999 2969
2220 2 2 6 1 2311 2969 828
2221 2 2 6 1 999 2970 2969
2222 2 2 6 1 2970 2971 2969
2223 2 2 6 1 2970 1000 2971
2224 2 2 6 1 2969 2971 828
2225 2 2 6 1 999 2972 2970
2226 2 2 6 1 2972 2973 2970
2227 2 2 6 1 2972 514 2973
2228 2 2 6 1 2970 2973 1000
2229 2 2 6 1 828 2971 2312
2230 2 2 6 1 2971 2974 2312
2231 2 2 6 1 2971 1000 2974
2232 2 2 6 1 2312 2974 467
2233 2 2 6 1 514 2975 2973
2234 2 2 6 1 2975 2976 2973
2235 2 2 6 1 2975 1001 2976
2236 2 2 6 1 2973 2976 1000
2237 2 2 6 1 1001 2977 2976
2238 2 2 6 1 2977 2978 2976
2239 2 2 6 1 2977 1002 2978
2240 2 2 6 1 2976 2978 1000
2241 2 2 6 1 1001 2979 2977
2242 2 2 6 1 2979 2980 2977
2243 2 2 6 1 2979 515 2980
2244 2 2 6 1 2977 2980 1002
2245 2 2 6 1 1000 2978 2974
2246 2 2 6 1 2978 2981 2974
2247 2 2 6 1 2978 1002 2981
2248 2 2 6 1 2974 2981 467
2249 2 2 6 1 514 2982 2975
2250 2 2 6 1 2982 2983 2975
2251 2 2 6 1 2982 1003 2983
2252 2 2 6 1 2975 2983 1001
2253 2 2 6 1 1003 2984 2983
2254 2 2 6 1 2984 2985 2983
2255 2 2 6 1 2984 1004 2985
2256 2 2 6 1 2983 2985 1001
2257 2 2 6 1 1003 2986 2984
2258 2 2 6 1 2986 2987 2984
2259 2 2 6 1 2986 412 2987
2260 2 2 6 1 2984 2987 1004
2261 2 2 6 1 1001 2985 2979
2262 2 2 6 1 2985 2988 2979
2263 2 2 6 1 2985 1004 2988
2264 2 2 6 1 2979 2988 515
2265 2 2 6 1 467 2981 2317
2266 2 2 6 1 2981 2989 2317
2267 2 2 6 1 2981 1002 2989
2268 2 2 6 1 2317 2989 829
2269 2 2 6 1 1002 2990 2989
2270 2 2 6 1 2990 2991 2989
2271 2 2 6 1 2990 1005 2991
2272 2 2 6 1 2989 2991 829
2273 2 2 6 1 1002 2980 2990
2274 2 2 6 1 2980 2992 2990
2275 2 2 6 1 2980 515 2992
2276 2 2 6 1 2990 2992 1005
2277 2 2 6 1 829 2991 2318
2278 2 2 6 1 2991 2993 2318
2279 2 2 6 1 2991 1005 2993
2280 2 2 6 1 2318 2993 433
2281 2 2 6 1 372 2994 2996
2282 2 2 6 1 2994 2995 2996
2283 2 2 6 1 2994 1006 2995
2284 2 2 6 1 2996 2995 1008
2285 2 2 6 1 1006 2997 2995
2286 2 2 6 1 2997 2998 2995
2287 2 2 6 1 2997 1007 2998
2288 2 2 6 1 2995 2998 1008
2289 2 2 6 1 1006 2999 2997
2290 2 2 6 1 2999 3000 2997
2291 2 2 6 1 2999 516 3000
2292 2 2 6 1 2997 3000 1007
2293 2 2 6 1 1008 2998 3002
2294 2 2 6 1 2998 3001 3002
2295 2 2 6 1 2998 1007 3001
2296 2 2 6 1 3002 3001 517
2297 2 2 6 1 516 3003 3000
2298 2 2 6 1 3003 3004 3000
2299 2 2 6 1 3003 1009 3004
2300 2 2 6 1 3000 3004 1007
2301 2 2 6 1 1009 3005 3004
2302 2 2 6 1 3005 3006 3004
2303 2 2 6 1 3005 1010 3006
2304 2 2 6 1 3004 3006 1007
2305 2 2 6 1 1009 3007 3005
2306 2 2 6 1 3007 3008 3005
2307 2 2 6 1 3007 471 3008
2308 2 2 6 1 3005 3008 1010
2309 2 2 6 1 1007 3006 3001
2310 2 2 6 1 3006 3009 3001
2311 2 2 6 1 3006 1010 3009
2312 2 2 6 1 3001 3009 517
2313 2 2 6 1 516 3010 3003
2314 2 2 6 1 3010 3011 3003
2315 2 2 6 1 3010 1011 3011
2316 2 2 6 1 3003 3011 1009
2317 2 2 6 1 1011 3012 3011
2318 2 2 6 1 3012 3013 3011
2319 2 2 6 1 3012 833 3013
2320 2 2 6 1 3011 3013 1009
2321 2 2 6 1 1011 3014 3012
2322 2 2 6 1 3014 2322 3012
2323 2 2 6 1 3014 427 2322
2324 2 2 6 1 3012 2322 833
2325 2 2 6 1 1009 3013 3007
2326 2 2 6 1 3013 2328 3007
2327 2 2 6 1 3013 833 2328
2328 2 2 6 1 3007 2328 471
2329 2 2 6 1 517 3009 3016
2330 2 2 6 1 3009 3015 3016
2331 2 2 6 1 3009 1010 3015
2332 2 2 6 1 3016 3015 1012
2333 2 2 6 1 1010 3017 3015
2334 2 2 6 1 3017 3018 3015
2335 2 2 6 1 3017 839 3018
2336 2 2 6 1 3015 3018 1012
2337 2 2 6 1 1010 3008 3017
2338 2 2 6 1 3008 2344 3017
2339 2 2 6 1 3008 471 2344
2340 2 2 6 1 3017 2344 839
2341 2 2 6 1 1012 3018 3019
2342 2 2 6 1 3018 2349 3019
2343 2 2 6 1 3018 839 2349
2344 2 2 6 1 3019 2349 432
2345 2 2 6 1 422 3020 3022
2346 2 2 6 1 3020 3021 3022
2347 2 2 6 1 3020 1013 3021
2348 2 2 6 1 3022 3021 1015
2349 2 2 6 1 1013 3023 3021
2350 2 2 6 1 3023 3024 3021
2351 2 2 6 1 3023 1014 3024
2352 2 2 6 1 3021 3024 1015
2353 2 2 6 1 1013 3025 3023
2354 2 2 6 1 3025 3026 3023
2355 2 2 6 1 3025 518 3026
2356 2 2 6 1 3023 3026 1014
2357 2 2 6 1 1015 3024 3028
2358 2 2 6 1 3024 3027 3028
2359 2 2 6 1 3024 1014 3027
2360 2 2 6 1 3028 3027 520
2361 2 2 6 1 518 3029 3026
2362 2 2 6 1 3029 3030 3026
2363 2 2 6 1 3029 1016 3030
2364 2 2 6 1 3026 3030 1014
2365 2 2 6 1 1016 3031 3030
2366 2 2 6 1 3031 3032 3030
2367 2 2 6 1 3031 1017 3032
2368 2 2 6 1 3030 3032 1014
2369 2 2 6 1 1016 3033 3031
2370 2 2 6 1 3033 3034 3031
2371 2 2 6 1 3033 519 3034
2372 2 2 6 1 3031 3034 1017
2373 2 2 6 1 1014 3032 3027
2374 2 2 6 1 3032 3035 3027
2375 2 2 6 1 3032 1017 3035
2376 2 2 6 1 3027 3035 520
2377 2 2 6 1 518 3036 3029
2378 2 2 6 1 3036 3037 3029
2379 2 2 6 1 3036 1018 3037
2380 2 2 6 1 3029 3037 1016
2381 2 2 6 1 1018 3038 3037
2382 2 2 6 1 3038 3039 3037
2383 2 2 6 1 3038 1019 3039
2384 2 2 6 1 3037 3039 1016
2385 2 2 6 1 1018 3040 3038
2386 2 2 6 1 3040 3041 3038
2387 2 2 6 1 3040 410 3041
2388 2 2 6 1 3038 3041 1019
2389 2 2 6 1 1016 3039 3033
2390 2 2 6 1 3039 3042 3033
2391 2 2 6 1 3039 1019 3042
2392 2 2 6 1 3033 3042 519
2393 2 2 6 1 520 3035 3044
2394 2 2 6 1 3035 3043 3044
2395 2 2 6 1 3035 1017 3043
2396 2 2 6 1 3044 3043 1021
2397 2 2 6 1 1017 3045 3043
2398 2 2 6 1 3045 3046 3043
2399 2 2 6 1 3045 1020 3046
2400 2 2 6 1 3043 3046 1021
2401 2 2 6 1 1017 3034 3045
2402 2 2 6 1 3034 3047 3045
2403 2 2 6 1 3034 519 3047
2404 2 2 6 1 3045 3047 1020
2405 2 2 6 1 1021 3046 3049
2406 2 2 6 1 3046 3048 3049
2407 2 2 6 1 3046 1020 3048
2408 2 2 6 1 3049 3048 448
2409 2 2 6 1 423 3050 3052
2410 2 2 6 1 3050 3051 3052
2411 2 2 6 1 3050 1022 3051
2412 2 2 6 1 3052 3051 1024
2413 2 2 6 1 1022 3053 3051
2414 2 2 6 1 3053 3054 3051
2415 2 2 6 1 3053 1023 3054
2416 2 2 6 1 3051 3054 1024
2417 2 2 6 1 1022 3055 3053
2418 2 2 6 1 3055 3056 3053
2419 2 2 6 1 3055 521 3056
2420 2 2 6 1 3053 3056 1023
2421 2 2 6 1 1024 3054 3058
2422 2 2 6 1 3054 3057 3058
2423 2 2 6 1 3054 1023 3057
2424 2 2 6 1 3058 3057 523
2425 2 2 6 1 521 3059 3056
2426 2 2 6 1 3059 3060 3056
2427 2 2 6 1 3059 1025 3060
2428 2 2 6 1 3056 3060 1023
2429 2 2 6 1 1025 3061 3060
2430 2 2 6 1 3061 3062 3060
2431 2 2 6 1 3061 1026 3062
2432 2 2 6 1 3060 3062 1023
2433 2 2 6 1 1025 3063 3061
2434 2 2 6 1 3063 3064 3061
2435 2 2 6 1 3063 522 3064
2436 2 2 6 1 3061 3064 1026
2437 2 2 6 1 1023 3062 3057
2438 2 2 6 1 3062 3065 3057
2439 2 2 6 1 3062 1026 3065
2440 2 2 6 1 3057 3065 523
2441 2 2 6 1 521 3066 3059
2442 2 2 6 1 3066 3067 3059
2443 2 2 6 1 3066 1027 3067
2444 2 2 6 1 3059 3067 1025
2445 2 2 6 1 1027 3068 3067
2446 2 2 6 1 3068 3069 3067
2447 2 2 6 1 3068 1028 3069
2448 2 2 6 1 3067 3069 1025
2449 2 2 6 1 1027 3070 3068
2450 2 2 6 1 3070 3071 3068
2451 2 2 6 1 3070 392 3071
2452 2 2 6 1 3068 3071 1028
2453 2 2 6 1 1025 3069 3063
2454 2 2 6 1 3069 3072 3063
2455 2 2 6 1 3069 1028 3072
2456 2 2 6 1 3063 3072 522
2457 2 2 6 1 523 3065 3074
2458 2 2 6 1 3065 3073 3074
2459 2 2 6 1 3065 1026 3073
2460 2 2 6 1 3074 3073 1030
2461 2 2 6 1 1026 3075 3073
2462 2 2 6 1 3075 3076 3073
2463 2 2 6 1 3075 1029 3076
2464 2 2 6 1 3073 3076 1030
2465 2 2 6 1 1026 3064 3075
2466 2 2 6 1 3064 3077 3075
2467 2 2 6 1 3064 522 3077
2468 2 2 6 1 3075 3077 1029
2469 2 2 6 1 1030 3076 3079
2470 2 2 6 1 3076 3078 3079
2471 2 2 6 1 3076 1029 3078
2472 2 2 6 1 3079 3078 449
2473 2 2 6 1 385 3080 3082
2474 2 2 6 1 3080 3081 3082
2475 2 2 6 1 3080 1031 3081
2476 2 2 6 1 3082 3081 1033
2477 2 2 6 1 1031 3083 3081
2478 2 2 6 1 3083 3084 3081
2479 2 2 6 1 3083 1032 3084
2480 2 2 6 1 3081 3084 1033
2481 2 2 6 1 1031 3085 3083
2482 2 2 6 1 3085 3086 3083
2483 2 2 6 1 3085 524 3086
2484 2 2 6 1 3083 3086 1032
2485 2 2 6 1 1033 3084 3088
2486 2 2 6 1 3084 3087 3088
2487 2 2 6 1 3084 1032 3087
2488 2 2 6 1 3088 3087 526
2489 2 2 6 1 524 3089 3086
2490 2 2 6 1 3089 3090 3086
2491 2 2 6 1 3089 1034 3090
2492 2 2 6 1 3086 3090 1032
2493 2 2 6 1 1034 3091 3090
2494 2 2 6 1 3091 3092 3090
2495 2 2 6 1 3091 1035 3092
2496 2 2 6 1 3090 3092 1032
2497 2 2 6 1 1034 3093 3091
2498 2 2 6 1 3093 3094 3091
2499 2 2 6 1 3093 525 3094
2500 2 2 6 1 3091 3094 1035
2501 2 2 6 1 1032 3092 3087
2502 2 2 6 1 3092 3095 3087
2503 2 2 6 1 3092 1035 3095
2504 2 2 6 1 3087 3095 526
2505 2 2 6 1 524 3096 3089
2506 2 2 6 1 3096 3097 3089
2507 2 2 6 1 3096 1036 3097
2508 2 2 6 1 3089 3097 1034
2509 2 2 6 1 1036 3098 3097
2510 2 2 6 1 3098 3099 3097
2511 2 2 6 1 3098 1037 3099
2512 2 2 6 1 3097 3099 1034
2513 2 2 6 1 1036 3100 3098
2514 2 2 6 1 3100 3101 3098
2515 2 2 6 1 3100 413 3101
2516 2 2 6 1 3098 3101 1037
2517 2 2 6 1 1034 3099 3093
2518 2 2 6 1 3099 3102 3093
2519 2 2 6 1 3099 1037 3102
2520 2 2 6 1 3093 3102 525
2521 2 2 6 1 526 3095 3104
2522 2 2 6 1 3095 3103 3104
2523 2 2 6 1 3095 1035 3103
2524 2 2 6 1 3104 3103 1039
2525 2 2 6 1 1035 3105 3103
2526 2 2 6 1 3105 3106 3103
2527 2 2 6 1 3105 1038 3106
2528 2 2 6 1 3103 3106 1039
2529 2 2 6 1 1035 3094 3105
2530 2 2 6 1 3094 3107 3105
2531 2 2 6 1 3094 525 3107
2532 2 2 6 1 3105 3107 1038
2533 2 2 6 1 1039 3106 3109
2534 2 2 6 1 3106 3108 3109
2535 2 2 6 1 3106 1038 3108
2536 2 2 6 1 3109 3108 450
2537 2 2 6 1 406 3110 3112
2538 2 2 6 1 3110 3111 3112
2539 2 2 6 1 3110 1040 3111
2540 2 2 6 1 3112 3111 1042
2541 2 2 6 1 1040 3113 3111
2542 2 2 6 1 3113 3114 3111
2543 2 2 6 1 3113 1041 3114
2544 2 2 6 1 3111 3114 1042
2545 2 2 6 1 1040 3115 3113
2546 2 2 6 1 3115 3116 3113
2547 2 2 6 1 3115 527 3116
2548 2 2 6 1 3113 3116 1041
2549 2 2 6 1 1042 3114 3118
2550 2 2 6 1 3114 3117 3118
2551 2 2 6 1 3114 1041 3117
2552 2 2 6 1 3118 3117 529
2553 2 2 6 1 527 3119 3116
2554 2 2 6 1 3119 3120 3116
2555 2 2 6 1 3119 1043 3120
2556 2 2 6 1 3116 3120 1041
2557 2 2 6 1 1043 3121 3120
2558 2 2 6 1 3121 3122 3120
2559 2 2 6 1 3121 1044 3122
2560 2 2 6 1 3120 3122 1041
2561 2 2 6 1 1043 3123 3121
2562 2 2 6 1 3123 3124 3121
2563 2 2 6 1 3123 528 3124
2564 2 2 6 1 3121 3124 1044
2565 2 2 6 1 1041 3122 3117
2566 2 2 6 1 3122 3125 3117
2567 2 2 6 1 3122 1044 3125
2568 2 2 6 1 3117 3125 529
2569 2 2 6 1 527 3126 3119
2570 2 2 6 1 3126 3127 3119
2571 2 2 6 1 3126 1045 3127
2572 2 2 6 1 3119 3127 1043
2573 2 2 6 1 1045 3128 3127
2574 2 2 6 1 3128 3129 3127
2575 2 2 6 1 3128 1046 3129
2576 2 2 6 1 3127 3129 1043
2577 2 2 6 1 1045 3130 3128
2578 2 2 6 1 3130 3131 3128
2579 2 2 6 1 3130 417 3131
2580 2 2 6 1 3128 3131 1046
2581 2 2 6 1 1043 3129 3123
2582 2 2 6 1 3129 3132 3123
2583 2 2 6 1 3129 1046 3132
2584 2 2 6 1 3123 3132 528
2585 2 2 6 1 529 3125 3134
2586 2 2 6 1 3125 3133 3134
2587 2 2 6 1 3125 1044 3133
2588 2 2 6 1 3134 3133 1048
2589 2 2 6 1 1044 3135 3133
2590 2 2 6 1 3135 3136 3133
2591 2 2 6 1 3135 1047 3136
2592 2 2 6 1 3133 3136 1048
2593 2 2 6 1 1044 3124 3135
2594 2 2 6 1 3124 3137 3135
2595 2 2 6 1 3124 528 3137
2596 2 2 6 1 3135 3137 1047
2597 2 2 6 1 1048 3136 3139
2598 2 2 6 1 3136 3138 3139
2599 2 2 6 1 3136 1047 3138
2600 2 2 6 1 3139 3138 451
2601 2 2 6 1 429 2258 3141
2602 2 2 6 1 2258 3140 3141
2603 2 2 6 1 2258 811 3140
2604 2 2 6 1 3141 3140 1050
2605 2 2 6 1 811 3142 3140
2606 2 2 6 1 3142 3143 3140
2607 2 2 6 1 3142 1049 3143
2608 2 2 6 1 3140 3143 1050
2609 2 2 6 1 811 2257 3142
2610 2 2 6 1 2257 3144 3142
2611 2 2 6 1 2257 461 3144
2612 2 2 6 1 3142 3144 1049
2613 2 2 6 1 1050 3143 3146
2614 2 2 6 1 3143 3145 3146
2615 2 2 6 1 3143 1049 3145
2616 2 2 6 1 3146 3145 531
2617 2 2 6 1 461 3147 3144
2618 2 2 6 1 3147 3148 3144
2619 2 2 6 1 3147 1051 3148
2620 2 2 6 1 3144 3148 1049
2621 2 2 6 1 1051 3149 3148
2622 2 2 6 1 3149 3150 3148
2623 2 2 6 1 3149 1052 3150
2624 2 2 6 1 3148 3150 1049
2625 2 2 6 1 1051 3151 3149
2626 2 2 6 1 3151 3152 3149
2627 2 2 6 1 3151 530 3152
2628 2 2 6 1 3149 3152 1052
2629 2 2 6 1 1049 3150 3145
2630 2 2 6 1 3150 3153 3145
2631 2 2 6 1 3150 1052 3153
2632 2 2 6 1 3145 3153 531
2633 2 2 6 1 461 2252 3147
2634 2 2 6 1 2252 3154 3147
2635 2 2 6 1 2252 810 3154
2636 2 2 6 1 3147 3154 1051
2637 2 2 6 1 810 3155 3154
2638 2 2 6 1 3155 3156 3154
2639 2 2 6 1 3155 1053 3156
2640 2 2 6 1 3154 3156 1051
2641 2 2 6 1 810 2251 3155
2642 2 2 6 1 2251 3157 3155
2643 2 2 6 1 2251 414 3157
2644 2 2 6 1 3155 3157 1053
2645 2 2 6 1 1051 3156 3151
2646 2 2 6 1 3156 3158 3151
2647 2 2 6 1 3156 1053 3158
2648 2 2 6 1 3151 3158 530
2649 2 2 6 1 531 3153 3160
2650 2 2 6 1 3153 3159 3160
2651 2 2 6 1 3153 1052 3159
2652 2 2 6 1 3160 3159 1055
2653 2 2 6 1 1052 3161 3159
2654 2 2 6 1 3161 3162 3159
2655 2 2 6 1 3161 1054 3162
2656 2 2 6 1 3159 3162 1055
2657 2 2 6 1 1052 3152 3161
2658 2 2 6 1 3152 3163 3161
2659 2 2 6 1 3152 530 3163
2660 2 2 6 1 3161 3163 1054
2661 2 2 6 1 1055 3162 3165
2662 2 2 6 1 3162 3164 3165
2663 2 2 6 1 3162 1054 3164
2664 2 2 6 1 3165 3164 430
2665 2 2 6 1 353 2533 3167
2666 2 2 6 1 2533 3166 3167
2667 2 2 6 1 2533 890 3166
2668 2 2 6 1 3167 3166 1057
2669 2 2 6 1 890 3168 3166
2670 2 2 6 1 3168 3169 3166
2671 2 2 6 1 3168 1056 3169
2672 2 2 6 1 3166 3169 1057
2673 2 2 6 1 890 2538 3168
2674 2 2 6 1 2538 3170 3168
2675 2 2 6 1 2538 486 3170
2676 2 2 6 1 3168 3170 1056
2677 2 2 6 1 1057 3169 3172
2678 2 2 6 1 3169 3171 3172
2679 2 2 6 1 3169 1056 3171
2680 2 2 6 1 3172 3171 533
2681 2 2 6 1 486 3173 3170
2682 2 2 6 1 3173 3174 3170
2683 2 2 6 1 3173 1058 3174
2684 2 2 6 1 3170 3174 1056
2685 2 2 6 1 1058 3175 3174
2686 2 2 6 1 3175 3176 3174
2687 2 2 6 1 3175 1059 3176
2688 2 2 6 1 3174 3176 1056
2689 2 2 6 1 1058 3177 3175
2690 2 2 6 1 3177 3178 3175
2691 2 2 6 1 3177 532 3178
2692 2 2 6 1 3175 3178 1059
2693 2 2 6 1 1056 3176 3171
2694 2 2 6 1 3176 3179 3171
2695 2 2 6 1 3176 1059 3179
2696 2 2 6 1 3171 3179 533
2697 2 2 6 1 486 2550 3173
2698 2 2 6 1 2550 3180 3173
2699 2 2 6 1 2550 893 3180
2700 2 2 6 1 3173 3180 1058
2701 2 2 6 1 893 3181 3180
2702 2 2 6 1 3181 3182 3180
2703 2 2 6 1 3181 1060 3182
2704 2 2 6 1 3180 3182 1058
2705 2 2 6 1 893 2553 3181
2706 2 2 6 1 2553 3183 3181
2707 2 2 6 1 2553 447 3183
2708 2 2 6 1 3181 3183 1060
2709 2 2 6 1 1058 3182 3177
2710 2 2 6 1 3182 3184 3177
2711 2 2 6 1 3182 1060 3184
2712 2 2 6 1 3177 3184 532
2713 2 2 6 1 533 3179 3186
2714 2 2 6 1 3179 3185 3186
2715 2 2 6 1 3179 1059 3185
2716 2 2 6 1 3186 3185 1062
2717 2 2 6 1 1059 3187 3185
2718 2 2 6 1 3187 3188 3185
2719 2 2 6 1 3187 1061 3188
2720 2 2 6 1 3185 3188 1062
2721 2 2 6 1 1059 3178 3187
2722 2 2 6 1 3178 3189 3187
2723 2 2 6 1 3178 532 3189
2724 2 2 6 1 3187 3189 1061
2725 2 2 6 1 1062 3188 3191
2726 2 2 6 1 3188 3190 3191
2727 2 2 6 1 3188 1061 3190
2728 2 2 6 1 3191 3190 455
2729 2 2 6 1 332 2895 3193
2730 2 2 6 1 2895 3192 3193
2731 2 2 6 1 2895 981 3192
2732 2 2 6 1 3193 3192 1064
2733 2 2 6 1 981 3194 3192
2734 2 2 6 1 3194 3195 3192
2735 2 2 6 1 3194 1063 3195
2736 2 2 6 1 3192 3195 1064
2737 2 2 6 1 981 2900 3194
2738 2 2 6 1 2900 3196 3194
2739 2 2 6 1 2900 510 3196
2740 2 2 6 1 3194 3196 1063
2741 2 2 6 1 1064 3195 3198
2742 2 2 6 1 3195 3197 3198
2743 2 2 6 1 3195 1063 3197
2744 2 2 6 1 3198 3197 535
2745 2 2 6 1 510 3199 3196
2746 2 2 6 1 3199 3200 3196
2747 2 2 6 1 3199 1065 3200
2748 2 2 6 1 3196 3200 1063
2749 2 2 6 1 1065 3201 3200
2750 2 2 6 1 3201 3202 3200
2751 2 2 6 1 3201 1066 3202
2752 2 2 6 1 3200 3202 1063
2753 2 2 6 1 1065 3203 3201
2754 2 2 6 1 3203 3204 3201
2755 2 2 6 1 3203 534 3204
2756 2 2 6 1 3201 3204 1066
2757 2 2 6 1 1063 3202 3197
2758 2 2 6 1 3202 3205 3197
2759 2 2 6 1 3202 1066 3205
2760 2 2 6 1 3197 3205 535
2761 2 2 6 1 510 2914 3199
2762 2 2 6 1 2914 3206 3199
2763 2 2 6 1 2914 986 3206
2764 2 2 6 1 3199 3206 1065
2765 2 2 6 1 986 3207 3206
2766 2 2 6 1 3207 3208 3206
2767 2 2 6 1 3207 1067 3208
2768 2 2 6 1 3206 3208 1065
2769 2 2 6 1 986 2919 3207
2770 2 2 6 1 2919 3209 3207
2771 2 2 6 1 2919 445 3209
2772 2 2 6 1 3207 3209 1067
2773 2 2 6 1 1065 3208 3203
2774 2 2 6 1 3208 3210 3203
2775 2 2 6 1 3208 1067 3210
2776 2 2 6 1 3203 3210 534
2777 2 2 6 1 535 3205 3212
2778 2 2 6 1 3205 3211 3212
2779 2 2 6 1 3205 1066 3211
2780 2 2 6 1 3212 3211 1069
2781 2 2 6 1 1066 3213 3211
2782 2 2 6 1 3213 3214 3211
2783 2 2 6 1 3213 1068 3214
2784 2 2 6 1 3211 3214 1069
2785 2 2 6 1 1066 3204 3213
2786 2 2 6 1 3204 3215 3213
2787 2 2 6 1 3204 534 3215
2788 2 2 6 1 3213 3215 1068
2789 2 2 6 1 1069 3214 3217
2790 2 2 6 1 3214 3216 3217
2791 2 2 6 1 3214 1068 3216
2792 2 2 6 1 3217 3216 454
2793 2 2 6 1 436 2598 3219
2794 2 2 6 1 2598 3218 3219
2795 2 2 6 1 2598 905 3218
2796 2 2 6 1 3219 3218 1071
2797 2 2 6 1 905 3220 3218
2798 2 2 6 1 3220 3221 3218
2799 2 2 6 1 3220 1070 3221
2800 2 2 6 1 3218 3221 1071
2801 2 2 6 1 905 2594 3220
2802 2 2 6 1 2594 3222 3220
2803 2 2 6 1 2594 489 3222
2804 2 2 6 1 3220 3222 1070
2805 2 2 6 1 1071 3221 3224
2806 2 2 6 1 3221 3223 3224
2807 2 2 6 1 3221 1070 3223
2808 2 2 6 1 3224 3223 537
2809 2 2 6 1 489 3225 3222
2810 2 2 6 1 3225 3226 3222
2811 2 2 6 1 3225 1072 3226
2812 2 2 6 1 3222 3226 1070
2813 2 2 6 1 1072 3227 3226
2814 2 2 6 1 3227 3228 3226
2815 2 2 6 1 3227 1073 3228
2816 2 2 6 1 3226 3228 1070
2817 2 2 6 1 1072 3229 3227
2818 2 2 6 1 3229 3230 3227
2819 2 2 6 1 3229 536 3230
2820 2 2 6 1 3227 3230 1073
2821 2 2 6 1 1070 3228 3223
2822 2 2 6 1 3228 3231 3223
2823 2 2 6 1 3228 1073 3231
2824 2 2 6 1 3223 3231 537
2825 2 2 6 1 489 2584 3225
2826 2 2 6 1 2584 3232 3225
2827 2 2 6 1 2584 901 3232
2828 2 2 6 1 3225 3232 1072
2829 2 2 6 1 901 3233 3232
2830 2 2 6 1 3233 3234 3232
2831 2 2 6 1 3233 1074 3234
2832 2 2 6 1 3232 3234 1072
2833 2 2 6 1 901 2580 3233
2834 2 2 6 1 2580 3235 3233
2835 2 2 6 1 2580 332 3235
2836 2 2 6 1 3233 3235 1074
2837 2 2 6 1 1072 3234 3229
2838 2 2 6 1 3234 3236 3229
2839 2 2 6 1 3234 1074 3236
2840 2 2 6 1 3229 3236 536
2841 2 2 6 1 537 3231 3238
2842 2 2 6 1 3231 3237 3238
2843 2 2 6 1 3231 1073 3237
2844 2 2 6 1 3238 3237 1076
2845 2 2 6 1 1073 3239 3237
2846 2 2 6 1 3239 3240 3237
2847 2 2 6 1 3239 1075 3240
2848 2 2 6 1 3237 3240 1076
2849 2 2 6 1 1073 3230 3239
2850 2 2 6 1 3230 3241 3239
2851 2 2 6 1 3230 536 3241
2852 2 2 6 1 3239 3241 1075
2853 2 2 6 1 1076 3240 3243
2854 2 2 6 1 3240 3242 3243
2855 2 2 6 1 3240 1075 3242
2856 2 2 6 1 3243 3242 452
2857 2 2 6 1 444 2730 3245
2858 2 2 6 1 2730 3244 3245
2859 2 2 6 1 2730 939 3244
2860 2 2 6 1 3245 3244 1078
2861 2 2 6 1 939 3246 3244
2862 2 2 6 1 3246 3247 3244
2863 2 2 6 1 3246 1077 3247
2864 2 2 6 1 3244 3247 1078
2865 2 2 6 1 939 2729 3246
2866 2 2 6 1 2729 3248 3246
2867 2 2 6 1 2729 498 3248
2868 2 2 6 1 3246 3248 1077
2869 2 2 6 1 1078 3247 3250
2870 2 2 6 1 3247 3249 3250
2871 2 2 6 1 3247 1077 3249
2872 2 2 6 1 3250 3249 539
2873 2 2 6 1 498 3251 3248
2874 2 2 6 1 3251 3252 3248
2875 2 2 6 1 3251 1079 3252
2876 2 2 6 1 3248 3252 1077
2877 2 2 6 1 1079 3253 3252
2878 2 2 6 1 3253 3254 3252
2879 2 2 6 1 3253 1080 3254
2880 2 2 6 1 3252 3254 1077
2881 2 2 6 1 1079 3255 3253
2882 2 2 6 1 3255 3256 3253
2883 2 2 6 1 3255 538 3256
2884 2 2 6 1 3253 3256 1080
2885 2 2 6 1 1077 3254 3249
2886 2 2 6 1 3254 3257 3249
2887 2 2 6 1 3254 1080 3257
2888 2 2 6 1 3249 3257 539
2889 2 2 6 1 498 2724 3251
2890 2 2 6 1 2724 3258 3251
2891 2 2 6 1 2724 938 3258
2892 2 2 6 1 3251 3258 1079
2893 2 2 6 1 938 3259 3258
2894 2 2 6 1 3259 3260 3258
2895 2 2 6 1 3259 1081 3260
2896 2 2 6 1 3258 3260 1079
2897 2 2 6 1 938 2723 3259
2898 2 2 6 1 2723 3261 3259
2899 2 2 6 1 2723 353 3261
2900 2 2 6 1 3259 3261 1081
2901 2 2 6 1 1079 3260 3255
2902 2 2 6 1 3260 3262 3255
2903 2 2 6 1 3260 1081 3262
2904 2 2 6 1 3255 3262 538
2905 2 2 6 1 539 3257 3264
2906 2 2 6 1 3257 3263 3264
2907 2 2 6 1 3257 1080 3263
2908 2 2 6 1 3264 3263 1083
2909 2 2 6 1 1080 3265 3263
2910 2 2 6 1 3265 3266 3263
2911 2 2 6 1 3265 1082 3266
2912 2 2 6 1 3263 3266 1083
2913 2 2 6 1 1080 3256 3265
2914 2 2 6 1 3256 3267 3265
2915 2 2 6 1 3256 538 3267
2916 2 2 6 1 3265 3267 1082
2917 2 2 6 1 1083 3266 3269
2918 2 2 6 1 3266 3268 3269
2919 2 2 6 1 3266 1082 3268
2920 2 2 6 1 3269 3268 453
2921 2 2 6 1 435 3270 3272
2922 2 2 6 1 3270 3271 3272
2923 2 2 6 1 3270 1084 3271
2924 2 2 6 1 3272 3271 1086
2925 2 2 6 1 1084 3273 3271
2926 2 2 6 1 3273 3274 3271
2927 2 2 6 1 3273 1085 3274
2928 2 2 6 1 3271 3274 1086
2929 2 2 6 1 1084 3275 3273
2930 2 2 6 1 3275 3276 3273
2931 2 2 6 1 3275 540 3276
2932 2 2 6 1 3273 3276 1085
2933 2 2 6 1 1086 3274 3278
2934 2 2 6 1 3274 3277 3278
2935 2 2 6 1 3274 1085 3277
2936 2 2 6 1 3278 3277 541
2937 2 2 6 1 540 3279 3276
2938 2 2 6 1 3279 3280 3276
2939 2 2 6 1 3279 1087 3280
2940 2 2 6 1 3276 3280 1085
2941 2 2 6 1 1087 3281 3280
2942 2 2 6 1 3281 3282 3280
2943 2 2 6 1 3281 1088 3282
2944 2 2 6 1 3280 3282 1085
2945 2 2 6 1 1087 3283 3281
2946 2 2 6 1 3283 3284 3281
2947 2 2 6 1 3283 533 3284
2948 2 2 6 1 3281 3284 1088
2949 2 2 6 1 1085 3282 3277
2950 2 2 6 1 3282 3285 3277
2951 2 2 6 1 3282 1088 3285
2952 2 2 6 1 3277 3285 541
2953 2 2 6 1 540 3286 3279
2954 2 2 6 1 3286 3287 3279
2955 2 2 6 1 3286 1089 3287
2956 2 2 6 1 3279 3287 1087
2957 2 2 6 1 1089 3288 3287
2958 2 2 6 1 3288 3289 3287
2959 2 2 6 1 3288 1057 3289
2960 2 2 6 1 3287 3289 1087
2961 2 2 6 1 1089 3290 3288
2962 2 2 6 1 3290 3167 3288
2963 2 2 6 1 3290 353 3167
2964 2 2 6 1 3288 3167 1057
2965 2 2 6 1 1087 3289 3283
2966 2 2 6 1 3289 3172 3283
2967 2 2 6 1 3289 1057 3172
2968 2 2 6 1 3283 3172 533
2969 2 2 6 1 541 3285 3292
2970 2 2 6 1 3285 3291 3292
2971 2 2 6 1 3285 1088 3291
2972 2 2 6 1 3292 3291 1090
2973 2 2 6 1 1088 3293 3291
2974 2 2 6 1 3293 3294 3291
2975 2 2 6 1 3293 1062 3294
2976 2 2 6 1 3291 3294 1090
2977 2 2 6 1 1088 3284 3293
2978 2 2 6 1 3284 3186 3293
2979 2 2 6 1 3284 533 3186
2980 2 2 6 1 3293 3186 1062
2981 2 2 6 1 1090 3294 3295
2982 2 2 6 1 3294 3191 3295
2983 2 2 6 1 3294 1062 3191
2984 2 2 6 1 3295 3191 455
2985 2 2 6 1 434 3296 3298
2986 2 2 6 1 3296 3297 3298
2987 2 2 6 1 3296 1091 3297
2988 2 2 6 1 3298 3297 1093
2989 2 2 6 1 1091 3299 3297
2990 2 2 6 1 3299 3300 3297
2991 2 2 6 1 3299 1092 3300
2992 2 2 6 1 3297 3300 1093
2993 2 2 6 1 1091 3301 3299
2994 2 2 6 1 3301 3302 3299
2995 2 2 6 1 3301 542 3302
2996 2 2 6 1 3299 3302 1092
2997 2 2 6 1 1093 3300 3304
2998 2 2 6 1 3300 3303 3304
2999 2 2 6 1 3300 1092 3303
3000 2 2 6 1 3304 3303 543
3001 2 2 6 1 542 3305 3302
3002 2 2 6 1 3305 3306 3302
3003 2 2 6 1 3305 1094 3306
3004 2 2 6 1 3302 3306 1092
3005 2 2 6 1 1094 3307 3306
3006 2 2 6 1 3307 3308 3306
3007 2 2 6 1 3307 1095 3308
3008 2 2 6 1 3306 3308 1092
3009 2 2 6 1 1094 3309 3307
3010 2 2 6 1 3309 3310 3307
3011 2 2 6 1 3309 535 3310
3012 2 2 6 1 3307 3310 1095
3013 2 2 6 1 1092 3308 3303
3014 2 2 6 1 3308 3311 3303
3015 2 2 6 1 3308 1095 3311
3016 2 2 6 1 3303 3311 543
3017 2 2 6 1 542 3312 3305
3018 2 2 6 1 3312 3313 3305
3019 2 2 6 1 3312 1096 3313
3020 2 2 6 1 3305 3313 1094
3021 2 2 6 1 1096 3314 3313
3022 2 2 6 1 3314 3315 3313
3023 2 2 6 1 3314 1064 3315
3024 2 2 6 1 3313 3315 1094
3025 2 2 6 1 1096 3316 3314
3026 2 2 6 1 3316 3193 3314
3027 2 2 6 1 3316 332 3193
3028 2 2 6 1 3314 3193 1064
3029 2 2 6 1 1094 3315 3309
3030 2 2 6 1 3315 3198 3309
3031 2 2 6 1 3315 1064 3198
3032 2 2 6 1 3309 3198 535
3033 2 2 6 1 543 3311 3318
3034 2 2 6 1 3311 3317 3318
3035 2 2 6 1 3311 1095 3317
3036 2 2 6 1 3318 3317 1097
3037 2 2 6 1 1095 3319 3317
3038 2 2 6 1 3319 3320 3317
3039 2 2 6 1 3319 1069 3320
3040 2 2 6 1 3317 3320 1097
3041 2 2 6 1 1095 3310 3319
3042 2 2 6 1 3310 3212 3319
3043 2 2 6 1 3310 535 3212
3044 2 2 6 1 3319 3212 1069
3045 2 2 6 1 1097 3320 3321
3046 2 2 6 1 3320 3217 3321
3047 2 2 6 1 3320 1069 3217
3048 2 2 6 1 3321 3217 454
3049 2 2 6 1 332 3316 3235
3050 2 2 6 1 3316 3322 3235
3051 2 2 6 1 3316 1096 3322
3052 2 2 6 1 3235 3322 1074
3053 2 2 6 1 1096 3323 3322
3054 2 2 6 1 3323 3324 3322
3055 2 2 6 1 3323 1098 3324
3056 2 2 6 1 3322 3324 1074
3057 2 2 6 1 1096 3312 3323
3058 2 2 6 1 3312 3325 3323
3059 2 2 6 1 3312 542 3325
3060 2 2 6 1 3323 3325 1098
3061 2 2 6 1 1074 3324 3236
3062 2 2 6 1 3324 3326 3236
3063 2 2 6 1 3324 1098 3326
3064 2 2 6 1 3236 3326 536
3065 2 2 6 1 542 3327 3325
3066 2 2 6 1 3327 3328 3325
3067 2 2 6 1 3327 1099 3328
3068 2 2 6 1 3325 3328 1098
3069 2 2 6 1 1099 3329 3328
3070 2 2 6 1 3329 3330 3328
3071 2 2 6 1 3329 1100 3330
3072 2 2 6 1 3328 3330 1098
3073 2 2 6 1 1099 3331 3329
3074 2 2 6 1 3331 3332 3329
3075 2 2 6 1 3331 544 3332
3076 2 2 6 1 3329 3332 1100
3077 2 2 6 1 1098 3330 3326
3078 2 2 6 1 3330 3333 3326
3079 2 2 6 1 3330 1100 3333
3080 2 2 6 1 3326 3333 536
3081 2 2 6 1 542 3301 3327
3082 2 2 6 1 3301 3334 3327
3083 2 2 6 1 3301 1091 3334
3084 2 2 6 1 3327 3334 1099
3085 2 2 6 1 1091 3335 3334
3086 2 2 6 1 3335 3336 3334
3087 2 2 6 1 3335 1101 3336
3088 2 2 6 1 3334 3336 1099
3089 2 2 6 1 1091 3296 3335
3090 2 2 6 1 3296 3337 3335
3091 2 2 6 1 3296 434 3337
3092 2 2 6 1 3335 3337 1101
3093 2 2 6 1 1099 3336 3331
3094 2 2 6 1 3336 3338 3331
3095 2 2 6 1 3336 1101 3338
3096 2 2 6 1 3331 3338 544
3097 2 2 6 1 536 3333 3241
3098 2 2 6 1 3333 3339 3241
3099 2 2 6 1 3333 1100 3339
3100 2 2 6 1 3241 3339 1075
3101 2 2 6 1 1100 3340 3339
3102 2 2 6 1 3340 3341 3339
3103 2 2 6 1 3340 1102 3341
3104 2 2 6 1 3339 3341 1075
3105 2 2 6 1 1100 3332 3340
3106 2 2 6 1 3332 3342 3340
3107 2 2 6 1 3332 544 3342
3108 2 2 6 1 3340 3342 1102
3109 2 2 6 1 1075 3341 3242
3110 2 2 6 1 3341 3343 3242
3111 2 2 6 1 3341 1102 3343
3112 2 2 6 1 3242 3343 452
3113 2 2 6 1 353 3290 3261
3114 2 2 6 1 3290 3344 3261
3115 2 2 6 1 3290 1089 3344
3116 2 2 6 1 3261 3344 1081
3117 2 2 6 1 1089 3345 3344
3118 2 2 6 1 3345 3346 3344
3119 2 2 6 1 3345 1103 3346
3120 2 2 6 1 3344 3346 1081
3121 2 2 6 1 1089 3286 3345
3122 2 2 6 1 3286 3347 3345
3123 2 2 6 1 3286 540 3347
3124 2 2 6 1 3345 3347 1103
3125 2 2 6 1 1081 3346 3262
3126 2 2 6 1 3346 3348 3262
3127 2 2 6 1 3346 1103 3348
3128 2 2 6 1 3262 3348 538
3129 2 2 6 1 540 3349 3347
3130 2 2 6 1 3349 3350 3347
3131 2 2 6 1 3349 1104 3350
3132 2 2 6 1 3347 3350 1103
3133 2 2 6 1 1104 3351 3350
3134 2 2 6 1 3351 3352 3350
3135 2 2 6 1 3351 1105 3352
3136 2 2 6 1 3350 3352 1103
3137 2 2 6 1 1104 3353 3351
3138 2 2 6 1 3353 3354 3351
3139 2 2 6 1 3353 545 3354
3140 2 2 6 1 3351 3354 1105
3141 2 2 6 1 1103 3352 3348
3142 2 2 6 1 3352 3355 3348
3143 2 2 6 1 3352 1105 3355
3144 2 2 6 1 3348 3355 538
3145 2 2 6 1 540 3275 3349
3146 2 2 6 1 3275 3356 3349
3147 2 2 6 1 3275 1084 3356
3148 2 2 6 1 3349 3356 1104
3149 2 2 6 1 1084 3357 3356
3150 2 2 6 1 3357 3358 3356
3151 2 2 6 1 3357 1106 3358
3152 2 2 6 1 3356 3358 1104
3153 2 2 6 1 1084 3270 3357
3154 2 2 6 1 3270 3359 3357
3155 2 2 6 1 3270 435 3359
3156 2 2 6 1 3357 3359 1106
3157 2 2 6 1 1104 3358 3353
3158 2 2 6 1 3358 3360 3353
3159 2 2 6 1 3358 1106 3360
3160 2 2 6 1 3353 3360 545
3161 2 2 6 1 538 3355 3267
3162 2 2 6 1 3355 3361 3267
3163 2 2 6 1 3355 1105 3361
3164 2 2 6 1 3267 3361 1082
3165 2 2 6 1 1105 3362 3361
3166 2 2 6 1 3362 3363 3361
3167 2 2 6 1 3362 1107 3363
3168 2 2 6 1 3361 3363 1082
3169 2 2 6 1 1105 3354 3362
3170 2 2 6 1 3354 3364 3362
3171 2 2 6 1 3354 545 3364
3172 2 2 6 1 3362 3364 1107
3173 2 2 6 1 1082 3363 3268
3174 2 2 6 1 3363 3365 3268
3175 2 2 6 1 3363 1107 3365
3176 2 2 6 1 3268 3365 453
3177 2 2 6 1 413 3366 3101
3178 2 2 6 1 3366 3367 3101
3179 2 2 6 1 3366 1108 3367
3180 2 2 6 1 3101 3367 1037
3181 2 2 6 1 1108 3368 3367
3182 2 2 6 1 3368 3369 3367
3183 2 2 6 1 3368 1109 3369
3184 2 2 6 1 3367 3369 1037
3185 2 2 6 1 1108 3370 3368
3186 2 2 6 1 3370 3371 3368
3187 2 2 6 1 3370 546 3371
3188 2 2 6 1 3368 3371 1109
3189 2 2 6 1 1037 3369 3102
3190 2 2 6 1 3369 3372 3102
3191 2 2 6 1 3369 1109 3372
3192 2 2 6 1 3102 3372 525
3193 2 2 6 1 546 3373 3371
3194 2 2 6 1 3373 3374 3371
3195 2 2 6 1 3373 1110 3374
3196 2 2 6 1 3371 3374 1109
3197 2 2 6 1 1110 3375 3374
3198 2 2 6 1 3375 3376 3374
3199 2 2 6 1 3375 1111 3376
3200 2 2 6 1 3374 3376 1109
3201 2 2 6 1 1110 3377 3375
3202 2 2 6 1 3377 3378 3375
3203 2 2 6 1 3377 473 3378
3204 2 2 6 1 3375 3378 1111
3205 2 2 6 1 1109 3376 3372
3206 2 2 6 1 3376 3379 3372
3207 2 2 6 1 3376 1111 3379
3208 2 2 6 1 3372 3379 525
3209 2 2 6 1 546 3380 3373
3210 2 2 6 1 3380 3381 3373
3211 2 2 6 1 3380 1112 3381
3212 2 2 6 1 3373 3381 1110
3213 2 2 6 1 1112 3382 3381
3214 2 2 6 1 3382 3383 3381
3215 2 2 6 1 3382 841 3383
3216 2 2 6 1 3381 3383 1110
3217 2 2 6 1 1112 3384 3382
3218 2 2 6 1 3384 2351 3382
3219 2 2 6 1 3384 370 2351
3220 2 2 6 1 3382 2351 841
3221 2 2 6 1 1110 3383 3377
3222 2 2 6 1 3383 2356 3377
3223 2 2 6 1 3383 841 2356
3224 2 2 6 1 3377 2356 473
3225 2 2 6 1 525 3379 3107
3226 2 2 6 1 3379 3385 3107
3227 2 2 6 1 3379 1111 3385
3228 2 2 6 1 3107 3385 1038
3229 2 2 6 1 1111 3386 3385
3230 2 2 6 1 3386 3387 3385
3231 2 2 6 1 3386 846 3387
3232 2 2 6 1 3385 3387 1038
3233 2 2 6 1 1111 3378 3386
3234 2 2 6 1 3378 2370 3386
3235 2 2 6 1 3378 473 2370
3236 2 2 6 1 3386 2370 846
3237 2 2 6 1 1038 3387 3108
3238 2 2 6 1 3387 2375 3108
3239 2 2 6 1 3387 846 2375
3240 2 2 6 1 3108 2375 450
3241 2 2 6 1 368 3388 2393
3242 2 2 6 1 3388 3389 2393
3243 2 2 6 1 3388 1113 3389
3244 2 2 6 1 2393 3389 851
3245 2 2 6 1 1113 3390 3389
3246 2 2 6 1 3390 3391 3389
3247 2 2 6 1 3390 1114 3391
3248 2 2 6 1 3389 3391 851
3249 2 2 6 1 1113 3392 3390
3250 2 2 6 1 3392 3393 3390
3251 2 2 6 1 3392 547 3393
3252 2 2 6 1 3390 3393 1114
3253 2 2 6 1 851 3391 2394
3254 2 2 6 1 3391 3394 2394
3255 2 2 6 1 3391 1114 3394
3256 2 2 6 1 2394 3394 474
3257 2 2 6 1 547 3395 3393
3258 2 2 6 1 3395 3396 3393
3259 2 2 6 1 3395 1115 3396
3260 2 2 6 1 3393 3396 1114
3261 2 2 6 1 1115 3397 3396
3262 2 2 6 1 3397 3398 3396
3263 2 2 6 1 3397 1116 3398
3264 2 2 6 1 3396 3398 1114
3265 2 2 6 1 1115 3399 3397
3266 2 2 6 1 3399 3400 3397
3267 2 2 6 1 3399 523 3400
3268 2 2 6 1 3397 3400 1116
3269 2 2 6 1 1114 3398 3394
3270 2 2 6 1 3398 3401 3394
3271 2 2 6 1 3398 1116 3401
3272 2 2 6 1 3394 3401 474
3273 2 2 6 1 547 3402 3395
3274 2 2 6 1 3402 3403 3395
3275 2 2 6 1 3402 1117 3403
3276 2 2 6 1 3395 3403 1115
3277 2 2 6 1 1117 3404 3403
3278 2 2 6 1 3404 3405 3403
3279 2 2 6 1 3404 1024 3405
3280 2 2 6 1 3403 3405 1115
3281 2 2 6 1 1117 3406 3404
3282 2 2 6 1 3406 3052 3404
3283 2 2 6 1 3406 423 3052
3284 2 2 6 1 3404 3052 1024
3285 2 2 6 1 1115 3405 3399
3286 2 2 6 1 3405 3058 3399
3287 2 2 6 1 3405 1024 3058
3288 2 2 6 1 3399 3058 523
3289 2 2 6 1 474 3401 2399
3290 2 2 6 1 3401 3407 2399
3291 2 2 6 1 3401 1116 3407
3292 2 2 6 1 2399 3407 852
3293 2 2 6 1 1116 3408 3407
3294 2 2 6 1 3408 3409 3407
3295 2 2 6 1 3408 1030 3409
3296 2 2 6 1 3407 3409 852
3297 2 2 6 1 1116 3400 3408
3298 2 2 6 1 3400 3074 3408
3299 2 2 6 1 3400 523 3074
3300 2 2 6 1 3408 3074 1030
3301 2 2 6 1 852 3409 2400
3302 2 2 6 1 3409 3079 2400
3303 2 2 6 1 3409 1030 3079
3304 2 2 6 1 2400 3079 449
3305 2 2 6 1 417 3410 3131
3306 2 2 6 1 3410 3411 3131
3307 2 2 6 1 3410 1118 3411
3308 2 2 6 1 3131 3411 1046
3309 2 2 6 1 1118 3412 3411
3310 2 2 6 1 3412 3413 3411
3311 2 2 6 1 3412 1119 3413
3312 2 2 6 1 3411 3413 1046
3313 2 2 6 1 1118 3414 3412
3314 2 2 6 1 3414 3415 3412
3315 2 2 6 1 3414 548 3415
3316 2 2 6 1 3412 3415 1119
3317 2 2 6 1 1046 3413 3132
3318 2 2 6 1 3413 3416 3132
3319 2 2 6 1 3413 1119 3416
3320 2 2 6 1 3132 3416 528
3321 2 2 6 1 548 3417 3415
3322 2 2 6 1 3417 3418 3415
3323 2 2 6 1 3417 1120 3418
3324 2 2 6 1 3415 3418 1119
3325 2 2 6 1 1120 3419 3418
3326 2 2 6 1 3419 3420 3418
3327 2 2 6 1 3419 1121 3420
3328 2 2 6 1 3418 3420 1119
3329 2 2 6 1 1120 3421 3419
3330 2 2 6 1 3421 3422 3419
3331 2 2 6 1 3421 479 3422
3332 2 2 6 1 3419 3422 1121
3333 2 2 6 1 1119 3420 3416
3334 2 2 6 1 3420 3423 3416
3335 2 2 6 1 3420 1121 3423
3336 2 2 6 1 3416 3423 528
3337 2 2 6 1 548 3424 3417
3338 2 2 6 1 3424 3425 3417
3339 2 2 6 1 3424 1122 3425
3340 2 2 6 1 3417 3425 1120
3341 2 2 6 1 1122 3426 3425
3342 2 2 6 1 3426 3427 3425
3343 2 2 6 1 3426 862 3427
3344 2 2 6 1 3425 3427 1120
3345 2 2 6 1 1122 3428 3426
3346 2 2 6 1 3428 2429 3426
3347 2 2 6 1 3428 369 2429
3348 2 2 6 1 3426 2429 862
3349 2 2 6 1 1120 3427 3421
3350 2 2 6 1 3427 2434 3421
3351 2 2 6 1 3427 862 2434
3352 2 2 6 1 3421 2434 479
3353 2 2 6 1 528 3423 3137
3354 2 2 6 1 3423 3429 3137
3355 2 2 6 1 3423 1121 3429
3356 2 2 6 1 3137 3429 1047
3357 2 2 6 1 1121 3430 3429
3358 2 2 6 1 3430 3431 3429
3359 2 2 6 1 3430 867 3431
3360 2 2 6 1 3429 3431 1047
3361 2 2 6 1 1121 3422 3430
3362 2 2 6 1 3422 2448 3430
3363 2 2 6 1 3422 479 2448
3364 2 2 6 1 3430 2448 867
3365 2 2 6 1 1047 3431 3138
3366 2 2 6 1 3431 2453 3138
3367 2 2 6 1 3431 867 2453
3368 2 2 6 1 3138 2453 451
3369 2 2 6 1 371 3432 2419
3370 2 2 6 1 3432 3433 2419
3371 2 2 6 1 3432 1123 3433
3372 2 2 6 1 2419 3433 858
3373 2 2 6 1 1123 3434 3433
3374 2 2 6 1 3434 3435 3433
3375 2 2 6 1 3434 1124 3435
3376 2 2 6 1 3433 3435 858
3377 2 2 6 1 1123 3436 3434
3378 2 2 6 1 3436 3437 3434
3379 2 2 6 1 3436 549 3437
3380 2 2 6 1 3434 3437 1124
3381 2 2 6 1 858 3435 2420
3382 2 2 6 1 3435 3438 2420
3383 2 2 6 1 3435 1124 3438
3384 2 2 6 1 2420 3438 476
3385 2 2 6 1 549 3439 3437
3386 2 2 6 1 3439 3440 3437
3387 2 2 6 1 3439 1125 3440
3388 2 2 6 1 3437 3440 1124
3389 2 2 6 1 1125 3441 3440
3390 2 2 6 1 3441 3442 3440
3391 2 2 6 1 3441 1126 3442
3392 2 2 6 1 3440 3442 1124
3393 2 2 6 1 1125 3443 3441
3394 2 2 6 1 3443 3444 3441
3395 2 2 6 1 3443 520 3444
3396 2 2 6 1 3441 3444 1126
3397 2 2 6 1 1124 3442 3438
3398 2 2 6 1 3442 3445 3438
3399 2 2 6 1 3442 1126 3445
3400 2 2 6 1 3438 3445 476
3401 2 2 6 1 549 3446 3439
3402 2 2 6 1 3446 3447 3439
3403 2 2 6 1 3446 1127 3447
3404 2 2 6 1 3439 3447 1125
3405 2 2 6 1 1127 3448 3447
3406 2 2 6 1 3448 3449 3447
3407 2 2 6 1 3448 1015 3449
3408 2 2 6 1 3447 3449 1125
3409 2 2 6 1 1127 3450 3448
3410 2 2 6 1 3450 3022 3448
3411 2 2 6 1 3450 422 3022
3412 2 2 6 1 3448 3022 1015
3413 2 2 6 1 1125 3449 3443
3414 2 2 6 1 3449 3028 3443
3415 2 2 6 1 3449 1015 3028
3416 2 2 6 1 3443 3028 520
3417 2 2 6 1 476 3445 2425
3418 2 2 6 1 3445 3451 2425
3419 2 2 6 1 3445 1126 3451
3420 2 2 6 1 2425 3451 859
3421 2 2 6 1 1126 3452 3451
3422 2 2 6 1 3452 3453 3451
3423 2 2 6 1 3452 1021 3453
3424 2 2 6 1 3451 3453 859
3425 2 2 6 1 1126 3444 3452
3426 2 2 6 1 3444 3044 3452
3427 2 2 6 1 3444 520 3044
3428 2 2 6 1 3452 3044 1021
3429 2 2 6 1 859 3453 2426
3430 2 2 6 1 3453 3049 2426
3431 2 2 6 1 3453 1021 3049
3432 2 2 6 1 2426 3049 448
3433 2 2 6 1 410 3040 3455
3434 2 2 6 1 3040 3454 3455
3435 2 2 6 1 3040 1018 3454
3436 2 2 6 1 3455 3454 1129
3437 2 2 6 1 1018 3456 3454
3438 2 2 6 1 3456 3457 3454
3439 2 2 6 1 3456 1128 3457
3440 2 2 6 1 3454 3457 1129
3441 2 2 6 1 1018 3036 3456
3442 2 2 6 1 3036 3458 3456
3443 2 2 6 1 3036 518 3458
3444 2 2 6 1 3456 3458 1128
3445 2 2 6 1 1129 3457 3460
3446 2 2 6 1 3457 3459 3460
3447 2 2 6 1 3457 1128 3459
3448 2 2 6 1 3460 3459 551
3449 2 2 6 1 518 3461 3458
3450 2 2 6 1 3461 3462 3458
3451 2 2 6 1 3461 1130 3462
3452 2 2 6 1 3458 3462 1128
3453 2 2 6 1 1130 3463 3462
3454 2 2 6 1 3463 3464 3462
3455 2 2 6 1 3463 1131 3464
3456 2 2 6 1 3462 3464 1128
3457 2 2 6 1 1130 3465 3463
3458 2 2 6 1 3465 3466 3463
3459 2 2 6 1 3465 550 3466
3460 2 2 6 1 3463 3466 1131
3461 2 2 6 1 1128 3464 3459
3462 2 2 6 1 3464 3467 3459
3463 2 2 6 1 3464 1131 3467
3464 2 2 6 1 3459 3467 551
3465 2 2 6 1 518 3025 3461
3466 2 2 6 1 3025 3468 3461
3467 2 2 6 1 3025 1013 3468
3468 2 2 6 1 3461 3468 1130
3469 2 2 6 1 1013 3469 3468
3470 2 2 6 1 3469 3470 3468
3471 2 2 6 1 3469 1132 3470
3472 2 2 6 1 3468 3470 1130
3473 2 2 6 1 1013 3020 3469
3474 2 2 6 1 3020 3471 3469
3475 2 2 6 1 3020 422 3471
3476 2 2 6 1 3469 3471 1132
3477 2 2 6 1 1130 3470 3465
3478 2 2 6 1 3470 3472 3465
3479 2 2 6 1 3470 1132 3472
3480 2 2 6 1 3465 3472 550
3481 2 2 6 1 551 3467 3474
3482 2 2 6 1 3467 3473 3474
3483 2 2 6 1 3467 1131 3473
3484 2 2 6 1 3474 3473 1134
3485 2 2 6 1 1131 3475 3473
3486 2 2 6 1 3475 3476 3473
3487 2 2 6 1 3475 1133 3476
3488 2 2 6 1 3473 3476 1134
3489 2 2 6 1 1131 3466 3475
3490 2 2 6 1 3466 3477 3475
3491 2 2 6 1 3466 550 3477
3492 2 2 6 1 3475 3477 1133
3493 2 2 6 1 1134 3476 3479
3494 2 2 6 1 3476 3478 3479
3495 2 2 6 1 3476 1133 3478
3496 2 2 6 1 3479 3478 454
3497 2 2 6 1 392 3070 3481
3498 2 2 6 1 3070 3480 3481
3499 2 2 6 1 3070 1027 3480
3500 2 2 6 1 3481 3480 1136
3501 2 2 6 1 1027 3482 3480
3502 2 2 6 1 3482 3483 3480
3503 2 2 6 1 3482 1135 3483
3504 2 2 6 1 3480 3483 1136
3505 2 2 6 1 1027 3066 3482
3506 2 2 6 1 3066 3484 3482
3507 2 2 6 1 3066 521 3484
3508 2 2 6 1 3482 3484 1135
3509 2 2 6 1 1136 3483 3486
3510 2 2 6 1 3483 3485 3486
3511 2 2 6 1 3483 1135 3485
3512 2 2 6 1 3486 3485 553
3513 2 2 6 1 521 3487 3484
3514 2 2 6 1 3487 3488 3484
3515 2 2 6 1 3487 1137 3488
3516 2 2 6 1 3484 3488 1135
3517 2 2 6 1 1137 3489 3488
3518 2 2 6 1 3489 3490 3488
3519 2 2 6 1 3489 1138 3490
3520 2 2 6 1 3488 3490 1135
3521 2 2 6 1 1137 3491 3489
3522 2 2 6 1 3491 3492 3489
3523 2 2 6 1 3491 552 3492
3524 2 2 6 1 3489 3492 1138
3525 2 2 6 1 1135 3490 3485
3526 2 2 6 1 3490 3493 3485
3527 2 2 6 1 3490 1138 3493
3528 2 2 6 1 3485 3493 553
3529 2 2 6 1 521 3055 3487
3530 2 2 6 1 3055 3494 3487
3531 2 2 6 1 3055 1022 3494
3532 2 2 6 1 3487 3494 1137
3533 2 2 6 1 1022 3495 3494
3534 2 2 6 1 3495 3496 3494
3535 2 2 6 1 3495 1139 3496
3536 2 2 6 1 3494 3496 1137
3537 2 2 6 1 1022 3050 3495
3538 2 2 6 1 3050 3497 3495
3539 2 2 6 1 3050 423 3497
3540 2 2 6 1 3495 3497 1139
3541 2 2 6 1 1137 3496 3491
3542 2 2 6 1 3496 3498 3491
3543 2 2 6 1 3496 1139 3498
3544 2 2 6 1 3491 3498 552
3545 2 2 6 1 553 3493 3500
3546 2 2 6 1 3493 3499 3500
3547 2 2 6 1 3493 1138 3499
3548 2 2 6 1 3500 3499 1141
3549 2 2 6 1 1138 3501 3499
3550 2 2 6 1 3501 3502 3499
3551 2 2 6 1 3501 1140 3502
3552 2 2 6 1 3499 3502 1141
3553 2 2 6 1 1138 3492 3501
3554 2 2 6 1 3492 3503 3501
3555 2 2 6 1 3492 552 3503
3556 2 2 6 1 3501 3503 1140
3557 2 2 6 1 1141 3502 3505
3558 2 2 6 1 3502 3504 3505
3559 2 2 6 1 3502 1140 3504
3560 2 2 6 1 3505 3504 455
3561 2 2 6 1 413 3100 3507
3562 2 2 6 1 3100 3506 3507
3563 2 2 6 1 3100 1036 3506
3564 2 2 6 1 3507 3506 1143
3565 2 2 6 1 1036 3508 3506
3566 2 2 6 1 3508 3509 3506
3567 2 2 6 1 3508 1142 3509
3568 2 2 6 1 3506 3509 1143
3569 2 2 6 1 1036 3096 3508
3570 2 2 6 1 3096 3510 3508
3571 2 2 6 1 3096 524 3510
3572 2 2 6 1 3508 3510 1142
3573 2 2 6 1 1143 3509 3512
3574 2 2 6 1 3509 3511 3512
3575 2 2 6 1 3509 1142 3511
3576 2 2 6 1 3512 3511 555
3577 2 2 6 1 524 3513 3510
3578 2 2 6 1 3513 3514 3510
3579 2 2 6 1 3513 1144 3514
3580 2 2 6 1 3510 3514 1142
3581 2 2 6 1 1144 3515 3514
3582 2 2 6 1 3515 3516 3514
3583 2 2 6 1 3515 1145 3516
3584 2 2 6 1 3514 3516 1142
3585 2 2 6 1 1144 3517 3515
3586 2 2 6 1 3517 3518 3515
3587 2 2 6 1 3517 554 3518
3588 2 2 6 1 3515 3518 1145
3589 2 2 6 1 1142 3516 3511
3590 2 2 6 1 3516 3519 3511
3591 2 2 6 1 3516 1145 3519
3592 2 2 6 1 3511 3519 555
3593 2 2 6 1 524 3085 3513
3594 2 2 6 1 3085 3520 3513
3595 2 2 6 1 3085 1031 3520
3596 2 2 6 1 3513 3520 1144
3597 2 2 6 1 1031 3521 3520
3598 2 2 6 1 3521 3522 3520
3599 2 2 6 1 3521 1146 3522
3600 2 2 6 1 3520 3522 1144
3601 2 2 6 1 1031 3080 3521
3602 2 2 6 1 3080 3523 3521
3603 2 2 6 1 3080 385 3523
3604 2 2 6 1 3521 3523 1146
3605 2 2 6 1 1144 3522 3517
3606 2 2 6 1 3522 3524 3517
3607 2 2 6 1 3522 1146 3524
3608 2 2 6 1 3517 3524 554
3609 2 2 6 1 555 3519 3526
3610 2 2 6 1 3519 3525 3526
3611 2 2 6 1 3519 1145 3525
3612 2 2 6 1 3526 3525 1148
3613 2 2 6 1 1145 3527 3525
3614 2 2 6 1 3527 3528 3525
3615 2 2 6 1 3527 1147 3528
3616 2 2 6 1 3525 3528 1148
3617 2 2 6 1 1145 3518 3527
3618 2 2 6 1 3518 3529 3527
3619 2 2 6 1 3518 554 3529
3620 2 2 6 1 3527 3529 1147
3621 2 2 6 1 1148 3528 3531
3622 2 2 6 1 3528 3530 3531
3623 2 2 6 1 3528 1147 3530
3624 2 2 6 1 3531 3530 452
3625 2 2 6 1 417 3130 3533
3626 2 2 6 1 3130 3532 3533
3627 2 2 6 1 3130 1045 3532
3628 2 2 6 1 3533 3532 1150
3629 2 2 6 1 1045 3534 3532
3630 2 2 6 1 3534 3535 3532
3631 2 2 6 1 3534 1149 3535
3632 2 2 6 1 3532 3535 1150
3633 2 2 6 1 1045 3126 3534
3634 2 2 6 1 3126 3536 3534
3635 2 2 6 1 3126 527 3536
3636 2 2 6 1 3534 3536 1149
3637 2 2 6 1 1150 3535 3538
3638 2 2 6 1 3535 3537 3538
3639 2 2 6 1 3535 1149 3537
3640 2 2 6 1 3538 3537 557
3641 2 2 6 1 527 3539 3536
3642 2 2 6 1 3539 3540 3536
3643 2 2 6 1 3539 1151 3540
3644 2 2 6 1 3536 3540 1149
3645 2 2 6 1 1151 3541 3540
3646 2 2 6 1 3541 3542 3540
3647 2 2 6 1 3541 1152 3542
3648 2 2 6 1 3540 3542 1149
3649 2 2 6 1 1151 3543 3541
3650 2 2 6 1 3543 3544 3541
3651 2 2 6 1 3543 556 3544
3652 2 2 6 1 3541 3544 1152
3653 2 2 6 1 1149 3542 3537
3654 2 2 6 1 3542 3545 3537
3655 2 2 6 1 3542 1152 3545
3656 2 2 6 1 3537 3545 557
3657 2 2 6 1 527 3115 3539
3658 2 2 6 1 3115 3546 3539
3659 2 2 6 1 3115 1040 3546
3660 2 2 6 1 3539 3546 1151
3661 2 2 6 1 1040 3547 3546
3662 2 2 6 1 3547 3548 3546
3663 2 2 6 1 3547 1153 3548
3664 2 2 6 1 3546 3548 1151
3665 2 2 6 1 1040 3110 3547
3666 2 2 6 1 3110 3549 3547
3667 2 2 6 1 3110 406 3549
3668 2 2 6 1 3547 3549 1153
3669 2 2 6 1 1151 3548 3543
3670 2 2 6 1 3548 3550 3543
3671 2 2 6 1 3548 1153 3550
3672 2 2 6 1 3543 3550 556
3673 2 2 6 1 557 3545 3552
3674 2 2 6 1 3545 3551 3552
3675 2 2 6 1 3545 1152 3551
3676 2 2 6 1 3552 3551 1155
3677 2 2 6 1 1152 3553 3551
3678 2 2 6 1 3553 3554 3551
3679 2 2 6 1 3553 1154 3554
3680 2 2 6 1 3551 3554 1155
3681 2 2 6 1 1152 3544 3553
3682 2 2 6 1 3544 3555 3553
3683 2 2 6 1 3544 556 3555
3684 2 2 6 1 3553 3555 1154
3685 2 2 6 1 1155 3554 3557
3686 2 2 6 1 3554 3556 3557
3687 2 2 6 1 3554 1154 3556
3688 2 2 6 1 3557 3556 453
3689 2 2 6 1 380 3558 3560
3690 2 2 6 1 3558 3559 3560
3691 2 2 6 1 3558 1156 3559
3692 2 2 6 1 3560 3559 1158
3693 2 2 6 1 1156 3561 3559
3694 2 2 6 1 3561 3562 3559
3695 2 2 6 1 3561 1157 3562
3696 2 2 6 1 3559 3562 1158
3697 2 2 6 1 1156 3563 3561
3698 2 2 6 1 3563 3564 3561
3699 2 2 6 1 3563 558 3564
3700 2 2 6 1 3561 3564 1157
3701 2 2 6 1 1158 3562 3566
3702 2 2 6 1 3562 3565 3566
3703 2 2 6 1 3562 1157 3565
3704 2 2 6 1 3566 3565 560
3705 2 2 6 1 558 3567 3564
3706 2 2 6 1 3567 3568 3564
3707 2 2 6 1 3567 1159 3568
3708 2 2 6 1 3564 3568 1157
3709 2 2 6 1 1159 3569 3568
3710 2 2 6 1 3569 3570 3568
3711 2 2 6 1 3569 1160 3570
3712 2 2 6 1 3568 3570 1157
3713 2 2 6 1 1159 3571 3569
3714 2 2 6 1 3571 3572 3569
3715 2 2 6 1 3571 559 3572
3716 2 2 6 1 3569 3572 1160
3717 2 2 6 1 1157 3570 3565
3718 2 2 6 1 3570 3573 3565
3719 2 2 6 1 3570 1160 3573
3720 2 2 6 1 3565 3573 560
3721 2 2 6 1 558 3574 3567
3722 2 2 6 1 3574 3575 3567
3723 2 2 6 1 3574 1161 3575
3724 2 2 6 1 3567 3575 1159
3725 2 2 6 1 1161 3576 3575
3726 2 2 6 1 3576 3577 3575
3727 2 2 6 1 3576 1162 3577
3728 2 2 6 1 3575 3577 1159
3729 2 2 6 1 1161 3578 3576
3730 2 2 6 1 3578 3579 3576
3731 2 2 6 1 3578 390 3579
3732 2 2 6 1 3576 3579 1162
3733 2 2 6 1 1159 3577 3571
3734 2 2 6 1 3577 3580 3571
3735 2 2 6 1 3577 1162 3580
3736 2 2 6 1 3571 3580 559
3737 2 2 6 1 560 3573 3582
3738 2 2 6 1 3573 3581 3582
3739 2 2 6 1 3573 1160 3581
3740 2 2 6 1 3582 3581 1164
3741 2 2 6 1 1160 3583 3581
3742 2 2 6 1 3583 3584 3581
3743 2 2 6 1 3583 1163 3584
3744 2 2 6 1 3581 3584 1164
3745 2 2 6 1 1160 3572 3583
3746 2 2 6 1 3572 3585 3583
3747 2 2 6 1 3572 559 3585
3748 2 2 6 1 3583 3585 1163
3749 2 2 6 1 1164 3584 3587
3750 2 2 6 1 3584 3586 3587
3751 2 2 6 1 3584 1163 3586
3752 2 2 6 1 3587 3586 393
3753 2 2 6 1 380 3560 3589
3754 2 2 6 1 3560 3588 3589
3755 2 2 6 1 3560 1158 3588
3756 2 2 6 1 3589 3588 1166
3757 2 2 6 1 1158 3590 3588
3758 2 2 6 1 3590 3591 3588
3759 2 2 6 1 3590 1165 3591
3760 2 2 6 1 3588 3591 1166
3761 2 2 6 1 1158 3566 3590
3762 2 2 6 1 3566 3592 3590
3763 2 2 6 1 3566 560 3592
3764 2 2 6 1 3590 3592 1165
3765 2 2 6 1 1166 3591 3594
3766 2 2 6 1 3591 3593 3594
3767 2 2 6 1 3591 1165 3593
3768 2 2 6 1 3594 3593 562
3769 2 2 6 1 560 3595 3592
3770 2 2 6 1 3595 3596 3592
3771 2 2 6 1 3595 1167 3596
3772 2 2 6 1 3592 3596 1165
3773 2 2 6 1 1167 3597 3596
3774 2 2 6 1 3597 3598 3596
3775 2 2 6 1 3597 1168 3598
3776 2 2 6 1 3596 3598 1165
3777 2 2 6 1 1167 3599 3597
3778 2 2 6 1 3599 3600 3597
3779 2 2 6 1 3599 561 3600
3780 2 2 6 1 3597 3600 1168
3781 2 2 6 1 1165 3598 3593
3782 2 2 6 1 3598 3601 3593
3783 2 2 6 1 3598 1168 3601
3784 2 2 6 1 3593 3601 562
3785 2 2 6 1 560 3582 3595
3786 2 2 6 1 3582 3602 3595
3787 2 2 6 1 3582 1164 3602
3788 2 2 6 1 3595 3602 1167
3789 2 2 6 1 1164 3603 3602
3790 2 2 6 1 3603 3604 3602
3791 2 2 6 1 3603 1169 3604
3792 2 2 6 1 3602 3604 1167
3793 2 2 6 1 1164 3587 3603
3794 2 2 6 1 3587 3605 3603
3795 2 2 6 1 3587 393 3605
3796 2 2 6 1 3603 3605 1169
3797 2 2 6 1 1167 3604 3599
3798 2 2 6 1 3604 3606 3599
3799 2 2 6 1 3604 1169 3606
3800 2 2 6 1 3599 3606 561
3801 2 2 6 1 562 3601 3608
3802 2 2 6 1 3601 3607 3608
3803 2 2 6 1 3601 1168 3607
3804 2 2 6 1 3608 3607 1171
3805 2 2 6 1 1168 3609 3607
3806 2 2 6 1 3609 3610 3607
3807 2 2 6 1 3609 1170 3610
3808 2 2 6 1 3607 3610 1171
3809 2 2 6 1 1168 3600 3609
3810 2 2 6 1 3600 3611 3609
3811 2 2 6 1 3600 561 3611
3812 2 2 6 1 3609 3611 1170
3813 2 2 6 1 1171 3610 3613
3814 2 2 6 1 3610 3612 3613
3815 2 2 6 1 3610 1170 3612
3816 2 2 6 1 3613 3612 394
3817 2 2 6 1 387 3614 3616
3818 2 2 6 1 3614 3615 3616
3819 2 2 6 1 3614 1172 3615
3820 2 2 6 1 3616 3615 1174
3821 2 2 6 1 1172 3617 3615
3822 2 2 6 1 3617 3618 3615
3823 2 2 6 1 3617 1173 3618
3824 2 2 6 1 3615 3618 1174
3825 2 2 6 1 1172 3619 3617
3826 2 2 6 1 3619 3620 3617
3827 2 2 6 1 3619 563 3620
3828 2 2 6 1 3617 3620 1173
3829 2 2 6 1 1174 3618 3622
3830 2 2 6 1 3618 3621 3622
3831 2 2 6 1 3618 1173 3621
3832 2 2 6 1 3622 3621 565
3833 2 2 6 1 563 3623 3620
3834 2 2 6 1 3623 3624 3620
3835 2 2 6 1 3623 1175 3624
3836 2 2 6 1 3620 3624 1173
3837 2 2 6 1 1175 3625 3624
3838 2 2 6 1 3625 3626 3624
3839 2 2 6 1 3625 1176 3626
3840 2 2 6 1 3624 3626 1173
3841 2 2 6 1 1175 3627 3625
3842 2 2 6 1 3627 3628 3625
3843 2 2 6 1 3627 564 3628
3844 2 2 6 1 3625 3628 1176
3845 2 2 6 1 1173 3626 3621
3846 2 2 6 1 3626 3629 3621
3847 2 2 6 1 3626 1176 3629
3848 2 2 6 1 3621 3629 565
3849 2 2 6 1 563 3630 3623
3850 2 2 6 1 3630 3631 3623
3851 2 2 6 1 3630 1177 3631
3852 2 2 6 1 3623 3631 1175
3853 2 2 6 1 1177 3632 3631
3854 2 2 6 1 3632 3633 3631
3855 2 2 6 1 3632 1178 3633
3856 2 2 6 1 3631 3633 1175
3857 2 2 6 1 1177 3634 3632
3858 2 2 6 1 3634 3635 3632
3859 2 2 6 1 3634 390 3635
3860 2 2 6 1 3632 3635 1178
3861 2 2 6 1 1175 3633 3627
3862 2 2 6 1 3633 3636 3627
3863 2 2 6 1 3633 1178 3636
3864 2 2 6 1 3627 3636 564
3865 2 2 6 1 565 3629 3638
3866 2 2 6 1 3629 3637 3638
3867 2 2 6 1 3629 1176 3637
3868 2 2 6 1 3638 3637 1180
3869 2 2 6 1 1176 3639 3637
3870 2 2 6 1 3639 3640 3637
3871 2 2 6 1 3639 1179 3640
3872 2 2 6 1 3637 3640 1180
3873 2 2 6 1 1176 3628 3639
3874 2 2 6 1 3628 3641 3639
3875 2 2 6 1 3628 564 3641
3876 2 2 6 1 3639 3641 1179
3877 2 2 6 1 1180 3640 3643
3878 2 2 6 1 3640 3642 3643
3879 2 2 6 1 3640 1179 3642
3880 2 2 6 1 3643 3642 428
3881 2 2 6 1 390 3578 3635
3882 2 2 6 1 3578 3644 3635
3883 2 2 6 1 3578 1161 3644
3884 2 2 6 1 3635 3644 1178
3885 2 2 6 1 1161 3645 3644
3886 2 2 6 1 3645 3646 3644
3887 2 2 6 1 3645 1181 3646
3888 2 2 6 1 3644 3646 1178
3889 2 2 6 1 1161 3574 3645
3890 2 2 6 1 3574 3647 3645
3891 2 2 6 1 3574 558 3647
3892 2 2 6 1 3645 3647 1181
3893 2 2 6 1 1178 3646 3636
3894 2 2 6 1 3646 3648 3636
3895 2 2 6 1 3646 1181 3648
3896 2 2 6 1 3636 3648 564
3897 2 2 6 1 558 3649 3647
3898 2 2 6 1 3649 3650 3647
3899 2 2 6 1 3649 1182 3650
3900 2 2 6 1 3647 3650 1181
3901 2 2 6 1 1182 3651 3650
3902 2 2 6 1 3651 3652 3650
3903 2 2 6 1 3651 1183 3652
3904 2 2 6 1 3650 3652 1181
3905 2 2 6 1 1182 3653 3651
3906 2 2 6 1 3653 3654 3651
3907 2 2 6 1 3653 566 3654
3908 2 2 6 1 3651 3654 1183
3909 2 2 6 1 1181 3652 3648
3910 2 2 6 1 3652 3655 3648
3911 2 2 6 1 3652 1183 3655
3912 2 2 6 1 3648 3655 564
3913 2 2 6 1 558 3563 3649
3914 2 2 6 1 3563 3656 3649
3915 2 2 6 1 3563 1156 3656
3916 2 2 6 1 3649 3656 1182
3917 2 2 6 1 1156 3657 3656
3918 2 2 6 1 3657 3658 3656
3919 2 2 6 1 3657 1184 3658
3920 2 2 6 1 3656 3658 1182
3921 2 2 6 1 1156 3558 3657
3922 2 2 6 1 3558 3659 3657
3923 2 2 6 1 3558 380 3659
3924 2 2 6 1 3657 3659 1184
3925 2 2 6 1 1182 3658 3653
3926 2 2 6 1 3658 3660 3653
3927 2 2 6 1 3658 1184 3660
3928 2 2 6 1 3653 3660 566
3929 2 2 6 1 564 3655 3641
3930 2 2 6 1 3655 3661 3641
3931 2 2 6 1 3655 1183 3661
3932 2 2 6 1 3641 3661 1179
3933 2 2 6 1 1183 3662 3661
3934 2 2 6 1 3662 3663 3661
3935 2 2 6 1 3662 1185 3663
3936 2 2 6 1 3661 3663 1179
3937 2 2 6 1 1183 3654 3662
3938 2 2 6 1 3654 3664 3662
3939 2 2 6 1 3654 566 3664
3940 2 2 6 1 3662 3664 1185
3941 2 2 6 1 1179 3663 3642
3942 2 2 6 1 3663 3665 3642
3943 2 2 6 1 3663 1185 3665
3944 2 2 6 1 3642 3665 428
3945 2 2 6 1 382 3666 3668
3946 2 2 6 1 3666 3667 3668
3947 2 2 6 1 3666 1186 3667
3948 2 2 6 1 3668 3667 1188
3949 2 2 6 1 1186 3669 3667
3950 2 2 6 1 3669 3670 3667
3951 2 2 6 1 3669 1187 3670
3952 2 2 6 1 3667 3670 1188
3953 2 2 6 1 1186 3671 3669
3954 2 2 6 1 3671 3672 3669
3955 2 2 6 1 3671 567 3672
3956 2 2 6 1 3669 3672 1187
3957 2 2 6 1 1188 3670 3674
3958 2 2 6 1 3670 3673 3674
3959 2 2 6 1 3670 1187 3673
3960 2 2 6 1 3674 3673 569
3961 2 2 6 1 567 3675 3672
3962 2 2 6 1 3675 3676 3672
3963 2 2 6 1 3675 1189 3676
3964 2 2 6 1 3672 3676 1187
3965 2 2 6 1 1189 3677 3676
3966 2 2 6 1 3677 3678 3676
3967 2 2 6 1 3677 1190 3678
3968 2 2 6 1 3676 3678 1187
3969 2 2 6 1 1189 3679 3677
3970 2 2 6 1 3679 3680 3677
3971 2 2 6 1 3679 568 3680
3972 2 2 6 1 3677 3680 1190
3973 2 2 6 1 1187 3678 3673
3974 2 2 6 1 3678 3681 3673
3975 2 2 6 1 3678 1190 3681
3976 2 2 6 1 3673 3681 569
3977 2 2 6 1 567 3682 3675
3978 2 2 6 1 3682 3683 3675
3979 2 2 6 1 3682 1191 3683
3980 2 2 6 1 3675 3683 1189
3981 2 2 6 1 1191 3684 3683
3982 2 2 6 1 3684 3685 3683
3983 2 2 6 1 3684 1192 3685
3984 2 2 6 1 3683 3685 1189
3985 2 2 6 1 1191 3686 3684
3986 2 2 6 1 3686 3687 3684
3987 2 2 6 1 3686 379 3687
3988 2 2 6 1 3684 3687 1192
3989 2 2 6 1 1189 3685 3679
3990 2 2 6 1 3685 3688 3679
3991 2 2 6 1 3685 1192 3688
3992 2 2 6 1 3679 3688 568
3993 2 2 6 1 569 3681 3690
3994 2 2 6 1 3681 3689 3690
3995 2 2 6 1 3681 1190 3689
3996 2 2 6 1 3690 3689 1194
3997 2 2 6 1 1190 3691 3689
3998 2 2 6 1 3691 3692 3689
3999 2 2 6 1 3691 1193 3692
4000 2 2 6 1 3689 3692 1194
4001 2 2 6 1 1190 3680 3691
4002 2 2 6 1 3680 3693 3691
4003 2 2 6 1 3680 568 3693
4004 2 2 6 1 3691 3693 1193
4005 2 2 6 1 1194 3692 3695
4006 2 2 6 1 3692 3694 3695
4007 2 2 6 1 3692 1193 3694
4008 2 2 6 1 3695 3694 394
4009 2 2 6 1 379 3696 3687
4010 2 2 6 1 3696 3697 3687
4011 2 2 6 1 3696 1195 3697
4012 2 2 6 1 3687 3697 1192
4013 2 2 6 1 1195 3698 3697
4014 2 2 6 1 3698 3699 3697
4015 2 2 6 1 3698 1196 3699
4016 2 2 6 1 3697 3699 1192
4017 2 2 6 1 1195 3700 3698
4018 2 2 6 1 3700 3701 3698
4019 2 2 6 1 3700 570 3701
4020 2 2 6 1 3698 3701 1196
4021 2 2 6 1 1192 3699 3688
4022 2 2 6 1 3699 3702 3688
4023 2 2 6 1 3699 1196 3702
4024 2 2 6 1 3688 3702 568
4025 2 2 6 1 570 3703 3701
4026 2 2 6 1 3703 3704 3701
4027 2 2 6 1 3703 1197 3704
4028 2 2 6 1 3701 3704 1196
4029 2 2 6 1 1197 3705 3704
4030 2 2 6 1 3705 3706 3704
4031 2 2 6 1 3705 1198 3706
4032 2 2 6 1 3704 3706 1196
4033 2 2 6 1 1197 3707 3705
4034 2 2 6 1 3707 3708 3705
4035 2 2 6 1 3707 562 3708
4036 2 2 6 1 3705 3708 1198
4037 2 2 6 1 1196 3706 3702
4038 2 2 6 1 3706 3709 3702
4039 2 2 6 1 3706 1198 3709
4040 2 2 6 1 3702 3709 568
4041 2 2 6 1 570 3710 3703
4042 2 2 6 1 3710 3711 3703
4043 2 2 6 1 3710 1199 3711
4044 2 2 6 1 3703 3711 1197
4045 2 2 6 1 1199 3712 3711
4046 2 2 6 1 3712 3713 3711
4047 2 2 6 1 3712 1166 3713
4048 2 2 6 1 3711 3713 1197
4049 2 2 6 1 1199 3714 3712
4050 2 2 6 1 3714 3589 3712
4051 2 2 6 1 3714 380 3589
4052 2 2 6 1 3712 3589 1166
4053 2 2 6 1 1197 3713 3707
4054 2 2 6 1 3713 3594 3707
4055 2 2 6 1 3713 1166 3594
4056 2 2 6 1 3707 3594 562
4057 2 2 6 1 568 3709 3693
4058 2 2 6 1 3709 3715 3693
4059 2 2 6 1 3709 1198 3715
4060 2 2 6 1 3693 3715 1193
4061 2 2 6 1 1198 3716 3715
4062 2 2 6 1 3716 3717 3715
4063 2 2 6 1 3716 1171 3717
4064 2 2 6 1 3715 3717 1193
4065 2 2 6 1 1198 3708 3716
4066 2 2 6 1 3708 3608 3716
4067 2 2 6 1 3708 562 3608
4068 2 2 6 1 3716 3608 1171
4069 2 2 6 1 1193 3717 3694
4070 2 2 6 1 3717 3613 3694
4071 2 2 6 1 3717 1171 3613
4072 2 2 6 1 3694 3613 394
4073 2 2 6 1 69 30 3719
4074 2 2 6 1 30 3718 3719
4075 2 2 6 1 30 45 3718
4076 2 2 6 1 3719 3718 1201
4077 2 2 6 1 45 3720 3718
4078 2 2 6 1 3720 3721 3718
4079 2 2 6 1 3720 1200 3721
4080 2 2 6 1 3718 3721 1201
4081 2 2 6 1 45 29 3720
4082 2 2 6 1 29 3722 3720
4083 2 2 6 1 29 79 3722
4084 2 2 6 1 3720 3722 1200
4085 2 2 6 1 1201 3721 3724
4086 2 2 6 1 3721 3723 3724
4087 2 2 6 1 3721 1200 3723
4088 2 2 6 1 3724 3723 572
4089 2 2 6 1 79 3725 3722
4090 2 2 6 1 3725 3726 3722
4091 2 2 6 1 3725 1202 3726
4092 2 2 6 1 3722 3726 1200
4093 2 2 6 1 1202 3727 3726
4094 2 2 6 1 3727 3728 3726
4095 2 2 6 1 3727 1203 3728
4096 2 2 6 1 3726 3728 1200
4097 2 2 6 1 1202 3729 3727
4098 2 2 6 1 3729 3730 3727
4099 2 2 6 1 3729 571 3730
4100 2 2 6 1 3727 3730 1203
4101 2 2 6 1 1200 3728 3723
4102 2 2 6 1 3728 3731 3723
4103 2 2 6 1 3728 1203 3731
4104 2 2 6 1 3723 3731 572
4105 2 2 6 1 79 28 3725
4106 2 2 6 1 28 3732 3725
4107 2 2 6 1 28 44 3732
4108 2 2 6 1 3725 3732 1202
4109 2 2 6 1 44 3733 3732
4110 2 2 6 1 3733 3734 3732
4111 2 2 6 1 3733 1204 3734
4112 2 2 6 1 3732 3734 1202
4113 2 2 6 1 44 27 3733
4114 2 2 6 1 27 3735 3733
4115 2 2 6 1 27 71 3735
4116 2 2 6 1 3733 3735 1204
4117 2 2 6 1 1202 3734 3729
4118 2 2 6 1 3734 3736 3729
4119 2 2 6 1 3734 1204 3736
4120 2 2 6 1 3729 3736 571
4121 2 2 6 1 572 3731 3738
4122 2 2 6 1 3731 3737 3738
4123 2 2 6 1 3731 1203 3737
4124 2 2 6 1 3738 3737 1206
4125 2 2 6 1 1203 3739 3737
4126 2 2 6 1 3739 3740 3737
4127 2 2 6 1 3739 1205 3740
4128 2 2 6 1 3737 3740 1206
4129 2 2 6 1 1203 3730 3739
4130 2 2 6 1 3730 3741 3739
4131 2 2 6 1 3730 571 3741
4132 2 2 6 1 3739 3741 1205
4133 2 2 6 1 1206 3740 3743
4134 2 2 6 1 3740 3742 3743
4135 2 2 6 1 3740 1205 3742
4136 2 2 6 1 3743 3742 412
4137 2 2 6 1 367 3744 3746
4138 2 2 6 1 3744 3745 3746
4139 2 2 6 1 3744 1207 3745
4140 2 2 6 1 3746 3745 1209
4141 2 2 6 1 1207 3747 3745
4142 2 2 6 1 3747 3748 3745
4143 2 2 6 1 3747 1208 3748
4144 2 2 6 1 3745 3748 1209
4145 2 2 6 1 1207 3749 3747
4146 2 2 6 1 3749 3750 3747
4147 2 2 6 1 3749 573 3750
4148 2 2 6 1 3747 3750 1208
4149 2 2 6 1 1209 3748 3752
4150 2 2 6 1 3748 3751 3752
4151 2 2 6 1 3748 1208 3751
4152 2 2 6 1 3752 3751 574
4153 2 2 6 1 573 3753 3750
4154 2 2 6 1 3753 3754 3750
4155 2 2 6 1 3753 1210 3754
4156 2 2 6 1 3750 3754 1208
4157 2 2 6 1 1210 3755 3754
4158 2 2 6 1 3755 3756 3754
4159 2 2 6 1 3755 1211 3756
4160 2 2 6 1 3754 3756 1208
4161 2 2 6 1 1210 3757 3755
4162 2 2 6 1 3757 3758 3755
4163 2 2 6 1 3757 565 3758
4164 2 2 6 1 3755 3758 1211
4165 2 2 6 1 1208 3756 3751
4166 2 2 6 1 3756 3759 3751
4167 2 2 6 1 3756 1211 3759
4168 2 2 6 1 3751 3759 574
4169 2 2 6 1 573 3760 3753
4170 2 2 6 1 3760 3761 3753
4171 2 2 6 1 3760 1212 3761
4172 2 2 6 1 3753 3761 1210
4173 2 2 6 1 1212 3762 3761
4174 2 2 6 1 3762 3763 3761
4175 2 2 6 1 3762 1174 3763
4176 2 2 6 1 3761 3763 1210
4177 2 2 6 1 1212 3764 3762
4178 2 2 6 1 3764 3616 3762
4179 2 2 6 1 3764 387 3616
4180 2 2 6 1 3762 3616 1174
4181 2 2 6 1 1210 3763 3757
4182 2 2 6 1 3763 3622 3757
4183 2 2 6 1 3763 1174 3622
4184 2 2 6 1 3757 3622 565
4185 2 2 6 1 574 3759 3766
4186 2 2 6 1 3759 3765 3766
4187 2 2 6 1 3759 1211 3765
4188 2 2 6 1 3766 3765 1213
4189 2 2 6 1 1211 3767 3765
4190 2 2 6 1 3767 3768 3765
4191 2 2 6 1 3767 1180 3768
4192 2 2 6 1 3765 3768 1213
4193 2 2 6 1 1211 3758 3767
4194 2 2 6 1 3758 3638 3767
4195 2 2 6 1 3758 565 3638
4196 2 2 6 1 3767 3638 1180
4197 2 2 6 1 1213 3768 3769
4198 2 2 6 1 3768 3643 3769
4199 2 2 6 1 3768 1180 3643
4200 2 2 6 1 3769 3643 428
4201 2 2 6 1 366 3770 3772
4202 2 2 6 1 3770 3771 3772
4203 2 2 6 1 3770 1214 3771
4204 2 2 6 1 3772 3771 1216
4205 2 2 6 1 1214 3773 3771
4206 2 2 6 1 3773 3774 3771
4207 2 2 6 1 3773 1215 3774
4208 2 2 6 1 3771 3774 1216
4209 2 2 6 1 1214 3775 3773
4210 2 2 6 1 3775 3776 3773
4211 2 2 6 1 3775 575 3776
4212 2 2 6 1 3773 3776 1215
4213 2 2 6 1 1216 3774 3778
4214 2 2 6 1 3774 3777 3778
4215 2 2 6 1 3774 1215 3777
4216 2 2 6 1 3778 3777 576
4217 2 2 6 1 575 3779 3776
4218 2 2 6 1 3779 3780 3776
4219 2 2 6 1 3779 1217 3780
4220 2 2 6 1 3776 3780 1215
4221 2 2 6 1 1217 3781 3780
4222 2 2 6 1 3781 3782 3780
4223 2 2 6 1 3781 1218 3782
4224 2 2 6 1 3780 3782 1215
4225 2 2 6 1 1217 3783 3781
4226 2 2 6 1 3783 3784 3781
4227 2 2 6 1 3783 572 3784
4228 2 2 6 1 3781 3784 1218
4229 2 2 6 1 1215 3782 3777
4230 2 2 6 1 3782 3785 3777
4231 2 2 6 1 3782 1218 3785
4232 2 2 6 1 3777 3785 576
4233 2 2 6 1 575 3786 3779
4234 2 2 6 1 3786 3787 3779
4235 2 2 6 1 3786 1219 3787
4236 2 2 6 1 3779 3787 1217
4237 2 2 6 1 1219 3788 3787
4238 2 2 6 1 3788 3789 3787
4239 2 2 6 1 3788 1201 3789
4240 2 2 6 1 3787 3789 1217
4241 2 2 6 1 1219 3790 3788
4242 2 2 6 1 3790 3719 3788
4243 2 2 6 1 3790 69 3719
4244 2 2 6 1 3788 3719 1201
4245 2 2 6 1 1217 3789 3783
4246 2 2 6 1 3789 3724 3783
4247 2 2 6 1 3789 1201 3724
4248 2 2 6 1 3783 3724 572
4249 2 2 6 1 576 3785 3792
4250 2 2 6 1 3785 3791 3792
4251 2 2 6 1 3785 1218 3791
4252 2 2 6 1 3792 3791 1220
4253 2 2 6 1 1218 3793 3791
4254 2 2 6 1 3793 3794 3791
4255 2 2 6 1 3793 1206 3794
4256 2 2 6 1 3791 3794 1220
4257 2 2 6 1 1218 3784 3793
4258 2 2 6 1 3784 3738 3793
4259 2 2 6 1 3784 572 3738
4260 2 2 6 1 3793 3738 1206
4261 2 2 6 1 1220 3794 3795
4262 2 2 6 1 3794 3743 3795
4263 2 2 6 1 3794 1206 3743
4264 2 2 6 1 3795 3743 412
4265 2 2 6 1 411 3796 2968
4266 2 2 6 1 3796 3797 2968
4267 2 2 6 1 3796 1221 3797
4268 2 2 6 1 2968 3797 999
4269 2 2 6 1 1221 3798 3797
4270 2 2 6 1 3798 3799 3797
4271 2 2 6 1 3798 1222 3799
4272 2 2 6 1 3797 3799 999
4273 2 2 6 1 1221 3800 3798
4274 2 2 6 1 3800 3801 3798
4275 2 2 6 1 3800 577 3801
4276 2 2 6 1 3798 3801 1222
4277 2 2 6 1 999 3799 2972
4278 2 2 6 1 3799 3802 2972
4279 2 2 6 1 3799 1222 3802
4280 2 2 6 1 2972 3802 514
4281 2 2 6 1 577 3803 3801
4282 2 2 6 1 3803 3804 3801
4283 2 2 6 1 3803 1223 3804
4284 2 2 6 1 3801 3804 1222
4285 2 2 6 1 1223 3805 3804
4286 2 2 6 1 3805 3806 3804
4287 2 2 6 1 3805 1224 3806
4288 2 2 6 1 3804 3806 1222
4289 2 2 6 1 1223 3807 3805
4290 2 2 6 1 3807 3808 3805
4291 2 2 6 1 3807 576 3808
4292 2 2 6 1 3805 3808 1224
4293 2 2 6 1 1222 3806 3802
4294 2 2 6 1 3806 3809 3802
4295 2 2 6 1 3806 1224 3809
4296 2 2 6 1 3802 3809 514
4297 2 2 6 1 577 3810 3803
4298 2 2 6 1 3810 3811 3803
4299 2 2 6 1 3810 1225 3811
4300 2 2 6 1 3803 3811 1223
4301 2 2 6 1 1225 3812 3811
4302 2 2 6 1 3812 3813 3811
4303 2 2 6 1 3812 1216 3813
4304 2 2 6 1 3811 3813 1223
4305 2 2 6 1 1225 3814 3812
4306 2 2 6 1 3814 3772 3812
4307 2 2 6 1 3814 366 3772
4308 2 2 6 1 3812 3772 1216
4309 2 2 6 1 1223 3813 3807
4310 2 2 6 1 3813 3778 3807
4311 2 2 6 1 3813 1216 3778
4312 2 2 6 1 3807 3778 576
4313 2 2 6 1 514 3809 2982
4314 2 2 6 1 3809 3815 2982
4315 2 2 6 1 3809 1224 3815
4316 2 2 6 1 2982 3815 1003
4317 2 2 6 1 1224 3816 3815
4318 2 2 6 1 3816 3817 3815
4319 2 2 6 1 3816 1220 3817
4320 2 2 6 1 3815 3817 1003
4321 2 2 6 1 1224 3808 3816
4322 2 2 6 1 3808 3792 3816
4323 2 2 6 1 3808 576 3792
4324 2 2 6 1 3816 3792 1220
4325 2 2 6 1 1003 3817 2986
4326 2 2 6 1 3817 3795 2986
4327 2 2 6 1 3817 1220 3795
4328 2 2 6 1 2986 3795 412
4329 2 2 6 1 147 92 3819
4330 2 2 6 1 92 3818 3819
4331 2 2 6 1 92 152 3818
4332 2 2 6 1 3819 3818 1227
4333 2 2 6 1 152 3820 3818
4334 2 2 6 1 3820 3821 3818
4335 2 2 6 1 3820 1226 3821
4336 2 2 6 1 3818 3821 1227
4337 2 2 6 1 152 121 3820
4338 2 2 6 1 121 3822 3820
4339 2 2 6 1 121 157 3822
4340 2 2 6 1 3820 3822 1226
4341 2 2 6 1 1227 3821 3824
4342 2 2 6 1 3821 3823 3824
4343 2 2 6 1 3821 1226 3823
4344 2 2 6 1 3824 3823 579
4345 2 2 6 1 157 3825 3822
4346 2 2 6 1 3825 3826 3822
4347 2 2 6 1 3825 1228 3826
4348 2 2 6 1 3822 3826 1226
4349 2 2 6 1 1228 3827 3826
4350 2 2 6 1 3827 3828 3826
4351 2 2 6 1 3827 1229 3828
4352 2 2 6 1 3826 3828 1226
4353 2 2 6 1 1228 3829 3827
4354 2 2 6 1 3829 3830 3827
4355 2 2 6 1 3829 578 3830
4356 2 2 6 1 3827 3830 1229
4357 2 2 6 1 1226 3828 3823
4358 2 2 6 1 3828 3831 3823
4359 2 2 6 1 3828 1229 3831
4360 2 2 6 1 3823 3831 579
4361 2 2 6 1 157 120 3825
4362 2 2 6 1 120 3832 3825
4363 2 2 6 1 120 131 3832
4364 2 2 6 1 3825 3832 1228
4365 2 2 6 1 131 3833 3832
4366 2 2 6 1 3833 3834 3832
4367 2 2 6 1 3833 1230 3834
4368 2 2 6 1 3832 3834 1228
4369 2 2 6 1 131 119 3833
4370 2 2 6 1 119 3835 3833
4371 2 2 6 1 119 148 3835
4372 2 2 6 1 3833 3835 1230
4373 2 2 6 1 1228 3834 3829
4374 2 2 6 1 3834 3836 3829
4375 2 2 6 1 3834 1230 3836
4376 2 2 6 1 3829 3836 578
4377 2 2 6 1 579 3831 3838
4378 2 2 6 1 3831 3837 3838
4379 2 2 6 1 3831 1229 3837
4380 2 2 6 1 3838 3837 1232
4381 2 2 6 1 1229 3839 3837
4382 2 2 6 1 3839 3840 3837
4383 2 2 6 1 3839 1231 3840
4384 2 2 6 1 3837 3840 1232
4385 2 2 6 1 1229 3830 3839
4386 2 2 6 1 3830 3841 3839
4387 2 2 6 1 3830 578 3841
4388 2 2 6 1 3839 3841 1231
4389 2 2 6 1 1232 3840 3843
4390 2 2 6 1 3840 3842 3843
4391 2 2 6 1 3840 1231 3842
4392 2 2 6 1 3843 3842 415
4393 2 2 6 1 375 3844 3846
4394 2 2 6 1 3844 3845 3846
4395 2 2 6 1 3844 1233 3845
4396 2 2 6 1 3846 3845 1235
4397 2 2 6 1 1233 3847 3845
4398 2 2 6 1 3847 3848 3845
4399 2 2 6 1 3847 1234 3848
4400 2 2 6 1 3845 3848 1235
4401 2 2 6 1 1233 3849 3847
4402 2 2 6 1 3849 3850 3847
4403 2 2 6 1 3849 580 3850
4404 2 2 6 1 3847 3850 1234
4405 2 2 6 1 1235 3848 3852
4406 2 2 6 1 3848 3851 3852
4407 2 2 6 1 3848 1234 3851
4408 2 2 6 1 3852 3851 581
4409 2 2 6 1 580 3853 3850
4410 2 2 6 1 3853 3854 3850
4411 2 2 6 1 3853 1236 3854
4412 2 2 6 1 3850 3854 1234
4413 2 2 6 1 1236 3855 3854
4414 2 2 6 1 3855 3856 3854
4415 2 2 6 1 3855 1237 3856
4416 2 2 6 1 3854 3856 1234
4417 2 2 6 1 1236 3857 3855
4418 2 2 6 1 3857 3858 3855
4419 2 2 6 1 3857 579 3858
4420 2 2 6 1 3855 3858 1237
4421 2 2 6 1 1234 3856 3851
4422 2 2 6 1 3856 3859 3851
4423 2 2 6 1 3856 1237 3859
4424 2 2 6 1 3851 3859 581
4425 2 2 6 1 580 3860 3853
4426 2 2 6 1 3860 3861 3853
4427 2 2 6 1 3860 1238 3861
4428 2 2 6 1 3853 3861 1236
4429 2 2 6 1 1238 3862 3861
4430 2 2 6 1 3862 3863 3861
4431 2 2 6 1 3862 1227 3863
4432 2 2 6 1 3861 3863 1236
4433 2 2 6 1 1238 3864 3862
4434 2 2 6 1 3864 3819 3862
4435 2 2 6 1 3864 147 3819
4436 2 2 6 1 3862 3819 1227
4437 2 2 6 1 1236 3863 3857
4438 2 2 6 1 3863 3824 3857
4439 2 2 6 1 3863 1227 3824
4440 2 2 6 1 3857 3824 579
4441 2 2 6 1 581 3859 3866
4442 2 2 6 1 3859 3865 3866
4443 2 2 6 1 3859 1237 3865
4444 2 2 6 1 3866 3865 1239
4445 2 2 6 1 1237 3867 3865
4446 2 2 6 1 3867 3868 3865
4447 2 2 6 1 3867 1232 3868
4448 2 2 6 1 3865 3868 1239
4449 2 2 6 1 1237 3858 3867
4450 2 2 6 1 3858 3838 3867
4451 2 2 6 1 3858 579 3838
4452 2 2 6 1 3867 3838 1232
4453 2 2 6 1 1239 3868 3869
4454 2 2 6 1 3868 3843 3869
4455 2 2 6 1 3868 1232 3843
4456 2 2 6 1 3869 3843 415
4457 2 2 6 1 367 3870 3744
4458 2 2 6 1 3870 3871 3744
4459 2 2 6 1 3870 1240 3871
4460 2 2 6 1 3744 3871 1207
4461 2 2 6 1 1240 3872 3871
4462 2 2 6 1 3872 3873 3871
4463 2 2 6 1 3872 1241 3873
4464 2 2 6 1 3871 3873 1207
4465 2 2 6 1 1240 3874 3872
4466 2 2 6 1 3874 3875 3872
4467 2 2 6 1 3874 582 3875
4468 2 2 6 1 3872 3875 1241
4469 2 2 6 1 1207 3873 3749
4470 2 2 6 1 3873 3876 3749
4471 2 2 6 1 3873 1241 3876
4472 2 2 6 1 3749 3876 573
4473 2 2 6 1 582 3877 3875
4474 2 2 6 1 3877 3878 3875
4475 2 2 6 1 3877 1242 3878
4476 2 2 6 1 3875 3878 1241
4477 2 2 6 1 1242 3879 3878
4478 2 2 6 1 3879 3880 3878
4479 2 2 6 1 3879 1243 3880
4480 2 2 6 1 3878 3880 1241
4481 2 2 6 1 1242 3881 3879
4482 2 2 6 1 3881 3882 3879
4483 2 2 6 1 3881 583 3882
4484 2 2 6 1 3879 3882 1243
4485 2 2 6 1 1241 3880 3876
4486 2 2 6 1 3880 3883 3876
4487 2 2 6 1 3880 1243 3883
4488 2 2 6 1 3876 3883 573
4489 2 2 6 1 582 3884 3877
4490 2 2 6 1 3884 3885 3877
4491 2 2 6 1 3884 1244 3885
4492 2 2 6 1 3877 3885 1242
4493 2 2 6 1 1244 3886 3885
4494 2 2 6 1 3886 3887 3885
4495 2 2 6 1 3886 1245 3887
4496 2 2 6 1 3885 3887 1242
4497 2 2 6 1 1244 3888 3886
4498 2 2 6 1 3888 3889 3886
4499 2 2 6 1 3888 386 3889
4500 2 2 6 1 3886 3889 1245
4501 2 2 6 1 1242 3887 3881
4502 2 2 6 1 3887 3890 3881
4503 2 2 6 1 3887 1245 3890
4504 2 2 6 1 3881 3890 583
4505 2 2 6 1 573 3883 3760
4506 2 2 6 1 3883 3891 3760
4507 2 2 6 1 3883 1243 3891
4508 2 2 6 1 3760 3891 1212
4509 2 2 6 1 1243 3892 3891
4510 2 2 6 1 3892 3893 3891
4511 2 2 6 1 3892 1246 3893
4512 2 2 6 1 3891 3893 1212
4513 2 2 6 1 1243 3882 3892
4514 2 2 6 1 3882 3894 3892
4515 2 2 6 1 3882 583 3894
4516 2 2 6 1 3892 3894 1246
4517 2 2 6 1 1212 3893 3764
4518 2 2 6 1 3893 3895 3764
4519 2 2 6 1 3893 1246 3895
4520 2 2 6 1 3764 3895 387
4521 2 2 6 1 400 3896 3898
4522 2 2 6 1 3896 3897 3898
4523 2 2 6 1 3896 1247 3897
4524 2 2 6 1 3898 3897 1249
4525 2 2 6 1 1247 3899 3897
4526 2 2 6 1 3899 3900 3897
4527 2 2 6 1 3899 1248 3900
4528 2 2 6 1 3897 3900 1249
4529 2 2 6 1 1247 3901 3899
4530 2 2 6 1 3901 3902 3899
4531 2 2 6 1 3901 584 3902
4532 2 2 6 1 3899 3902 1248
4533 2 2 6 1 1249 3900 3904
4534 2 2 6 1 3900 3903 3904
4535 2 2 6 1 3900 1248 3903
4536 2 2 6 1 3904 3903 586
4537 2 2 6 1 584 3905 3902
4538 2 2 6 1 3905 3906 3902
4539 2 2 6 1 3905 1250 3906
4540 2 2 6 1 3902 3906 1248
4541 2 2 6 1 1250 3907 3906
4542 2 2 6 1 3907 3908 3906
4543 2 2 6 1 3907 1251 3908
4544 2 2 6 1 3906 3908 1248
4545 2 2 6 1 1250 3909 3907
4546 2 2 6 1 3909 3910 3907
4547 2 2 6 1 3909 585 3910
4548 2 2 6 1 3907 3910 1251
4549 2 2 6 1 1248 3908 3903
4550 2 2 6 1 3908 3911 3903
4551 2 2 6 1 3908 1251 3911
4552 2 2 6 1 3903 3911 586
4553 2 2 6 1 584 3912 3905
4554 2 2 6 1 3912 3913 3905
4555 2 2 6 1 3912 1252 3913
4556 2 2 6 1 3905 3913 1250
4557 2 2 6 1 1252 3914 3913
4558 2 2 6 1 3914 3915 3913
4559 2 2 6 1 3914 1253 3915
4560 2 2 6 1 3913 3915 1250
4561 2 2 6 1 1252 3916 3914
4562 2 2 6 1 3916 3917 3914
4563 2 2 6 1 3916 396 3917
4564 2 2 6 1 3914 3917 1253
4565 2 2 6 1 1250 3915 3909
4566 2 2 6 1 3915 3918 3909
4567 2 2 6 1 3915 1253 3918
4568 2 2 6 1 3909 3918 585
4569 2 2 6 1 586 3911 3920
4570 2 2 6 1 3911 3919 3920
4571 2 2 6 1 3911 1251 3919
4572 2 2 6 1 3920 3919 1255
4573 2 2 6 1 1251 3921 3919
4574 2 2 6 1 3921 3922 3919
4575 2 2 6 1 3921 1254 3922
4576 2 2 6 1 3919 3922 1255
4577 2 2 6 1 1251 3910 3921
4578 2 2 6 1 3910 3923 3921
4579 2 2 6 1 3910 585 3923
4580 2 2 6 1 3921 3923 1254
4581 2 2 6 1 1255 3922 3925
4582 2 2 6 1 3922 3924 3925
4583 2 2 6 1 3922 1254 3924
4584 2 2 6 1 3925 3924 407
4585 2 2 6 1 228 3926 3928
4586 2 2 6 1 3926 3927 3928
4587 2 2 6 1 3926 1256 3927
4588 2 2 6 1 3928 3927 1258
4589 2 2 6 1 1256 3929 3927
4590 2 2 6 1 3929 3930 3927
4591 2 2 6 1 3929 1257 3930
4592 2 2 6 1 3927 3930 1258
4593 2 2 6 1 1256 3931 3929
4594 2 2 6 1 3931 3932 3929
4595 2 2 6 1 3931 587 3932
4596 2 2 6 1 3929 3932 1257
4597 2 2 6 1 1258 3930 3934
4598 2 2 6 1 3930 3933 3934
4599 2 2 6 1 3930 1257 3933
4600 2 2 6 1 3934 3933 589
4601 2 2 6 1 587 3935 3932
4602 2 2 6 1 3935 3936 3932
4603 2 2 6 1 3935 1259 3936
4604 2 2 6 1 3932 3936 1257
4605 2 2 6 1 1259 3937 3936
4606 2 2 6 1 3937 3938 3936
4607 2 2 6 1 3937 1260 3938
4608 2 2 6 1 3936 3938 1257
4609 2 2 6 1 1259 3939 3937
4610 2 2 6 1 3939 3940 3937
4611 2 2 6 1 3939 588 3940
4612 2 2 6 1 3937 3940 1260
4613 2 2 6 1 1257 3938 3933
4614 2 2 6 1 3938 3941 3933
4615 2 2 6 1 3938 1260 3941
4616 2 2 6 1 3933 3941 589
4617 2 2 6 1 587 3942 3935
4618 2 2 6 1 3942 3943 3935
4619 2 2 6 1 3942 1261 3943
4620 2 2 6 1 3935 3943 1259
4621 2 2 6 1 1261 3944 3943
4622 2 2 6 1 3944 3945 3943
4623 2 2 6 1 3944 1262 3945
4624 2 2 6 1 3943 3945 1259
4625 2 2 6 1 1261 3946 3944
4626 2 2 6 1 3946 3947 3944
4627 2 2 6 1 3946 367 3947
4628 2 2 6 1 3944 3947 1262
4629 2 2 6 1 1259 3945 3939
4630 2 2 6 1 3945 3948 3939
4631 2 2 6 1 3945 1262 3948
4632 2 2 6 1 3939 3948 588
4633 2 2 6 1 589 3941 3950
4634 2 2 6 1 3941 3949 3950
4635 2 2 6 1 3941 1260 3949
4636 2 2 6 1 3950 3949 1264
4637 2 2 6 1 1260 3951 3949
4638 2 2 6 1 3951 3952 3949
4639 2 2 6 1 3951 1263 3952
4640 2 2 6 1 3949 3952 1264
4641 2 2 6 1 1260 3940 3951
4642 2 2 6 1 3940 3953 3951
4643 2 2 6 1 3940 588 3953
4644 2 2 6 1 3951 3953 1263
4645 2 2 6 1 1264 3952 3955
4646 2 2 6 1 3952 3954 3955
4647 2 2 6 1 3952 1263 3954
4648 2 2 6 1 3955 3954 376
4649 2 2 6 1 396 3956 3917
4650 2 2 6 1 3956 3957 3917
4651 2 2 6 1 3956 1265 3957
4652 2 2 6 1 3917 3957 1253
4653 2 2 6 1 1265 3958 3957
4654 2 2 6 1 3958 3959 3957
4655 2 2 6 1 3958 1266 3959
4656 2 2 6 1 3957 3959 1253
4657 2 2 6 1 1265 3960 3958
4658 2 2 6 1 3960 3961 3958
4659 2 2 6 1 3960 590 3961
4660 2 2 6 1 3958 3961 1266
4661 2 2 6 1 1253 3959 3918
4662 2 2 6 1 3959 3962 3918
4663 2 2 6 1 3959 1266 3962
4664 2 2 6 1 3918 3962 585
4665 2 2 6 1 590 3963 3961
4666 2 2 6 1 3963 3964 3961
4667 2 2 6 1 3963 1267 3964
4668 2 2 6 1 3961 3964 1266
4669 2 2 6 1 1267 3965 3964
4670 2 2 6 1 3965 3966 3964
4671 2 2 6 1 3965 1268 3966
4672 2 2 6 1 3964 3966 1266
4673 2 2 6 1 1267 3967 3965
4674 2 2 6 1 3967 3968 3965
4675 2 2 6 1 3967 591 3968
4676 2 2 6 1 3965 3968 1268
4677 2 2 6 1 1266 3966 3962
4678 2 2 6 1 3966 3969 3962
4679 2 2 6 1 3966 1268 3969
4680 2 2 6 1 3962 3969 585
4681 2 2 6 1 590 3970 3963
4682 2 2 6 1 3970 3971 3963
4683 2 2 6 1 3970 1269 3971
4684 2 2 6 1 3963 3971 1267
4685 2 2 6 1 1269 3972 3971
4686 2 2 6 1 3972 3973 3971
4687 2 2 6 1 3972 1270 3973
4688 2 2 6 1 3971 3973 1267
4689 2 2 6 1 1269 3974 3972
4690 2 2 6 1 3974 3975 3972
4691 2 2 6 1 3974 395 3975
4692 2 2 6 1 3972 3975 1270
4693 2 2 6 1 1267 3973 3967
4694 2 2 6 1 3973 3976 3967
4695 2 2 6 1 3973 1270 3976
4696 2 2 6 1 3967 3976 591
4697 2 2 6 1 585 3969 3923
4698 2 2 6 1 3969 3977 3923
4699 2 2 6 1 3969 1268 3977
4700 2 2 6 1 3923 3977 1254
4701 2 2 6 1 1268 3978 3977
4702 2 2 6 1 3978 3979 3977
4703 2 2 6 1 3978 1271 3979
4704 2 2 6 1 3977 3979 1254
4705 2 2 6 1 1268 3968 3978
4706 2 2 6 1 3968 3980 3978
4707 2 2 6 1 3968 591 3980
4708 2 2 6 1 3978 3980 1271
4709 2 2 6 1 1254 3979 3924
4710 2 2 6 1 3979 3981 3924
4711 2 2 6 1 3979 1271 3981
4712 2 2 6 1 3924 3981 407
4713 2 2 6 1 387 3895 3983
4714 2 2 6 1 3895 3982 3983
4715 2 2 6 1 3895 1246 3982
4716 2 2 6 1 3983 3982 1273
4717 2 2 6 1 1246 3984 3982
4718 2 2 6 1 3984 3985 3982
4719 2 2 6 1 3984 1272 3985
4720 2 2 6 1 3982 3985 1273
4721 2 2 6 1 1246 3894 3984
4722 2 2 6 1 3894 3986 3984
4723 2 2 6 1 3894 583 3986
4724 2 2 6 1 3984 3986 1272
4725 2 2 6 1 1273 3985 3988
4726 2 2 6 1 3985 3987 3988
4727 2 2 6 1 3985 1272 3987
4728 2 2 6 1 3988 3987 593
4729 2 2 6 1 583 3989 3986
4730 2 2 6 1 3989 3990 3986
4731 2 2 6 1 3989 1274 3990
4732 2 2 6 1 3986 3990 1272
4733 2 2 6 1 1274 3991 3990
4734 2 2 6 1 3991 3992 3990
4735 2 2 6 1 3991 1275 3992
4736 2 2 6 1 3990 3992 1272
4737 2 2 6 1 1274 3993 3991
4738 2 2 6 1 3993 3994 3991
4739 2 2 6 1 3993 592 3994
4740 2 2 6 1 3991 3994 1275
4741 2 2 6 1 1272 3992 3987
4742 2 2 6 1 3992 3995 3987
4743 2 2 6 1 3992 1275 3995
4744 2 2 6 1 3987 3995 593
4745 2 2 6 1 583 3890 3989
4746 2 2 6 1 3890 3996 3989
4747 2 2 6 1 3890 1245 3996
4748 2 2 6 1 3989 3996 1274
4749 2 2 6 1 1245 3997 3996
4750 2 2 6 1 3997 3998 3996
4751 2 2 6 1 3997 1276 3998
4752 2 2 6 1 3996 3998 1274
4753 2 2 6 1 1245 3889 3997
4754 2 2 6 1 3889 3999 3997
4755 2 2 6 1 3889 386 3999
4756 2 2 6 1 3997 3999 1276
4757 2 2 6 1 1274 3998 3993
4758 2 2 6 1 3998 4000 3993
4759 2 2 6 1 3998 1276 4000
4760 2 2 6 1 3993 4000 592
4761 2 2 6 1 593 3995 4002
4762 2 2 6 1 3995 4001 4002
4763 2 2 6 1 3995 1275 4001
4764 2 2 6 1 4002 4001 1278
4765 2 2 6 1 1275 4003 4001
4766 2 2 6 1 4003 4004 4001
4767 2 2 6 1 4003 1277 4004
4768 2 2 6 1 4001 4004 1278
4769 2 2 6 1 1275 3994 4003
4770 2 2 6 1 3994 4005 4003
4771 2 2 6 1 3994 592 4005
4772 2 2 6 1 4003 4005 1277
4773 2 2 6 1 1278 4004 4007
4774 2 2 6 1 4004 4006 4007
4775 2 2 6 1 4004 1277 4006
4776 2 2 6 1 4007 4006 388
4777 2 2 6 1 386 4008 3999
4778 2 2 6 1 4008 4009 3999
4779 2 2 6 1 4008 1279 4009
4780 2 2 6 1 3999 4009 1276
4781 2 2 6 1 1279 4010 4009
4782 2 2 6 1 4010 4011 4009
4783 2 2 6 1 4010 1280 4011
4784 2 2 6 1 4009 4011 1276
4785 2 2 6 1 1279 4012 4010
4786 2 2 6 1 4012 4013 4010
4787 2 2 6 1 4012 594 4013
4788 2 2 6 1 4010 4013 1280
4789 2 2 6 1 1276 4011 4000
4790 2 2 6 1 4011 4014 4000
4791 2 2 6 1 4011 1280 4014
4792 2 2 6 1 4000 4014 592
4793 2 2 6 1 594 4015 4013
4794 2 2 6 1 4015 4016 4013
4795 2 2 6 1 4015 1281 4016
4796 2 2 6 1 4013 4016 1280
4797 2 2 6 1 1281 4017 4016
4798 2 2 6 1 4017 4018 4016
4799 2 2 6 1 4017 1282 4018
4800 2 2 6 1 4016 4018 1280
4801 2 2 6 1 1281 4019 4017
4802 2 2 6 1 4019 4020 4017
4803 2 2 6 1 4019 512 4020
4804 2 2 6 1 4017 4020 1282
4805 2 2 6 1 1280 4018 4014
4806 2 2 6 1 4018 4021 4014
4807 2 2 6 1 4018 1282 4021
4808 2 2 6 1 4014 4021 592
4809 2 2 6 1 594 4022 4015
4810 2 2 6 1 4022 4023 4015
4811 2 2 6 1 4022 1283 4023
4812 2 2 6 1 4015 4023 1281
4813 2 2 6 1 1283 4024 4023
4814 2 2 6 1 4024 4025 4023
4815 2 2 6 1 4024 996 4025
4816 2 2 6 1 4023 4025 1281
4817 2 2 6 1 1283 4026 4024
4818 2 2 6 1 4026 2960 4024
4819 2 2 6 1 4026 373 2960
4820 2 2 6 1 4024 2960 996
4821 2 2 6 1 1281 4025 4019
4822 2 2 6 1 4025 2956 4019
4823 2 2 6 1 4025 996 2956
4824 2 2 6 1 4019 2956 512
4825 2 2 6 1 592 4021 4005
4826 2 2 6 1 4021 4027 4005
4827 2 2 6 1 4021 1282 4027
4828 2 2 6 1 4005 4027 1277
4829 2 2 6 1 1282 4028 4027
4830 2 2 6 1 4028 4029 4027
4831 2 2 6 1 4028 992 4029
4832 2 2 6 1 4027 4029 1277
4833 2 2 6 1 1282 4020 4028
4834 2 2 6 1 4020 2946 4028
4835 2 2 6 1 4020 512 2946
4836 2 2 6 1 4028 2946 992
4837 2 2 6 1 1277 4029 4006
4838 2 2 6 1 4029 2942 4006
4839 2 2 6 1 4029 992 2942
4840 2 2 6 1 4006 2942 388
4841 2 2 6 1 407 4030 4032
4842 2 2 6 1 4030 4031 4032
4843 2 2 6 1 4030 1284 4031
4844 2 2 6 1 4032 4031 1286
4845 2 2 6 1 1284 4033 4031
4846 2 2 6 1 4033 4034 4031
4847 2 2 6 1 4033 1285 4034
4848 2 2 6 1 4031 4034 1286
4849 2 2 6 1 1284 4035 4033
4850 2 2 6 1 4035 4036 4033
4851 2 2 6 1 4035 595 4036
4852 2 2 6 1 4033 4036 1285
4853 2 2 6 1 1286 4034 4038
4854 2 2 6 1 4034 4037 4038
4855 2 2 6 1 4034 1285 4037
4856 2 2 6 1 4038 4037 596
4857 2 2 6 1 595 4039 4036
4858 2 2 6 1 4039 4040 4036
4859 2 2 6 1 4039 1287 4040
4860 2 2 6 1 4036 4040 1285
4861 2 2 6 1 1287 4041 4040
4862 2 2 6 1 4041 4042 4040
4863 2 2 6 1 4041 1288 4042
4864 2 2 6 1 4040 4042 1285
4865 2 2 6 1 1287 4043 4041
4866 2 2 6 1 4043 4044 4041
4867 2 2 6 1 4043 577 4044
4868 2 2 6 1 4041 4044 1288
4869 2 2 6 1 1285 4042 4037
4870 2 2 6 1 4042 4045 4037
4871 2 2 6 1 4042 1288 4045
4872 2 2 6 1 4037 4045 596
4873 2 2 6 1 595 4046 4039
4874 2 2 6 1 4046 4047 4039
4875 2 2 6 1 4046 1289 4047
4876 2 2 6 1 4039 4047 1287
4877 2 2 6 1 1289 4048 4047
4878 2 2 6 1 4048 4049 4047
4879 2 2 6 1 4048 1225 4049
4880 2 2 6 1 4047 4049 1287
4881 2 2 6 1 1289 4050 4048
4882 2 2 6 1 4050 3814 4048
4883 2 2 6 1 4050 366 3814
4884 2 2 6 1 4048 3814 1225
4885 2 2 6 1 1287 4049 4043
4886 2 2 6 1 4049 3810 4043
4887 2 2 6 1 4049 1225 3810
4888 2 2 6 1 4043 3810 577
4889 2 2 6 1 596 4045 4052
4890 2 2 6 1 4045 4051 4052
4891 2 2 6 1 4045 1288 4051
4892 2 2 6 1 4052 4051 1290
4893 2 2 6 1 1288 4053 4051
4894 2 2 6 1 4053 4054 4051
4895 2 2 6 1 4053 1221 4054
4896 2 2 6 1 4051 4054 1290
4897 2 2 6 1 1288 4044 4053
4898 2 2 6 1 4044 3800 4053
4899 2 2 6 1 4044 577 3800
4900 2 2 6 1 4053 3800 1221
4901 2 2 6 1 1290 4054 4055
4902 2 2 6 1 4054 3796 4055
4903 2 2 6 1 4054 1221 3796
4904 2 2 6 1 4055 3796 411
4905 2 2 6 1 149 4056 4058
4906 2 2 6 1 4056 4057 4058
4907 2 2 6 1 4056 1291 4057
4908 2 2 6 1 4058 4057 1293
4909 2 2 6 1 1291 4059 4057
4910 2 2 6 1 4059 4060 4057
4911 2 2 6 1 4059 1292 4060
4912 2 2 6 1 4057 4060 1293
4913 2 2 6 1 1291 4061 4059
4914 2 2 6 1 4061 4062 4059
4915 2 2 6 1 4061 597 4062
4916 2 2 6 1 4059 4062 1292
4917 2 2 6 1 1293 4060 4064
4918 2 2 6 1 4060 4063 4064
4919 2 2 6 1 4060 1292 4063
4920 2 2 6 1 4064 4063 598
4921 2 2 6 1 597 4065 4062
4922 2 2 6 1 4065 4066 4062
4923 2 2 6 1 4065 1294 4066
4924 2 2 6 1 4062 4066 1292
4925 2 2 6 1 1294 4067 4066
4926 2 2 6 1 4067 4068 4066
4927 2 2 6 1 4067 1295 4068
4928 2 2 6 1 4066 4068 1292
4929 2 2 6 1 1294 4069 4067
4930 2 2 6 1 4069 4070 4067
4931 2 2 6 1 4069 546 4070
4932 2 2 6 1 4067 4070 1295
4933 2 2 6 1 1292 4068 4063
4934 2 2 6 1 4068 4071 4063
4935 2 2 6 1 4068 1295 4071
4936 2 2 6 1 4063 4071 598
4937 2 2 6 1 597 4072 4065
4938 2 2 6 1 4072 4073 4065
4939 2 2 6 1 4072 1296 4073
4940 2 2 6 1 4065 4073 1294
4941 2 2 6 1 1296 4074 4073
4942 2 2 6 1 4074 4075 4073
4943 2 2 6 1 4074 1112 4075
4944 2 2 6 1 4073 4075 1294
4945 2 2 6 1 1296 4076 4074
4946 2 2 6 1 4076 3384 4074
4947 2 2 6 1 4076 370 3384
4948 2 2 6 1 4074 3384 1112
4949 2 2 6 1 1294 4075 4069
4950 2 2 6 1 4075 3380 4069
4951 2 2 6 1 4075 1112 3380
4952 2 2 6 1 4069 3380 546
4953 2 2 6 1 598 4071 4078
4954 2 2 6 1 4071 4077 4078
4955 2 2 6 1 4071 1295 4077
4956 2 2 6 1 4078 4077 1297
4957 2 2 6 1 1295 4079 4077
4958 2 2 6 1 4079 4080 4077
4959 2 2 6 1 4079 1108 4080
4960 2 2 6 1 4077 4080 1297
4961 2 2 6 1 1295 4070 4079
4962 2 2 6 1 4070 3370 4079
4963 2 2 6 1 4070 546 3370
4964 2 2 6 1 4079 3370 1108
4965 2 2 6 1 1297 4080 4081
4966 2 2 6 1 4080 3366 4081
4967 2 2 6 1 4080 1108 3366
4968 2 2 6 1 4081 3366 413
4969 2 2 6 1 66 12 4083
4970 2 2 6 1 12 4082 4083
4971 2 2 6 1 12 72 4082
4972 2 2 6 1 4083 4082 1299
4973 2 2 6 1 72 4084 4082
4974 2 2 6 1 4084 4085 4082
4975 2 2 6 1 4084 1298 4085
4976 2 2 6 1 4082 4085 1299
4977 2 2 6 1 72 41 4084
4978 2 2 6 1 41 4086 4084
4979 2 2 6 1 41 76 4086
4980 2 2 6 1 4084 4086 1298
4981 2 2 6 1 1299 4085 4088
4982 2 2 6 1 4085 4087 4088
4983 2 2 6 1 4085 1298 4087
4984 2 2 6 1 4088 4087 600
4985 2 2 6 1 76 4089 4086
4986 2 2 6 1 4089 4090 4086
4987 2 2 6 1 4089 1300 4090
4988 2 2 6 1 4086 4090 1298
4989 2 2 6 1 1300 4091 4090
4990 2 2 6 1 4091 4092 4090
4991 2 2 6 1 4091 1301 4092
4992 2 2 6 1 4090 4092 1298
4993 2 2 6 1 1300 4093 4091
4994 2 2 6 1 4093 4094 4091
4995 2 2 6 1 4093 599 4094
4996 2 2 6 1 4091 4094 1301
4997 2 2 6 1 1298 4092 4087
4998 2 2 6 1 4092 4095 4087
4999 2 2 6 1 4092 1301 4095
5000 2 2 6 1 4087 4095 600
5001 2 2 6 1 76 40 4089
5002 2 2 6 1 40 4096 4089
5003 2 2 6 1 40 50 4096
5004 2 2 6 1 4089 4096 1300
5005 2 2 6 1 50 4097 4096
5006 2 2 6 1 4097 4098 4096
5007 2 2 6 1 4097 1302 4098
5008 2 2 6 1 4096 4098 1300
5009 2 2 6 1 50 39 4097
5010 2 2 6 1 39 4099 4097
5011 2 2 6 1 39 67 4099
5012 2 2 6 1 4097 4099 1302
5013 2 2 6 1 1300 4098 4093
5014 2 2 6 1 4098 4100 4093
5015 2 2 6 1 4098 1302 4100
5016 2 2 6 1 4093 4100 599
5017 2 2 6 1 600 4095 4102
5018 2 2 6 1 4095 4101 4102
5019 2 2 6 1 4095 1301 4101
5020 2 2 6 1 4102 4101 1304
5021 2 2 6 1 1301 4103 4101
5022 2 2 6 1 4103 4104 4101
5023 2 2 6 1 4103 1303 4104
5024 2 2 6 1 4101 4104 1304
5025 2 2 6 1 1301 4094 4103
5026 2 2 6 1 4094 4105 4103
5027 2 2 6 1 4094 599 4105
5028 2 2 6 1 4103 4105 1303
5029 2 2 6 1 1304 4104 4107
5030 2 2 6 1 4104 4106 4107
5031 2 2 6 1 4104 1303 4106
5032 2 2 6 1 4107 4106 365
5033 2 2 6 1 365 4108 4110
5034 2 2 6 1 4108 4109 4110
5035 2 2 6 1 4108 1305 4109
5036 2 2 6 1 4110 4109 1307
5037 2 2 6 1 1305 4111 4109
5038 2 2 6 1 4111 4112 4109
5039 2 2 6 1 4111 1306 4112
5040 2 2 6 1 4109 4112 1307
5041 2 2 6 1 1305 4113 4111
5042 2 2 6 1 4113 4114 4111
5043 2 2 6 1 4113 601 4114
5044 2 2 6 1 4111 4114 1306
5045 2 2 6 1 1307 4112 4116
5046 2 2 6 1 4112 4115 4116
5047 2 2 6 1 4112 1306 4115
5048 2 2 6 1 4116 4115 602
5049 2 2 6 1 601 4117 4114
5050 2 2 6 1 4117 4118 4114
5051 2 2 6 1 4117 1308 4118
5052 2 2 6 1 4114 4118 1306
5053 2 2 6 1 1308 4119 4118
5054 2 2 6 1 4119 4120 4118
5055 2 2 6 1 4119 1309 4120
5056 2 2 6 1 4118 4120 1306
5057 2 2 6 1 1308 4121 4119
5058 2 2 6 1 4121 4122 4119
5059 2 2 6 1 4121 590 4122
5060 2 2 6 1 4119 4122 1309
5061 2 2 6 1 1306 4120 4115
5062 2 2 6 1 4120 4123 4115
5063 2 2 6 1 4120 1309 4123
5064 2 2 6 1 4115 4123 602
5065 2 2 6 1 601 4124 4117
5066 2 2 6 1 4124 4125 4117
5067 2 2 6 1 4124 1310 4125
5068 2 2 6 1 4117 4125 1308
5069 2 2 6 1 1310 4126 4125
5070 2 2 6 1 4126 4127 4125
5071 2 2 6 1 4126 1269 4127
5072 2 2 6 1 4125 4127 1308
5073 2 2 6 1 1310 4128 4126
5074 2 2 6 1 4128 3974 4126
5075 2 2 6 1 4128 395 3974
5076 2 2 6 1 4126 3974 1269
5077 2 2 6 1 1308 4127 4121
5078 2 2 6 1 4127 3970 4121
5079 2 2 6 1 4127 1269 3970
5080 2 2 6 1 4121 3970 590
5081 2 2 6 1 602 4123 4130
5082 2 2 6 1 4123 4129 4130
5083 2 2 6 1 4123 1309 4129
5084 2 2 6 1 4130 4129 1311
5085 2 2 6 1 1309 4131 4129
5086 2 2 6 1 4131 4132 4129
5087 2 2 6 1 4131 1265 4132
5088 2 2 6 1 4129 4132 1311
5089 2 2 6 1 1309 4122 4131
5090 2 2 6 1 4122 3960 4131
5091 2 2 6 1 4122 590 3960
5092 2 2 6 1 4131 3960 1265
5093 2 2 6 1 1311 4132 4133
5094 2 2 6 1 4132 3956 4133
5095 2 2 6 1 4132 1265 3956
5096 2 2 6 1 4133 3956 396
5097 2 2 6 1 367 4134 3870
5098 2 2 6 1 4134 4135 3870
5099 2 2 6 1 4134 1312 4135
5100 2 2 6 1 3870 4135 1240
5101 2 2 6 1 1312 4136 4135
5102 2 2 6 1 4136 4137 4135
5103 2 2 6 1 4136 1313 4137
5104 2 2 6 1 4135 4137 1240
5105 2 2 6 1 1312 4138 4136
5106 2 2 6 1 4138 4139 4136
5107 2 2 6 1 4138 603 4139
5108 2 2 6 1 4136 4139 1313
5109 2 2 6 1 1240 4137 3874
5110 2 2 6 1 4137 4140 3874
5111 2 2 6 1 4137 1313 4140
5112 2 2 6 1 3874 4140 582
5113 2 2 6 1 603 4141 4139
5114 2 2 6 1 4141 4142 4139
5115 2 2 6 1 4141 1314 4142
5116 2 2 6 1 4139 4142 1313
5117 2 2 6 1 1314 4143 4142
5118 2 2 6 1 4143 4144 4142
5119 2 2 6 1 4143 1315 4144
5120 2 2 6 1 4142 4144 1313
5121 2 2 6 1 1314 4145 4143
5122 2 2 6 1 4145 4146 4143
5123 2 2 6 1 4145 604 4146
5124 2 2 6 1 4143 4146 1315
5125 2 2 6 1 1313 4144 4140
5126 2 2 6 1 4144 4147 4140
5127 2 2 6 1 4144 1315 4147
5128 2 2 6 1 4140 4147 582
5129 2 2 6 1 603 4148 4141
5130 2 2 6 1 4148 4149 4141
5131 2 2 6 1 4148 1316 4149
5132 2 2 6 1 4141 4149 1314
5133 2 2 6 1 1316 4150 4149
5134 2 2 6 1 4150 4151 4149
5135 2 2 6 1 4150 1317 4151
5136 2 2 6 1 4149 4151 1314
5137 2 2 6 1 1316 4152 4150
5138 2 2 6 1 4152 4153 4150
5139 2 2 6 1 4152 229 4153
5140 2 2 6 1 4150 4153 1317
5141 2 2 6 1 1314 4151 4145
5142 2 2 6 1 4151 4154 4145
5143 2 2 6 1 4151 1317 4154
5144 2 2 6 1 4145 4154 604
5145 2 2 6 1 582 4147 3884
5146 2 2 6 1 4147 4155 3884
5147 2 2 6 1 4147 1315 4155
5148 2 2 6 1 3884 4155 1244
5149 2 2 6 1 1315 4156 4155
5150 2 2 6 1 4156 4157 4155
5151 2 2 6 1 4156 1318 4157
5152 2 2 6 1 4155 4157 1244
5153 2 2 6 1 1315 4146 4156
5154 2 2 6 1 4146 4158 4156
5155 2 2 6 1 4146 604 4158
5156 2 2 6 1 4156 4158 1318
5157 2 2 6 1 1244 4157 3888
5158 2 2 6 1 4157 4159 3888
5159 2 2 6 1 4157 1318 4159
5160 2 2 6 1 3888 4159 386
5161 2 2 6 1 400 3898 4161
5162 2 2 6 1 3898 4160 4161
5163 2 2 6 1 3898 1249 4160
5164 2 2 6 1 4161 4160 1320
5165 2 2 6 1 1249 4162 4160
5166 2 2 6 1 4162 4163 4160
5167 2 2 6 1 4162 1319 4163
5168 2 2 6 1 4160 4163 1320
5169 2 2 6 1 1249 3904 4162
5170 2 2 6 1 3904 4164 4162
5171 2 2 6 1 3904 586 4164
5172 2 2 6 1 4162 4164 1319
5173 2 2 6 1 1320 4163 4166
5174 2 2 6 1 4163 4165 4166
5175 2 2 6 1 4163 1319 4165
5176 2 2 6 1 4166 4165 606
5177 2 2 6 1 586 4167 4164
5178 2 2 6 1 4167 4168 4164
5179 2 2 6 1 4167 1321 4168
5180 2 2 6 1 4164 4168 1319
5181 2 2 6 1 1321 4169 4168
5182 2 2 6 1 4169 4170 4168
5183 2 2 6 1 4169 1322 4170
5184 2 2 6 1 4168 4170 1319
5185 2 2 6 1 1321 4171 4169
5186 2 2 6 1 4171 4172 4169
5187 2 2 6 1 4171 605 4172
5188 2 2 6 1 4169 4172 1322
5189 2 2 6 1 1319 4170 4165
5190 2 2 6 1 4170 4173 4165
5191 2 2 6 1 4170 1322 4173
5192 2 2 6 1 4165 4173 606
5193 2 2 6 1 586 3920 4167
5194 2 2 6 1 3920 4174 4167
5195 2 2 6 1 3920 1255 4174
5196 2 2 6 1 4167 4174 1321
5197 2 2 6 1 1255 4175 4174
5198 2 2 6 1 4175 4176 4174
5199 2 2 6 1 4175 1323 4176
5200 2 2 6 1 4174 4176 1321
5201 2 2 6 1 1255 3925 4175
5202 2 2 6 1 3925 4177 4175
5203 2 2 6 1 3925 407 4177
5204 2 2 6 1 4175 4177 1323
5205 2 2 6 1 1321 4176 4171
5206 2 2 6 1 4176 4178 4171
5207 2 2 6 1 4176 1323 4178
5208 2 2 6 1 4171 4178 605
5209 2 2 6 1 606 4173 4180
5210 2 2 6 1 4173 4179 4180
5211 2 2 6 1 4173 1322 4179
5212 2 2 6 1 4180 4179 1325
5213 2 2 6 1 1322 4181 4179
5214 2 2 6 1 4181 4182 4179
5215 2 2 6 1 4181 1324 4182
5216 2 2 6 1 4179 4182 1325
5217 2 2 6 1 1322 4172 4181
5218 2 2 6 1 4172 4183 4181
5219 2 2 6 1 4172 605 4183
5220 2 2 6 1 4181 4183 1324
5221 2 2 6 1 1325 4182 4185
5222 2 2 6 1 4182 4184 4185
5223 2 2 6 1 4182 1324 4184
5224 2 2 6 1 4185 4184 408
5225 2 2 6 1 370 4186 2230
5226 2 2 6 1 4186 4187 2230
5227 2 2 6 1 4186 1326 4187
5228 2 2 6 1 2230 4187 804
5229 2 2 6 1 1326 4188 4187
5230 2 2 6 1 4188 4189 4187
5231 2 2 6 1 4188 1327 4189
5232 2 2 6 1 4187 4189 804
5233 2 2 6 1 1326 4190 4188
5234 2 2 6 1 4190 4191 4188
5235 2 2 6 1 4190 607 4191
5236 2 2 6 1 4188 4191 1327
5237 2 2 6 1 804 4189 2235
5238 2 2 6 1 4189 4192 2235
5239 2 2 6 1 4189 1327 4192
5240 2 2 6 1 2235 4192 460
5241 2 2 6 1 607 4193 4191
5242 2 2 6 1 4193 4194 4191
5243 2 2 6 1 4193 1328 4194
5244 2 2 6 1 4191 4194 1327
5245 2 2 6 1 1328 4195 4194
5246 2 2 6 1 4195 4196 4194
5247 2 2 6 1 4195 1329 4196
5248 2 2 6 1 4194 4196 1327
5249 2 2 6 1 1328 4197 4195
5250 2 2 6 1 4197 4198 4195
5251 2 2 6 1 4197 608 4198
5252 2 2 6 1 4195 4198 1329
5253 2 2 6 1 1327 4196 4192
5254 2 2 6 1 4196 4199 4192
5255 2 2 6 1 4196 1329 4199
5256 2 2 6 1 4192 4199 460
5257 2 2 6 1 607 4200 4193
5258 2 2 6 1 4200 4201 4193
5259 2 2 6 1 4200 1330 4201
5260 2 2 6 1 4193 4201 1328
5261 2 2 6 1 1330 4202 4201
5262 2 2 6 1 4202 4203 4201
5263 2 2 6 1 4202 1331 4203
5264 2 2 6 1 4201 4203 1328
5265 2 2 6 1 1330 4204 4202
5266 2 2 6 1 4204 4205 4202
5267 2 2 6 1 4204 150 4205
5268 2 2 6 1 4202 4205 1331
5269 2 2 6 1 1328 4203 4197
5270 2 2 6 1 4203 4206 4197
5271 2 2 6 1 4203 1331 4206
5272 2 2 6 1 4197 4206 608
5273 2 2 6 1 460 4199 2246
5274 2 2 6 1 4199 4207 2246
5275 2 2 6 1 4199 1329 4207
5276 2 2 6 1 2246 4207 809
5277 2 2 6 1 1329 4208 4207
5278 2 2 6 1 4208 4209 4207
5279 2 2 6 1 4208 1332 4209
5280 2 2 6 1 4207 4209 809
5281 2 2 6 1 1329 4198 4208
5282 2 2 6 1 4198 4210 4208
5283 2 2 6 1 4198 608 4210
5284 2 2 6 1 4208 4210 1332
5285 2 2 6 1 809 4209 2250
5286 2 2 6 1 4209 4211 2250
5287 2 2 6 1 4209 1332 4211
5288 2 2 6 1 2250 4211 414
5289 2 2 6 1 399 4212 4214
5290 2 2 6 1 4212 4213 4214
5291 2 2 6 1 4212 1333 4213
5292 2 2 6 1 4214 4213 1335
5293 2 2 6 1 1333 4215 4213
5294 2 2 6 1 4215 4216 4213
5295 2 2 6 1 4215 1334 4216
5296 2 2 6 1 4213 4216 1335
5297 2 2 6 1 1333 4217 4215
5298 2 2 6 1 4217 4218 4215
5299 2 2 6 1 4217 609 4218
5300 2 2 6 1 4215 4218 1334
5301 2 2 6 1 1335 4216 4220
5302 2 2 6 1 4216 4219 4220
5303 2 2 6 1 4216 1334 4219
5304 2 2 6 1 4220 4219 611
5305 2 2 6 1 609 4221 4218
5306 2 2 6 1 4221 4222 4218
5307 2 2 6 1 4221 1336 4222
5308 2 2 6 1 4218 4222 1334
5309 2 2 6 1 1336 4223 4222
5310 2 2 6 1 4223 4224 4222
5311 2 2 6 1 4223 1337 4224
5312 2 2 6 1 4222 4224 1334
5313 2 2 6 1 1336 4225 4223
5314 2 2 6 1 4225 4226 4223
5315 2 2 6 1 4225 610 4226
5316 2 2 6 1 4223 4226 1337
5317 2 2 6 1 1334 4224 4219
5318 2 2 6 1 4224 4227 4219
5319 2 2 6 1 4224 1337 4227
5320 2 2 6 1 4219 4227 611
5321 2 2 6 1 609 4228 4221
5322 2 2 6 1 4228 4229 4221
5323 2 2 6 1 4228 1338 4229
5324 2 2 6 1 4221 4229 1336
5325 2 2 6 1 1338 4230 4229
5326 2 2 6 1 4230 4231 4229
5327 2 2 6 1 4230 1339 4231
5328 2 2 6 1 4229 4231 1336
5329 2 2 6 1 1338 4232 4230
5330 2 2 6 1 4232 4233 4230
5331 2 2 6 1 4232 403 4233
5332 2 2 6 1 4230 4233 1339
5333 2 2 6 1 1336 4231 4225
5334 2 2 6 1 4231 4234 4225
5335 2 2 6 1 4231 1339 4234
5336 2 2 6 1 4225 4234 610
5337 2 2 6 1 611 4227 4236
5338 2 2 6 1 4227 4235 4236
5339 2 2 6 1 4227 1337 4235
5340 2 2 6 1 4236 4235 1341
5341 2 2 6 1 1337 4237 4235
5342 2 2 6 1 4237 4238 4235
5343 2 2 6 1 4237 1340 4238
5344 2 2 6 1 4235 4238 1341
5345 2 2 6 1 1337 4226 4237
5346 2 2 6 1 4226 4239 4237
5347 2 2 6 1 4226 610 4239
5348 2 2 6 1 4237 4239 1340
5349 2 2 6 1 1341 4238 4241
5350 2 2 6 1 4238 4240 4241
5351 2 2 6 1 4238 1340 4240
5352 2 2 6 1 4241 4240 419
5353 2 2 6 1 365 4106 4108
5354 2 2 6 1 4106 4242 4108
5355 2 2 6 1 4106 1303 4242
5356 2 2 6 1 4108 4242 1305
5357 2 2 6 1 1303 4243 4242
5358 2 2 6 1 4243 4244 4242
5359 2 2 6 1 4243 1342 4244
5360 2 2 6 1 4242 4244 1305
5361 2 2 6 1 1303 4105 4243
5362 2 2 6 1 4105 4245 4243
5363 2 2 6 1 4105 599 4245
5364 2 2 6 1 4243 4245 1342
5365 2 2 6 1 1305 4244 4113
5366 2 2 6 1 4244 4246 4113
5367 2 2 6 1 4244 1342 4246
5368 2 2 6 1 4113 4246 601
5369 2 2 6 1 599 4247 4245
5370 2 2 6 1 4247 4248 4245
5371 2 2 6 1 4247 1343 4248
5372 2 2 6 1 4245 4248 1342
5373 2 2 6 1 1343 4249 4248
5374 2 2 6 1 4249 4250 4248
5375 2 2 6 1 4249 1344 4250
5376 2 2 6 1 4248 4250 1342
5377 2 2 6 1 1343 4251 4249
5378 2 2 6 1 4251 4252 4249
5379 2 2 6 1 4251 612 4252
5380 2 2 6 1 4249 4252 1344
5381 2 2 6 1 1342 4250 4246
5382 2 2 6 1 4250 4253 4246
5383 2 2 6 1 4250 1344 4253
5384 2 2 6 1 4246 4253 601
5385 2 2 6 1 599 4100 4247
5386 2 2 6 1 4100 4254 4247
5387 2 2 6 1 4100 1302 4254
5388 2 2 6 1 4247 4254 1343
5389 2 2 6 1 1302 4255 4254
5390 2 2 6 1 4255 4256 4254
5391 2 2 6 1 4255 1345 4256
5392 2 2 6 1 4254 4256 1343
5393 2 2 6 1 1302 4099 4255
5394 2 2 6 1 4099 4257 4255
5395 2 2 6 1 4099 67 4257
5396 2 2 6 1 4255 4257 1345
5397 2 2 6 1 1343 4256 4251
5398 2 2 6 1 4256 4258 4251
5399 2 2 6 1 4256 1345 4258
5400 2 2 6 1 4251 4258 612
5401 2 2 6 1 601 4253 4124
5402 2 2 6 1 4253 4259 4124
5403 2 2 6 1 4253 1344 4259
5404 2 2 6 1 4124 4259 1310
5405 2 2 6 1 1344 4260 4259
5406 2 2 6 1 4260 4261 4259
5407 2 2 6 1 4260 1346 4261
5408 2 2 6 1 4259 4261 1310
5409 2 2 6 1 1344 4252 4260
5410 2 2 6 1 4252 4262 4260
5411 2 2 6 1 4252 612 4262
5412 2 2 6 1 4260 4262 1346
5413 2 2 6 1 1310 4261 4128
5414 2 2 6 1 4261 4263 4128
5415 2 2 6 1 4261 1346 4263
5416 2 2 6 1 4128 4263 395
5417 2 2 6 1 230 190 4265
5418 2 2 6 1 190 4264 4265
5419 2 2 6 1 190 206 4264
5420 2 2 6 1 4265 4264 1348
5421 2 2 6 1 206 4266 4264
5422 2 2 6 1 4266 4267 4264
5423 2 2 6 1 4266 1347 4267
5424 2 2 6 1 4264 4267 1348
5425 2 2 6 1 206 189 4266
5426 2 2 6 1 189 4268 4266
5427 2 2 6 1 189 240 4268
5428 2 2 6 1 4266 4268 1347
5429 2 2 6 1 1348 4267 4270
5430 2 2 6 1 4267 4269 4270
5431 2 2 6 1 4267 1347 4269
5432 2 2 6 1 4270 4269 614
5433 2 2 6 1 240 4271 4268
5434 2 2 6 1 4271 4272 4268
5435 2 2 6 1 4271 1349 4272
5436 2 2 6 1 4268 4272 1347
5437 2 2 6 1 1349 4273 4272
5438 2 2 6 1 4273 4274 4272
5439 2 2 6 1 4273 1350 4274
5440 2 2 6 1 4272 4274 1347
5441 2 2 6 1 1349 4275 4273
5442 2 2 6 1 4275 4276 4273
5443 2 2 6 1 4275 613 4276
5444 2 2 6 1 4273 4276 1350
5445 2 2 6 1 1347 4274 4269
5446 2 2 6 1 4274 4277 4269
5447 2 2 6 1 4274 1350 4277
5448 2 2 6 1 4269 4277 614
5449 2 2 6 1 240 188 4271
5450 2 2 6 1 188 4278 4271
5451 2 2 6 1 188 205 4278
5452 2 2 6 1 4271 4278 1349
5453 2 2 6 1 205 4279 4278
5454 2 2 6 1 4279 4280 4278
5455 2 2 6 1 4279 1351 4280
5456 2 2 6 1 4278 4280 1349
5457 2 2 6 1 205 187 4279
5458 2 2 6 1 187 4281 4279
5459 2 2 6 1 187 231 4281
5460 2 2 6 1 4279 4281 1351
5461 2 2 6 1 1349 4280 4275
5462 2 2 6 1 4280 4282 4275
5463 2 2 6 1 4280 1351 4282
5464 2 2 6 1 4275 4282 613
5465 2 2 6 1 614 4277 4284
5466 2 2 6 1 4277 4283 4284
5467 2 2 6 1 4277 1350 4283
5468 2 2 6 1 4284 4283 1353
5469 2 2 6 1 1350 4285 4283
5470 2 2 6 1 4285 4286 4283
5471 2 2 6 1 4285 1352 4286
5472 2 2 6 1 4283 4286 1353
5473 2 2 6 1 1350 4276 4285
5474 2 2 6 1 4276 4287 4285
5475 2 2 6 1 4276 613 4287
5476 2 2 6 1 4285 4287 1352
5477 2 2 6 1 1353 4286 4289
5478 2 2 6 1 4286 4288 4289
5479 2 2 6 1 4286 1352 4288
5480 2 2 6 1 4289 4288 373
5481 2 2 6 1 307 4290 4292
5482 2 2 6 1 4290 4291 4292
5483 2 2 6 1 4290 1354 4291
5484 2 2 6 1 4292 4291 1356
5485 2 2 6 1 1354 4293 4291
5486 2 2 6 1 4293 4294 4291
5487 2 2 6 1 4293 1355 4294
5488 2 2 6 1 4291 4294 1356
5489 2 2 6 1 1354 4295 4293
5490 2 2 6 1 4295 4296 4293
5491 2 2 6 1 4295 615 4296
5492 2 2 6 1 4293 4296 1355
5493 2 2 6 1 1356 4294 4298
5494 2 2 6 1 4294 4297 4298
5495 2 2 6 1 4294 1355 4297
5496 2 2 6 1 4298 4297 617
5497 2 2 6 1 615 4299 4296
5498 2 2 6 1 4299 4300 4296
5499 2 2 6 1 4299 1357 4300
5500 2 2 6 1 4296 4300 1355
5501 2 2 6 1 1357 4301 4300
5502 2 2 6 1 4301 4302 4300
5503 2 2 6 1 4301 1358 4302
5504 2 2 6 1 4300 4302 1355
5505 2 2 6 1 1357 4303 4301
5506 2 2 6 1 4303 4304 4301
5507 2 2 6 1 4303 616 4304
5508 2 2 6 1 4301 4304 1358
5509 2 2 6 1 1355 4302 4297
5510 2 2 6 1 4302 4305 4297
5511 2 2 6 1 4302 1358 4305
5512 2 2 6 1 4297 4305 617
5513 2 2 6 1 615 4306 4299
5514 2 2 6 1 4306 4307 4299
5515 2 2 6 1 4306 1359 4307
5516 2 2 6 1 4299 4307 1357
5517 2 2 6 1 1359 4308 4307
5518 2 2 6 1 4308 4309 4307
5519 2 2 6 1 4308 1360 4309
5520 2 2 6 1 4307 4309 1357
5521 2 2 6 1 1359 4310 4308
5522 2 2 6 1 4310 4311 4308
5523 2 2 6 1 4310 417 4311
5524 2 2 6 1 4308 4311 1360
5525 2 2 6 1 1357 4309 4303
5526 2 2 6 1 4309 4312 4303
5527 2 2 6 1 4309 1360 4312
5528 2 2 6 1 4303 4312 616
5529 2 2 6 1 617 4305 4314
5530 2 2 6 1 4305 4313 4314
5531 2 2 6 1 4305 1358 4313
5532 2 2 6 1 4314 4313 1362
5533 2 2 6 1 1358 4315 4313
5534 2 2 6 1 4315 4316 4313
5535 2 2 6 1 4315 1361 4316
5536 2 2 6 1 4313 4316 1362
5537 2 2 6 1 1358 4304 4315
5538 2 2 6 1 4304 4317 4315
5539 2 2 6 1 4304 616 4317
5540 2 2 6 1 4315 4317 1361
5541 2 2 6 1 1362 4316 4319
5542 2 2 6 1 4316 4318 4319
5543 2 2 6 1 4316 1361 4318
5544 2 2 6 1 4319 4318 420
5545 2 2 6 1 65 5 4321
5546 2 2 6 1 5 4320 4321
5547 2 2 6 1 5 53 4320
5548 2 2 6 1 4321 4320 1364
5549 2 2 6 1 53 4322 4320
5550 2 2 6 1 4322 4323 4320
5551 2 2 6 1 4322 1363 4323
5552 2 2 6 1 4320 4323 1364
5553 2 2 6 1 53 4 4322
5554 2 2 6 1 4 4324 4322
5555 2 2 6 1 4 75 4324
5556 2 2 6 1 4322 4324 1363
5557 2 2 6 1 1364 4323 4326
5558 2 2 6 1 4323 4325 4326
5559 2 2 6 1 4323 1363 4325
5560 2 2 6 1 4326 4325 619
5561 2 2 6 1 75 4327 4324
5562 2 2 6 1 4327 4328 4324
5563 2 2 6 1 4327 1365 4328
5564 2 2 6 1 4324 4328 1363
5565 2 2 6 1 1365 4329 4328
5566 2 2 6 1 4329 4330 4328
5567 2 2 6 1 4329 1366 4330
5568 2 2 6 1 4328 4330 1363
5569 2 2 6 1 1365 4331 4329
5570 2 2 6 1 4331 4332 4329
5571 2 2 6 1 4331 618 4332
5572 2 2 6 1 4329 4332 1366
5573 2 2 6 1 1363 4330 4325
5574 2 2 6 1 4330 4333 4325
5575 2 2 6 1 4330 1366 4333
5576 2 2 6 1 4325 4333 619
5577 2 2 6 1 75 3 4327
5578 2 2 6 1 3 4334 4327
5579 2 2 6 1 3 42 4334
5580 2 2 6 1 4327 4334 1365
5581 2 2 6 1 42 4335 4334
5582 2 2 6 1 4335 4336 4334
5583 2 2 6 1 4335 1367 4336
5584 2 2 6 1 4334 4336 1365
5585 2 2 6 1 42 2 4335
5586 2 2 6 1 2 4337 4335
5587 2 2 6 1 2 66 4337
5588 2 2 6 1 4335 4337 1367
5589 2 2 6 1 1365 4336 4331
5590 2 2 6 1 4336 4338 4331
5591 2 2 6 1 4336 1367 4338
5592 2 2 6 1 4331 4338 618
5593 2 2 6 1 619 4333 4340
5594 2 2 6 1 4333 4339 4340
5595 2 2 6 1 4333 1366 4339
5596 2 2 6 1 4340 4339 1369
5597 2 2 6 1 1366 4341 4339
5598 2 2 6 1 4341 4342 4339
5599 2 2 6 1 4341 1368 4342
5600 2 2 6 1 4339 4342 1369
5601 2 2 6 1 1366 4332 4341
5602 2 2 6 1 4332 4343 4341
5603 2 2 6 1 4332 618 4343
5604 2 2 6 1 4341 4343 1368
5605 2 2 6 1 1369 4342 4345
5606 2 2 6 1 4342 4344 4345
5607 2 2 6 1 4342 1368 4344
5608 2 2 6 1 4345 4344 418
5609 2 2 6 1 230 4265 4347
5610 2 2 6 1 4265 4346 4347
5611 2 2 6 1 4265 1348 4346
5612 2 2 6 1 4347 4346 1371
5613 2 2 6 1 1348 4348 4346
5614 2 2 6 1 4348 4349 4346
5615 2 2 6 1 4348 1370 4349
5616 2 2 6 1 4346 4349 1371
5617 2 2 6 1 1348 4270 4348
5618 2 2 6 1 4270 4350 4348
5619 2 2 6 1 4270 614 4350
5620 2 2 6 1 4348 4350 1370
5621 2 2 6 1 1371 4349 4352
5622 2 2 6 1 4349 4351 4352
5623 2 2 6 1 4349 1370 4351
5624 2 2 6 1 4352 4351 620
5625 2 2 6 1 614 4353 4350
5626 2 2 6 1 4353 4354 4350
5627 2 2 6 1 4353 1372 4354
5628 2 2 6 1 4350 4354 1370
5629 2 2 6 1 1372 4355 4354
5630 2 2 6 1 4355 4356 4354
5631 2 2 6 1 4355 1373 4356
5632 2 2 6 1 4354 4356 1370
5633 2 2 6 1 1372 4357 4355
5634 2 2 6 1 4357 4358 4355
5635 2 2 6 1 4357 594 4358
5636 2 2 6 1 4355 4358 1373
5637 2 2 6 1 1370 4356 4351
5638 2 2 6 1 4356 4359 4351
5639 2 2 6 1 4356 1373 4359
5640 2 2 6 1 4351 4359 620
5641 2 2 6 1 614 4284 4353
5642 2 2 6 1 4284 4360 4353
5643 2 2 6 1 4284 1353 4360
5644 2 2 6 1 4353 4360 1372
5645 2 2 6 1 1353 4361 4360
5646 2 2 6 1 4361 4362 4360
5647 2 2 6 1 4361 1283 4362
5648 2 2 6 1 4360 4362 1372
5649 2 2 6 1 1353 4289 4361
5650 2 2 6 1 4289 4026 4361
5651 2 2 6 1 4289 373 4026
5652 2 2 6 1 4361 4026 1283
5653 2 2 6 1 1372 4362 4357
5654 2 2 6 1 4362 4022 4357
5655 2 2 6 1 4362 1283 4022
5656 2 2 6 1 4357 4022 594
5657 2 2 6 1 620 4359 4364
5658 2 2 6 1 4359 4363 4364
5659 2 2 6 1 4359 1373 4363
5660 2 2 6 1 4364 4363 1374
5661 2 2 6 1 1373 4365 4363
5662 2 2 6 1 4365 4366 4363
5663 2 2 6 1 4365 1279 4366
5664 2 2 6 1 4363 4366 1374
5665 2 2 6 1 1373 4358 4365
5666 2 2 6 1 4358 4012 4365
5667 2 2 6 1 4358 594 4012
5668 2 2 6 1 4365 4012 1279
5669 2 2 6 1 1374 4366 4367
5670 2 2 6 1 4366 4008 4367
5671 2 2 6 1 4366 1279 4008
5672 2 2 6 1 4367 4008 386
5673 2 2 6 1 149 114 4056
5674 2 2 6 1 114 4368 4056
5675 2 2 6 1 114 128 4368
5676 2 2 6 1 4056 4368 1291
5677 2 2 6 1 128 4369 4368
5678 2 2 6 1 4369 4370 4368
5679 2 2 6 1 4369 1375 4370
5680 2 2 6 1 4368 4370 1291
5681 2 2 6 1 128 113 4369
5682 2 2 6 1 113 4371 4369
5683 2 2 6 1 113 159 4371
5684 2 2 6 1 4369 4371 1375
5685 2 2 6 1 1291 4370 4061
5686 2 2 6 1 4370 4372 4061
5687 2 2 6 1 4370 1375 4372
5688 2 2 6 1 4061 4372 597
5689 2 2 6 1 159 4373 4371
5690 2 2 6 1 4373 4374 4371
5691 2 2 6 1 4373 1376 4374
5692 2 2 6 1 4371 4374 1375
5693 2 2 6 1 1376 4375 4374
5694 2 2 6 1 4375 4376 4374
5695 2 2 6 1 4375 1377 4376
5696 2 2 6 1 4374 4376 1375
5697 2 2 6 1 1376 4377 4375
5698 2 2 6 1 4377 4378 4375
5699 2 2 6 1 4377 607 4378
5700 2 2 6 1 4375 4378 1377
5701 2 2 6 1 1375 4376 4372
5702 2 2 6 1 4376 4379 4372
5703 2 2 6 1 4376 1377 4379
5704 2 2 6 1 4372 4379 597
5705 2 2 6 1 159 102 4373
5706 2 2 6 1 102 4380 4373
5707 2 2 6 1 102 127 4380
5708 2 2 6 1 4373 4380 1376
5709 2 2 6 1 127 4381 4380
5710 2 2 6 1 4381 4382 4380
5711 2 2 6 1 4381 1330 4382
5712 2 2 6 1 4380 4382 1376
5713 2 2 6 1 127 111 4381
5714 2 2 6 1 111 4204 4381
5715 2 2 6 1 111 150 4204
5716 2 2 6 1 4381 4204 1330
5717 2 2 6 1 1376 4382 4377
5718 2 2 6 1 4382 4200 4377
5719 2 2 6 1 4382 1330 4200
5720 2 2 6 1 4377 4200 607
5721 2 2 6 1 597 4379 4072
5722 2 2 6 1 4379 4383 4072
5723 2 2 6 1 4379 1377 4383
5724 2 2 6 1 4072 4383 1296
5725 2 2 6 1 1377 4384 4383
5726 2 2 6 1 4384 4385 4383
5727 2 2 6 1 4384 1326 4385
5728 2 2 6 1 4383 4385 1296
5729 2 2 6 1 1377 4378 4384
5730 2 2 6 1 4378 4190 4384
5731 2 2 6 1 4378 607 4190
5732 2 2 6 1 4384 4190 1326
5733 2 2 6 1 1296 4385 4076
5734 2 2 6 1 4385 4186 4076
5735 2 2 6 1 4385 1326 4186
5736 2 2 6 1 4076 4186 370
5737 2 2 6 1 148 4386 3835
5738 2 2 6 1 4386 4387 3835
5739 2 2 6 1 4386 1378 4387
5740 2 2 6 1 3835 4387 1230
5741 2 2 6 1 1378 4388 4387
5742 2 2 6 1 4388 4389 4387
5743 2 2 6 1 4388 1379 4389
5744 2 2 6 1 4387 4389 1230
5745 2 2 6 1 1378 4390 4388
5746 2 2 6 1 4390 4391 4388
5747 2 2 6 1 4390 621 4391
5748 2 2 6 1 4388 4391 1379
5749 2 2 6 1 1230 4389 3836
5750 2 2 6 1 4389 4392 3836
5751 2 2 6 1 4389 1379 4392
5752 2 2 6 1 3836 4392 578
5753 2 2 6 1 621 4393 4391
5754 2 2 6 1 4393 4394 4391
5755 2 2 6 1 4393 1380 4394
5756 2 2 6 1 4391 4394 1379
5757 2 2 6 1 1380 4395 4394
5758 2 2 6 1 4395 4396 4394
5759 2 2 6 1 4395 1381 4396
5760 2 2 6 1 4394 4396 1379
5761 2 2 6 1 1380 4397 4395
5762 2 2 6 1 4397 4398 4395
5763 2 2 6 1 4397 622 4398
5764 2 2 6 1 4395 4398 1381
5765 2 2 6 1 1379 4396 4392
5766 2 2 6 1 4396 4399 4392
5767 2 2 6 1 4396 1381 4399
5768 2 2 6 1 4392 4399 578
5769 2 2 6 1 621 4400 4393
5770 2 2 6 1 4400 4401 4393
5771 2 2 6 1 4400 1382 4401
5772 2 2 6 1 4393 4401 1380
5773 2 2 6 1 1382 4402 4401
5774 2 2 6 1 4402 4403 4401
5775 2 2 6 1 4402 1383 4403
5776 2 2 6 1 4401 4403 1380
5777 2 2 6 1 1382 4404 4402
5778 2 2 6 1 4404 4405 4402
5779 2 2 6 1 4404 413 4405
5780 2 2 6 1 4402 4405 1383
5781 2 2 6 1 1380 4403 4397
5782 2 2 6 1 4403 4406 4397
5783 2 2 6 1 4403 1383 4406
5784 2 2 6 1 4397 4406 622
5785 2 2 6 1 578 4399 3841
5786 2 2 6 1 4399 4407 3841
5787 2 2 6 1 4399 1381 4407
5788 2 2 6 1 3841 4407 1231
5789 2 2 6 1 1381 4408 4407
5790 2 2 6 1 4408 4409 4407
5791 2 2 6 1 4408 1384 4409
5792 2 2 6 1 4407 4409 1231
5793 2 2 6 1 1381 4398 4408
5794 2 2 6 1 4398 4410 4408
5795 2 2 6 1 4398 622 4410
5796 2 2 6 1 4408 4410 1384
5797 2 2 6 1 1231 4409 3842
5798 2 2 6 1 4409 4411 3842
5799 2 2 6 1 4409 1384 4411
5800 2 2 6 1 3842 4411 415
5801 2 2 6 1 364 4412 4414
5802 2 2 6 1 4412 4413 4414
5803 2 2 6 1 4412 1385 4413
5804 2 2 6 1 4414 4413 1387
5805 2 2 6 1 1385 4415 4413
5806 2 2 6 1 4415 4416 4413
5807 2 2 6 1 4415 1386 4416
5808 2 2 6 1 4413 4416 1387
5809 2 2 6 1 1385 4417 4415
5810 2 2 6 1 4417 4418 4415
5811 2 2 6 1 4417 623 4418
5812 2 2 6 1 4415 4418 1386
5813 2 2 6 1 1387 4416 4420
5814 2 2 6 1 4416 4419 4420
5815 2 2 6 1 4416 1386 4419
5816 2 2 6 1 4420 4419 624
5817 2 2 6 1 623 4421 4418
5818 2 2 6 1 4421 4422 4418
5819 2 2 6 1 4421 1388 4422
5820 2 2 6 1 4418 4422 1386
5821 2 2 6 1 1388 4423 4422
5822 2 2 6 1 4423 4424 4422
5823 2 2 6 1 4423 1389 4424
5824 2 2 6 1 4422 4424 1386
5825 2 2 6 1 1388 4425 4423
5826 2 2 6 1 4425 4426 4423
5827 2 2 6 1 4425 619 4426
5828 2 2 6 1 4423 4426 1389
5829 2 2 6 1 1386 4424 4419
5830 2 2 6 1 4424 4427 4419
5831 2 2 6 1 4424 1389 4427
5832 2 2 6 1 4419 4427 624
5833 2 2 6 1 623 4428 4421
5834 2 2 6 1 4428 4429 4421
5835 2 2 6 1 4428 1390 4429
5836 2 2 6 1 4421 4429 1388
5837 2 2 6 1 1390 4430 4429
5838 2 2 6 1 4430 4431 4429
5839 2 2 6 1 4430 1364 4431
5840 2 2 6 1 4429 4431 1388
5841 2 2 6 1 1390 4432 4430
5842 2 2 6 1 4432 4321 4430
5843 2 2 6 1 4432 65 4321
5844 2 2 6 1 4430 4321 1364
5845 2 2 6 1 1388 4431 4425
5846 2 2 6 1 4431 4326 4425
5847 2 2 6 1 4431 1364 4326
5848 2 2 6 1 4425 4326 619
5849 2 2 6 1 624 4427 4434
5850 2 2 6 1 4427 4433 4434
5851 2 2 6 1 4427 1389 4433
5852 2 2 6 1 4434 4433 1391
5853 2 2 6 1 1389 4435 4433
5854 2 2 6 1 4435 4436 4433
5855 2 2 6 1 4435 1369 4436
5856 2 2 6 1 4433 4436 1391
5857 2 2 6 1 1389 4426 4435
5858 2 2 6 1 4426 4340 4435
5859 2 2 6 1 4426 619 4340
5860 2 2 6 1 4435 4340 1369
5861 2 2 6 1 1391 4436 4437
5862 2 2 6 1 4436 4345 4437
5863 2 2 6 1 4436 1369 4345
5864 2 2 6 1 4437 4345 418
5865 2 2 6 1 365 4110 4439
5866 2 2 6 1 4110 4438 4439
5867 2 2 6 1 4110 1307 4438
5868 2 2 6 1 4439 4438 1393
5869 2 2 6 1 1307 4440 4438
5870 2 2 6 1 4440 4441 4438
5871 2 2 6 1 4440 1392 4441
5872 2 2 6 1 4438 4441 1393
5873 2 2 6 1 1307 4116 4440
5874 2 2 6 1 4116 4442 4440
5875 2 2 6 1 4116 602 4442
5876 2 2 6 1 4440 4442 1392
5877 2 2 6 1 1393 4441 4444
5878 2 2 6 1 4441 4443 4444
5879 2 2 6 1 4441 1392 4443
5880 2 2 6 1 4444 4443 626
5881 2 2 6 1 602 4445 4442
5882 2 2 6 1 4445 4446 4442
5883 2 2 6 1 4445 1394 4446
5884 2 2 6 1 4442 4446 1392
5885 2 2 6 1 1394 4447 4446
5886 2 2 6 1 4447 4448 4446
5887 2 2 6 1 4447 1395 4448
5888 2 2 6 1 4446 4448 1392
5889 2 2 6 1 1394 4449 4447
5890 2 2 6 1 4449 4450 4447
5891 2 2 6 1 4449 625 4450
5892 2 2 6 1 4447 4450 1395
5893 2 2 6 1 1392 4448 4443
5894 2 2 6 1 4448 4451 4443
5895 2 2 6 1 4448 1395 4451
5896 2 2 6 1 4443 4451 626
5897 2 2 6 1 602 4130 4445
5898 2 2 6 1 4130 4452 4445
5899 2 2 6 1 4130 1311 4452
5900 2 2 6 1 4445 4452 1394
5901 2 2 6 1 1311 4453 4452
5902 2 2 6 1 4453 4454 4452
5903 2 2 6 1 4453 1396 4454
5904 2 2 6 1 4452 4454 1394
5905 2 2 6 1 1311 4133 4453
5906 2 2 6 1 4133 4455 4453
5907 2 2 6 1 4133 396 4455
5908 2 2 6 1 4453 4455 1396
5909 2 2 6 1 1394 4454 4449
5910 2 2 6 1 4454 4456 4449
5911 2 2 6 1 4454 1396 4456
5912 2 2 6 1 4449 4456 625
5913 2 2 6 1 626 4451 4458
5914 2 2 6 1 4451 4457 4458
5915 2 2 6 1 4451 1395 4457
5916 2 2 6 1 4458 4457 1398
5917 2 2 6 1 1395 4459 4457
5918 2 2 6 1 4459 4460 4457
5919 2 2 6 1 4459 1397 4460
5920 2 2 6 1 4457 4460 1398
5921 2 2 6 1 1395 4450 4459
5922 2 2 6 1 4450 4461 4459
5923 2 2 6 1 4450 625 4461
5924 2 2 6 1 4459 4461 1397
5925 2 2 6 1 1398 4460 4463
5926 2 2 6 1 4460 4462 4463
5927 2 2 6 1 4460 1397 4462
5928 2 2 6 1 4463 4462 397
5929 2 2 6 1 397 4464 4466
5930 2 2 6 1 4464 4465 4466
5931 2 2 6 1 4464 1399 4465
5932 2 2 6 1 4466 4465 1401
5933 2 2 6 1 1399 4467 4465
5934 2 2 6 1 4467 4468 4465
5935 2 2 6 1 4467 1400 4468
5936 2 2 6 1 4465 4468 1401
5937 2 2 6 1 1399 4469 4467
5938 2 2 6 1 4469 4470 4467
5939 2 2 6 1 4469 627 4470
5940 2 2 6 1 4467 4470 1400
5941 2 2 6 1 1401 4468 4472
5942 2 2 6 1 4468 4471 4472
5943 2 2 6 1 4468 1400 4471
5944 2 2 6 1 4472 4471 628
5945 2 2 6 1 627 4473 4470
5946 2 2 6 1 4473 4474 4470
5947 2 2 6 1 4473 1402 4474
5948 2 2 6 1 4470 4474 1400
5949 2 2 6 1 1402 4475 4474
5950 2 2 6 1 4475 4476 4474
5951 2 2 6 1 4475 1403 4476
5952 2 2 6 1 4474 4476 1400
5953 2 2 6 1 1402 4477 4475
5954 2 2 6 1 4477 4478 4475
5955 2 2 6 1 4477 611 4478
5956 2 2 6 1 4475 4478 1403
5957 2 2 6 1 1400 4476 4471
5958 2 2 6 1 4476 4479 4471
5959 2 2 6 1 4476 1403 4479
5960 2 2 6 1 4471 4479 628
5961 2 2 6 1 627 4480 4473
5962 2 2 6 1 4480 4481 4473
5963 2 2 6 1 4480 1404 4481
5964 2 2 6 1 4473 4481 1402
5965 2 2 6 1 1404 4482 4481
5966 2 2 6 1 4482 4483 4481
5967 2 2 6 1 4482 1335 4483
5968 2 2 6 1 4481 4483 1402
5969 2 2 6 1 1404 4484 4482
5970 2 2 6 1 4484 4214 4482
5971 2 2 6 1 4484 399 4214
5972 2 2 6 1 4482 4214 1335
5973 2 2 6 1 1402 4483 4477
5974 2 2 6 1 4483 4220 4477
5975 2 2 6 1 4483 1335 4220
5976 2 2 6 1 4477 4220 611
5977 2 2 6 1 628 4479 4486
5978 2 2 6 1 4479 4485 4486
5979 2 2 6 1 4479 1403 4485
5980 2 2 6 1 4486 4485 1405
5981 2 2 6 1 1403 4487 4485
5982 2 2 6 1 4487 4488 4485
5983 2 2 6 1 4487 1341 4488
5984 2 2 6 1 4485 4488 1405
5985 2 2 6 1 1403 4478 4487
5986 2 2 6 1 4478 4236 4487
5987 2 2 6 1 4478 611 4236
5988 2 2 6 1 4487 4236 1341
5989 2 2 6 1 1405 4488 4489
5990 2 2 6 1 4488 4241 4489
5991 2 2 6 1 4488 1341 4241
5992 2 2 6 1 4489 4241 419
5993 2 2 6 1 308 4490 4492
5994 2 2 6 1 4490 4491 4492
5995 2 2 6 1 4490 1406 4491
5996 2 2 6 1 4492 4491 1408
5997 2 2 6 1 1406 4493 4491
5998 2 2 6 1 4493 4494 4491
5999 2 2 6 1 4493 1407 4494
6000 2 2 6 1 4491 4494 1408
6001 2 2 6 1 1406 4495 4493
6002 2 2 6 1 4495 4496 4493
6003 2 2 6 1 4495 629 4496
6004 2 2 6 1 4493 4496 1407
6005 2 2 6 1 1408 4494 4498
6006 2 2 6 1 4494 4497 4498
6007 2 2 6 1 4494 1407 4497
6008 2 2 6 1 4498 4497 630
6009 2 2 6 1 629 4499 4496
6010 2 2 6 1 4499 4500 4496
6011 2 2 6 1 4499 1409 4500
6012 2 2 6 1 4496 4500 1407
6013 2 2 6 1 1409 4501 4500
6014 2 2 6 1 4501 4502 4500
6015 2 2 6 1 4501 1410 4502
6016 2 2 6 1 4500 4502 1407
6017 2 2 6 1 1409 4503 4501
6018 2 2 6 1 4503 4504 4501
6019 2 2 6 1 4503 548 4504
6020 2 2 6 1 4501 4504 1410
6021 2 2 6 1 1407 4502 4497
6022 2 2 6 1 4502 4505 4497
6023 2 2 6 1 4502 1410 4505
6024 2 2 6 1 4497 4505 630
6025 2 2 6 1 629 4506 4499
6026 2 2 6 1 4506 4507 4499
6027 2 2 6 1 4506 1411 4507
6028 2 2 6 1 4499 4507 1409
6029 2 2 6 1 1411 4508 4507
6030 2 2 6 1 4508 4509 4507
6031 2 2 6 1 4508 1122 4509
6032 2 2 6 1 4507 4509 1409
6033 2 2 6 1 1411 4510 4508
6034 2 2 6 1 4510 3428 4508
6035 2 2 6 1 4510 369 3428
6036 2 2 6 1 4508 3428 1122
6037 2 2 6 1 1409 4509 4503
6038 2 2 6 1 4509 3424 4503
6039 2 2 6 1 4509 1122 3424
6040 2 2 6 1 4503 3424 548
6041 2 2 6 1 630 4505 4512
6042 2 2 6 1 4505 4511 4512
6043 2 2 6 1 4505 1410 4511
6044 2 2 6 1 4512 4511 1412
6045 2 2 6 1 1410 4513 4511
6046 2 2 6 1 4513 4514 4511
6047 2 2 6 1 4513 1118 4514
6048 2 2 6 1 4511 4514 1412
6049 2 2 6 1 1410 4504 4513
6050 2 2 6 1 4504 3414 4513
6051 2 2 6 1 4504 548 3414
6052 2 2 6 1 4513 3414 1118
6053 2 2 6 1 1412 4514 4515
6054 2 2 6 1 4514 3410 4515
6055 2 2 6 1 4514 1118 3410
6056 2 2 6 1 4515 3410 417
6057 2 2 6 1 395 4516 3975
6058 2 2 6 1 4516 4517 3975
6059 2 2 6 1 4516 1413 4517
6060 2 2 6 1 3975 4517 1270
6061 2 2 6 1 1413 4518 4517
6062 2 2 6 1 4518 4519 4517
6063 2 2 6 1 4518 1414 4519
6064 2 2 6 1 4517 4519 1270
6065 2 2 6 1 1413 4520 4518
6066 2 2 6 1 4520 4521 4518
6067 2 2 6 1 4520 631 4521
6068 2 2 6 1 4518 4521 1414
6069 2 2 6 1 1270 4519 3976
6070 2 2 6 1 4519 4522 3976
6071 2 2 6 1 4519 1414 4522
6072 2 2 6 1 3976 4522 591
6073 2 2 6 1 631 4523 4521
6074 2 2 6 1 4523 4524 4521
6075 2 2 6 1 4523 1415 4524
6076 2 2 6 1 4521 4524 1414
6077 2 2 6 1 1415 4525 4524
6078 2 2 6 1 4525 4526 4524
6079 2 2 6 1 4525 1416 4526
6080 2 2 6 1 4524 4526 1414
6081 2 2 6 1 1415 4527 4525
6082 2 2 6 1 4527 4528 4525
6083 2 2 6 1 4527 595 4528
6084 2 2 6 1 4525 4528 1416
6085 2 2 6 1 1414 4526 4522
6086 2 2 6 1 4526 4529 4522
6087 2 2 6 1 4526 1416 4529
6088 2 2 6 1 4522 4529 591
6089 2 2 6 1 631 4530 4523
6090 2 2 6 1 4530 4531 4523
6091 2 2 6 1 4530 1417 4531
6092 2 2 6 1 4523 4531 1415
6093 2 2 6 1 1417 4532 4531
6094 2 2 6 1 4532 4533 4531
6095 2 2 6 1 4532 1289 4533
6096 2 2 6 1 4531 4533 1415
6097 2 2 6 1 1417 4534 4532
6098 2 2 6 1 4534 4050 4532
6099 2 2 6 1 4534 366 4050
6100 2 2 6 1 4532 4050 1289
6101 2 2 6 1 1415 4533 4527
6102 2 2 6 1 4533 4046 4527
6103 2 2 6 1 4533 1289 4046
6104 2 2 6 1 4527 4046 595
6105 2 2 6 1 591 4529 3980
6106 2 2 6 1 4529 4535 3980
6107 2 2 6 1 4529 1416 4535
6108 2 2 6 1 3980 4535 1271
6109 2 2 6 1 1416 4536 4535
6110 2 2 6 1 4536 4537 4535
6111 2 2 6 1 4536 1284 4537
6112 2 2 6 1 4535 4537 1271
6113 2 2 6 1 1416 4528 4536
6114 2 2 6 1 4528 4035 4536
6115 2 2 6 1 4528 595 4035
6116 2 2 6 1 4536 4035 1284
6117 2 2 6 1 1271 4537 3981
6118 2 2 6 1 4537 4030 3981
6119 2 2 6 1 4537 1284 4030
6120 2 2 6 1 3981 4030 407
6121 2 2 6 1 66 4083 4337
6122 2 2 6 1 4083 4538 4337
6123 2 2 6 1 4083 1299 4538
6124 2 2 6 1 4337 4538 1367
6125 2 2 6 1 1299 4539 4538
6126 2 2 6 1 4539 4540 4538
6127 2 2 6 1 4539 1418 4540
6128 2 2 6 1 4538 4540 1367
6129 2 2 6 1 1299 4088 4539
6130 2 2 6 1 4088 4541 4539
6131 2 2 6 1 4088 600 4541
6132 2 2 6 1 4539 4541 1418
6133 2 2 6 1 1367 4540 4338
6134 2 2 6 1 4540 4542 4338
6135 2 2 6 1 4540 1418 4542
6136 2 2 6 1 4338 4542 618
6137 2 2 6 1 600 4543 4541
6138 2 2 6 1 4543 4544 4541
6139 2 2 6 1 4543 1419 4544
6140 2 2 6 1 4541 4544 1418
6141 2 2 6 1 1419 4545 4544
6142 2 2 6 1 4545 4546 4544
6143 2 2 6 1 4545 1420 4546
6144 2 2 6 1 4544 4546 1418
6145 2 2 6 1 1419 4547 4545
6146 2 2 6 1 4547 4548 4545
6147 2 2 6 1 4547 632 4548
6148 2 2 6 1 4545 4548 1420
6149 2 2 6 1 1418 4546 4542
6150 2 2 6 1 4546 4549 4542
6151 2 2 6 1 4546 1420 4549
6152 2 2 6 1 4542 4549 618
6153 2 2 6 1 600 4102 4543
6154 2 2 6 1 4102 4550 4543
6155 2 2 6 1 4102 1304 4550
6156 2 2 6 1 4543 4550 1419
6157 2 2 6 1 1304 4551 4550
6158 2 2 6 1 4551 4552 4550
6159 2 2 6 1 4551 1421 4552
6160 2 2 6 1 4550 4552 1419
6161 2 2 6 1 1304 4107 4551
6162 2 2 6 1 4107 4553 4551
6163 2 2 6 1 4107 365 4553
6164 2 2 6 1 4551 4553 1421
6165 2 2 6 1 1419 4552 4547
6166 2 2 6 1 4552 4554 4547
6167 2 2 6 1 4552 1421 4554
6168 2 2 6 1 4547 4554 632
6169 2 2 6 1 618 4549 4343
6170 2 2 6 1 4549 4555 4343
6171 2 2 6 1 4549 1420 4555
6172 2 2 6 1 4343 4555 1368
6173 2 2 6 1 1420 4556 4555
6174 2 2 6 1 4556 4557 4555
6175 2 2 6 1 4556 1422 4557
6176 2 2 6 1 4555 4557 1368
6177 2 2 6 1 1420 4548 4556
6178 2 2 6 1 4548 4558 4556
6179 2 2 6 1 4548 632 4558
6180 2 2 6 1 4556 4558 1422
6181 2 2 6 1 1368 4557 4344
6182 2 2 6 1 4557 4559 4344
6183 2 2 6 1 4557 1422 4559
6184 2 2 6 1 4344 4559 418
6185 2 2 6 1 400 4161 4561
6186 2 2 6 1 4161 4560 4561
6187 2 2 6 1 4161 1320 4560
6188 2 2 6 1 4561 4560 1424
6189 2 2 6 1 1320 4562 4560
6190 2 2 6 1 4562 4563 4560
6191 2 2 6 1 4562 1423 4563
6192 2 2 6 1 4560 4563 1424
6193 2 2 6 1 1320 4166 4562
6194 2 2 6 1 4166 4564 4562
6195 2 2 6 1 4166 606 4564
6196 2 2 6 1 4562 4564 1423
6197 2 2 6 1 1424 4563 4566
6198 2 2 6 1 4563 4565 4566
6199 2 2 6 1 4563 1423 4565
6200 2 2 6 1 4566 4565 634
6201 2 2 6 1 606 4567 4564
6202 2 2 6 1 4567 4568 4564
6203 2 2 6 1 4567 1425 4568
6204 2 2 6 1 4564 4568 1423
6205 2 2 6 1 1425 4569 4568
6206 2 2 6 1 4569 4570 4568
6207 2 2 6 1 4569 1426 4570
6208 2 2 6 1 4568 4570 1423
6209 2 2 6 1 1425 4571 4569
6210 2 2 6 1 4571 4572 4569
6211 2 2 6 1 4571 633 4572
6212 2 2 6 1 4569 4572 1426
6213 2 2 6 1 1423 4570 4565
6214 2 2 6 1 4570 4573 4565
6215 2 2 6 1 4570 1426 4573
6216 2 2 6 1 4565 4573 634
6217 2 2 6 1 606 4180 4567
6218 2 2 6 1 4180 4574 4567
6219 2 2 6 1 4180 1325 4574
6220 2 2 6 1 4567 4574 1425
6221 2 2 6 1 1325 4575 4574
6222 2 2 6 1 4575 4576 4574
6223 2 2 6 1 4575 1427 4576
6224 2 2 6 1 4574 4576 1425
6225 2 2 6 1 1325 4185 4575
6226 2 2 6 1 4185 4577 4575
6227 2 2 6 1 4185 408 4577
6228 2 2 6 1 4575 4577 1427
6229 2 2 6 1 1425 4576 4571
6230 2 2 6 1 4576 4578 4571
6231 2 2 6 1 4576 1427 4578
6232 2 2 6 1 4571 4578 633
6233 2 2 6 1 634 4573 4580
6234 2 2 6 1 4573 4579 4580
6235 2 2 6 1 4573 1426 4579
6236 2 2 6 1 4580 4579 1429
6237 2 2 6 1 1426 4581 4579
6238 2 2 6 1 4581 4582 4579
6239 2 2 6 1 4581 1428 4582
6240 2 2 6 1 4579 4582 1429
6241 2 2 6 1 1426 4572 4581
6242 2 2 6 1 4572 4583 4581
6243 2 2 6 1 4572 633 4583
6244 2 2 6 1 4581 4583 1428
6245 2 2 6 1 1429 4582 4585
6246 2 2 6 1 4582 4584 4585
6247 2 2 6 1 4582 1428 4584
6248 2 2 6 1 4585 4584 409
6249 2 2 6 1 68 4586 4588
6250 2 2 6 1 4586 4587 4588
6251 2 2 6 1 4586 1430 4587
6252 2 2 6 1 4588 4587 1432
6253 2 2 6 1 1430 4589 4587
6254 2 2 6 1 4589 4590 4587
6255 2 2 6 1 4589 1431 4590
6256 2 2 6 1 4587 4590 1432
6257 2 2 6 1 1430 4591 4589
6258 2 2 6 1 4591 4592 4589
6259 2 2 6 1 4591 635 4592
6260 2 2 6 1 4589 4592 1431
6261 2 2 6 1 1432 4590 4594
6262 2 2 6 1 4590 4593 4594
6263 2 2 6 1 4590 1431 4593
6264 2 2 6 1 4594 4593 636
6265 2 2 6 1 635 4595 4592
6266 2 2 6 1 4595 4596 4592
6267 2 2 6 1 4595 1433 4596
6268 2 2 6 1 4592 4596 1431
6269 2 2 6 1 1433 4597 4596
6270 2 2 6 1 4597 4598 4596
6271 2 2 6 1 4597 1434 4598
6272 2 2 6 1 4596 4598 1431
6273 2 2 6 1 1433 4599 4597
6274 2 2 6 1 4599 4600 4597
6275 2 2 6 1 4599 631 4600
6276 2 2 6 1 4597 4600 1434
6277 2 2 6 1 1431 4598 4593
6278 2 2 6 1 4598 4601 4593
6279 2 2 6 1 4598 1434 4601
6280 2 2 6 1 4593 4601 636
6281 2 2 6 1 635 4602 4595
6282 2 2 6 1 4602 4603 4595
6283 2 2 6 1 4602 1435 4603
6284 2 2 6 1 4595 4603 1433
6285 2 2 6 1 1435 4604 4603
6286 2 2 6 1 4604 4605 4603
6287 2 2 6 1 4604 1417 4605
6288 2 2 6 1 4603 4605 1433
6289 2 2 6 1 1435 4606 4604
6290 2 2 6 1 4606 4534 4604
6291 2 2 6 1 4606 366 4534
6292 2 2 6 1 4604 4534 1417
6293 2 2 6 1 1433 4605 4599
6294 2 2 6 1 4605 4530 4599
6295 2 2 6 1 4605 1417 4530
6296 2 2 6 1 4599 4530 631
6297 2 2 6 1 636 4601 4608
6298 2 2 6 1 4601 4607 4608
6299 2 2 6 1 4601 1434 4607
6300 2 2 6 1 4608 4607 1436
6301 2 2 6 1 1434 4609 4607
6302 2 2 6 1 4609 4610 4607
6303 2 2 6 1 4609 1413 4610
6304 2 2 6 1 4607 4610 1436
6305 2 2 6 1 1434 4600 4609
6306 2 2 6 1 4600 4520 4609
6307 2 2 6 1 4600 631 4520
6308 2 2 6 1 4609 4520 1413
6309 2 2 6 1 1436 4610 4611
6310 2 2 6 1 4610 4516 4611
6311 2 2 6 1 4610 1413 4516
6312 2 2 6 1 4611 4516 395
6313 2 2 6 1 403 4612 4233
6314 2 2 6 1 4612 4613 4233
6315 2 2 6 1 4612 1437 4613
6316 2 2 6 1 4233 4613 1339
6317 2 2 6 1 1437 4614 4613
6318 2 2 6 1 4614 4615 4613
6319 2 2 6 1 4614 1438 4615
6320 2 2 6 1 4613 4615 1339
6321 2 2 6 1 1437 4616 4614
6322 2 2 6 1 4616 4617 4614
6323 2 2 6 1 4616 637 4617
6324 2 2 6 1 4614 4617 1438
6325 2 2 6 1 1339 4615 4234
6326 2 2 6 1 4615 4618 4234
6327 2 2 6 1 4615 1438 4618
6328 2 2 6 1 4234 4618 610
6329 2 2 6 1 637 4619 4617
6330 2 2 6 1 4619 4620 4617
6331 2 2 6 1 4619 1439 4620
6332 2 2 6 1 4617 4620 1438
6333 2 2 6 1 1439 4621 4620
6334 2 2 6 1 4621 4622 4620
6335 2 2 6 1 4621 1440 4622
6336 2 2 6 1 4620 4622 1438
6337 2 2 6 1 1439 4623 4621
6338 2 2 6 1 4623 4624 4621
6339 2 2 6 1 4623 638 4624
6340 2 2 6 1 4621 4624 1440
6341 2 2 6 1 1438 4622 4618
6342 2 2 6 1 4622 4625 4618
6343 2 2 6 1 4622 1440 4625
6344 2 2 6 1 4618 4625 610
6345 2 2 6 1 637 4626 4619
6346 2 2 6 1 4626 4627 4619
6347 2 2 6 1 4626 1441 4627
6348 2 2 6 1 4619 4627 1439
6349 2 2 6 1 1441 4628 4627
6350 2 2 6 1 4628 4629 4627
6351 2 2 6 1 4628 1442 4629
6352 2 2 6 1 4627 4629 1439
6353 2 2 6 1 1441 4630 4628
6354 2 2 6 1 4630 4631 4628
6355 2 2 6 1 4630 416 4631
6356 2 2 6 1 4628 4631 1442
6357 2 2 6 1 1439 4629 4623
6358 2 2 6 1 4629 4632 4623
6359 2 2 6 1 4629 1442 4632
6360 2 2 6 1 4623 4632 638
6361 2 2 6 1 610 4625 4239
6362 2 2 6 1 4625 4633 4239
6363 2 2 6 1 4625 1440 4633
6364 2 2 6 1 4239 4633 1340
6365 2 2 6 1 1440 4634 4633
6366 2 2 6 1 4634 4635 4633
6367 2 2 6 1 4634 1443 4635
6368 2 2 6 1 4633 4635 1340
6369 2 2 6 1 1440 4624 4634
6370 2 2 6 1 4624 4636 4634
6371 2 2 6 1 4624 638 4636
6372 2 2 6 1 4634 4636 1443
6373 2 2 6 1 1340 4635 4240
6374 2 2 6 1 4635 4637 4240
6375 2 2 6 1 4635 1443 4637
6376 2 2 6 1 4240 4637 419
6377 2 2 6 1 150 110 4205
6378 2 2 6 1 110 4638 4205
6379 2 2 6 1 110 126 4638
6380 2 2 6 1 4205 4638 1331
6381 2 2 6 1 126 4639 4638
6382 2 2 6 1 4639 4640 4638
6383 2 2 6 1 4639 1444 4640
6384 2 2 6 1 4638 4640 1331
6385 2 2 6 1 126 109 4639
6386 2 2 6 1 109 4641 4639
6387 2 2 6 1 109 160 4641
6388 2 2 6 1 4639 4641 1444
6389 2 2 6 1 1331 4640 4206
6390 2 2 6 1 4640 4642 4206
6391 2 2 6 1 4640 1444 4642
6392 2 2 6 1 4206 4642 608
6393 2 2 6 1 160 4643 4641
6394 2 2 6 1 4643 4644 4641
6395 2 2 6 1 4643 1445 4644
6396 2 2 6 1 4641 4644 1444
6397 2 2 6 1 1445 4645 4644
6398 2 2 6 1 4645 4646 4644
6399 2 2 6 1 4645 1446 4646
6400 2 2 6 1 4644 4646 1444
6401 2 2 6 1 1445 4647 4645
6402 2 2 6 1 4647 4648 4645
6403 2 2 6 1 4647 639 4648
6404 2 2 6 1 4645 4648 1446
6405 2 2 6 1 1444 4646 4642
6406 2 2 6 1 4646 4649 4642
6407 2 2 6 1 4646 1446 4649
6408 2 2 6 1 4642 4649 608
6409 2 2 6 1 160 108 4643
6410 2 2 6 1 108 4650 4643
6411 2 2 6 1 108 125 4650
6412 2 2 6 1 4643 4650 1445
6413 2 2 6 1 125 4651 4650
6414 2 2 6 1 4651 4652 4650
6415 2 2 6 1 4651 1447 4652
6416 2 2 6 1 4650 4652 1445
6417 2 2 6 1 125 107 4651
6418 2 2 6 1 107 4653 4651
6419 2 2 6 1 107 151 4653
6420 2 2 6 1 4651 4653 1447
6421 2 2 6 1 1445 4652 4647
6422 2 2 6 1 4652 4654 4647
6423 2 2 6 1 4652 1447 4654
6424 2 2 6 1 4647 4654 639
6425 2 2 6 1 608 4649 4210
6426 2 2 6 1 4649 4655 4210
6427 2 2 6 1 4649 1446 4655
6428 2 2 6 1 4210 4655 1332
6429 2 2 6 1 1446 4656 4655
6430 2 2 6 1 4656 4657 4655
6431 2 2 6 1 4656 1448 4657
6432 2 2 6 1 4655 4657 1332
6433 2 2 6 1 1446 4648 4656
6434 2 2 6 1 4648 4658 4656
6435 2 2 6 1 4648 639 4658
6436 2 2 6 1 4656 4658 1448
6437 2 2 6 1 1332 4657 4211
6438 2 2 6 1 4657 4659 4211
6439 2 2 6 1 4657 1448 4659
6440 2 2 6 1 4211 4659 414
6441 2 2 6 1 148 118 4386
6442 2 2 6 1 118 4660 4386
6443 2 2 6 1 118 130 4660
6444 2 2 6 1 4386 4660 1378
6445 2 2 6 1 130 4661 4660
6446 2 2 6 1 4661 4662 4660
6447 2 2 6 1 4661 1449 4662
6448 2 2 6 1 4660 4662 1378
6449 2 2 6 1 130 117 4661
6450 2 2 6 1 117 4663 4661
6451 2 2 6 1 117 158 4663
6452 2 2 6 1 4661 4663 1449
6453 2 2 6 1 1378 4662 4390
6454 2 2 6 1 4662 4664 4390
6455 2 2 6 1 4662 1449 4664
6456 2 2 6 1 4390 4664 621
6457 2 2 6 1 158 4665 4663
6458 2 2 6 1 4665 4666 4663
6459 2 2 6 1 4665 1450 4666
6460 2 2 6 1 4663 4666 1449
6461 2 2 6 1 1450 4667 4666
6462 2 2 6 1 4667 4668 4666
6463 2 2 6 1 4667 1451 4668
6464 2 2 6 1 4666 4668 1449
6465 2 2 6 1 1450 4669 4667
6466 2 2 6 1 4669 4670 4667
6467 2 2 6 1 4669 598 4670
6468 2 2 6 1 4667 4670 1451
6469 2 2 6 1 1449 4668 4664
6470 2 2 6 1 4668 4671 4664
6471 2 2 6 1 4668 1451 4671
6472 2 2 6 1 4664 4671 621
6473 2 2 6 1 158 116 4665
6474 2 2 6 1 116 4672 4665
6475 2 2 6 1 116 129 4672
6476 2 2 6 1 4665 4672 1450
6477 2 2 6 1 129 4673 4672
6478 2 2 6 1 4673 4674 4672
6479 2 2 6 1 4673 1293 4674
6480 2 2 6 1 4672 4674 1450
6481 2 2 6 1 129 115 4673
6482 2 2 6 1 115 4058 4673
6483 2 2 6 1 115 149 4058
6484 2 2 6 1 4673 4058 1293
6485 2 2 6 1 1450 4674 4669
6486 2 2 6 1 4674 4064 4669
6487 2 2 6 1 4674 1293 4064
6488 2 2 6 1 4669 4064 598
6489 2 2 6 1 621 4671 4400
6490 2 2 6 1 4671 4675 4400
6491 2 2 6 1 4671 1451 4675
6492 2 2 6 1 4400 4675 1382
6493 2 2 6 1 1451 4676 4675
6494 2 2 6 1 4676 4677 4675
6495 2 2 6 1 4676 1297 4677
6496 2 2 6 1 4675 4677 1382
6497 2 2 6 1 1451 4670 4676
6498 2 2 6 1 4670 4078 4676
6499 2 2 6 1 4670 598 4078
6500 2 2 6 1 4676 4078 1297
6501 2 2 6 1 1382 4677 4404
6502 2 2 6 1 4677 4081 4404
6503 2 2 6 1 4677 1297 4081
6504 2 2 6 1 4404 4081 413
6505 2 2 6 1 390 4678 3579
6506 2 2 6 1 4678 4679 3579
6507 2 2 6 1 4678 1452 4679
6508 2 2 6 1 3579 4679 1162
6509 2 2 6 1 1452 4680 4679
6510 2 2 6 1 4680 4681 4679
6511 2 2 6 1 4680 1453 4681
6512 2 2 6 1 4679 4681 1162
6513 2 2 6 1 1452 4682 4680
6514 2 2 6 1 4682 4683 4680
6515 2 2 6 1 4682 640 4683
6516 2 2 6 1 4680 4683 1453
6517 2 2 6 1 1162 4681 3580
6518 2 2 6 1 4681 4684 3580
6519 2 2 6 1 4681 1453 4684
6520 2 2 6 1 3580 4684 559
6521 2 2 6 1 640 4685 4683
6522 2 2 6 1 4685 4686 4683
6523 2 2 6 1 4685 1454 4686
6524 2 2 6 1 4683 4686 1453
6525 2 2 6 1 1454 4687 4686
6526 2 2 6 1 4687 4688 4686
6527 2 2 6 1 4687 1455 4688
6528 2 2 6 1 4686 4688 1453
6529 2 2 6 1 1454 4689 4687
6530 2 2 6 1 4689 4690 4687
6531 2 2 6 1 4689 641 4690
6532 2 2 6 1 4687 4690 1455
6533 2 2 6 1 1453 4688 4684
6534 2 2 6 1 4688 4691 4684
6535 2 2 6 1 4688 1455 4691
6536 2 2 6 1 4684 4691 559
6537 2 2 6 1 640 4692 4685
6538 2 2 6 1 4692 4693 4685
6539 2 2 6 1 4692 1456 4693
6540 2 2 6 1 4685 4693 1454
6541 2 2 6 1 1456 4694 4693
6542 2 2 6 1 4694 4695 4693
6543 2 2 6 1 4694 1457 4695
6544 2 2 6 1 4693 4695 1454
6545 2 2 6 1 1456 4696 4694
6546 2 2 6 1 4696 4697 4694
6547 2 2 6 1 4696 391 4697
6548 2 2 6 1 4694 4697 1457
6549 2 2 6 1 1454 4695 4689
6550 2 2 6 1 4695 4698 4689
6551 2 2 6 1 4695 1457 4698
6552 2 2 6 1 4689 4698 641
6553 2 2 6 1 559 4691 3585
6554 2 2 6 1 4691 4699 3585
6555 2 2 6 1 4691 1455 4699
6556 2 2 6 1 3585 4699 1163
6557 2 2 6 1 1455 4700 4699
6558 2 2 6 1 4700 4701 4699
6559 2 2 6 1 4700 1458 4701
6560 2 2 6 1 4699 4701 1163
6561 2 2 6 1 1455 4690 4700
6562 2 2 6 1 4690 4702 4700
6563 2 2 6 1 4690 641 4702
6564 2 2 6 1 4700 4702 1458
6565 2 2 6 1 1163 4701 3586
6566 2 2 6 1 4701 4703 3586
6567 2 2 6 1 4701 1458 4703
6568 2 2 6 1 3586 4703 393
6569 2 2 6 1 67 38 4257
6570 2 2 6 1 38 4704 4257
6571 2 2 6 1 38 49 4704
6572 2 2 6 1 4257 4704 1345
6573 2 2 6 1 49 4705 4704
6574 2 2 6 1 4705 4706 4704
6575 2 2 6 1 4705 1459 4706
6576 2 2 6 1 4704 4706 1345
6577 2 2 6 1 49 37 4705
6578 2 2 6 1 37 4707 4705
6579 2 2 6 1 37 77 4707
6580 2 2 6 1 4705 4707 1459
6581 2 2 6 1 1345 4706 4258
6582 2 2 6 1 4706 4708 4258
6583 2 2 6 1 4706 1459 4708
6584 2 2 6 1 4258 4708 612
6585 2 2 6 1 77 4709 4707
6586 2 2 6 1 4709 4710 4707
6587 2 2 6 1 4709 1460 4710
6588 2 2 6 1 4707 4710 1459
6589 2 2 6 1 1460 4711 4710
6590 2 2 6 1 4711 4712 4710
6591 2 2 6 1 4711 1461 4712
6592 2 2 6 1 4710 4712 1459
6593 2 2 6 1 1460 4713 4711
6594 2 2 6 1 4713 4714 4711
6595 2 2 6 1 4713 636 4714
6596 2 2 6 1 4711 4714 1461
6597 2 2 6 1 1459 4712 4708
6598 2 2 6 1 4712 4715 4708
6599 2 2 6 1 4712 1461 4715
6600 2 2 6 1 4708 4715 612
6601 2 2 6 1 77 36 4709
6602 2 2 6 1 36 4716 4709
6603 2 2 6 1 36 48 4716
6604 2 2 6 1 4709 4716 1460
6605 2 2 6 1 48 4717 4716
6606 2 2 6 1 4717 4718 4716
6607 2 2 6 1 4717 1432 4718
6608 2 2 6 1 4716 4718 1460
6609 2 2 6 1 48 35 4717
6610 2 2 6 1 35 4588 4717
6611 2 2 6 1 35 68 4588
6612 2 2 6 1 4717 4588 1432
6613 2 2 6 1 1460 4718 4713
6614 2 2 6 1 4718 4594 4713
6615 2 2 6 1 4718 1432 4594
6616 2 2 6 1 4713 4594 636
6617 2 2 6 1 612 4715 4262
6618 2 2 6 1 4715 4719 4262
6619 2 2 6 1 4715 1461 4719
6620 2 2 6 1 4262 4719 1346
6621 2 2 6 1 1461 4720 4719
6622 2 2 6 1 4720 4721 4719
6623 2 2 6 1 4720 1436 4721
6624 2 2 6 1 4719 4721 1346
6625 2 2 6 1 1461 4714 4720
6626 2 2 6 1 4714 4608 4720
6627 2 2 6 1 4714 636 4608
6628 2 2 6 1 4720 4608 1436
6629 2 2 6 1 1346 4721 4263
6630 2 2 6 1 4721 4611 4263
6631 2 2 6 1 4721 1436 4611
6632 2 2 6 1 4263 4611 395
6633 2 2 6 1 387 3983 4723
6634 2 2 6 1 3983 4722 4723
6635 2 2 6 1 3983 1273 4722
6636 2 2 6 1 4723 4722 1463
6637 2 2 6 1 1273 4724 4722
6638 2 2 6 1 4724 4725 4722
6639 2 2 6 1 4724 1462 4725
6640 2 2 6 1 4722 4725 1463
6641 2 2 6 1 1273 3988 4724
6642 2 2 6 1 3988 4726 4724
6643 2 2 6 1 3988 593 4726
6644 2 2 6 1 4724 4726 1462
6645 2 2 6 1 1463 4725 4728
6646 2 2 6 1 4725 4727 4728
6647 2 2 6 1 4725 1462 4727
6648 2 2 6 1 4728 4727 643
6649 2 2 6 1 593 4729 4726
6650 2 2 6 1 4729 4730 4726
6651 2 2 6 1 4729 1464 4730
6652 2 2 6 1 4726 4730 1462
6653 2 2 6 1 1464 4731 4730
6654 2 2 6 1 4731 4732 4730
6655 2 2 6 1 4731 1465 4732
6656 2 2 6 1 4730 4732 1462
6657 2 2 6 1 1464 4733 4731
6658 2 2 6 1 4733 4734 4731
6659 2 2 6 1 4733 642 4734
6660 2 2 6 1 4731 4734 1465
6661 2 2 6 1 1462 4732 4727
6662 2 2 6 1 4732 4735 4727
6663 2 2 6 1 4732 1465 4735
6664 2 2 6 1 4727 4735 643
6665 2 2 6 1 593 4002 4729
6666 2 2 6 1 4002 4736 4729
6667 2 2 6 1 4002 1278 4736
6668 2 2 6 1 4729 4736 1464
6669 2 2 6 1 1278 4737 4736
6670 2 2 6 1 4737 4738 4736
6671 2 2 6 1 4737 1466 4738
6672 2 2 6 1 4736 4738 1464
6673 2 2 6 1 1278 4007 4737
6674 2 2 6 1 4007 4739 4737
6675 2 2 6 1 4007 388 4739
6676 2 2 6 1 4737 4739 1466
6677 2 2 6 1 1464 4738 4733
6678 2 2 6 1 4738 4740 4733
6679 2 2 6 1 4738 1466 4740
6680 2 2 6 1 4733 4740 642
6681 2 2 6 1 643 4735 4742
6682 2 2 6 1 4735 4741 4742
6683 2 2 6 1 4735 1465 4741
6684 2 2 6 1 4742 4741 1468
6685 2 2 6 1 1465 4743 4741
6686 2 2 6 1 4743 4744 4741
6687 2 2 6 1 4743 1467 4744
6688 2 2 6 1 4741 4744 1468
6689 2 2 6 1 1465 4734 4743
6690 2 2 6 1 4734 4745 4743
6691 2 2 6 1 4734 642 4745
6692 2 2 6 1 4743 4745 1467
6693 2 2 6 1 1468 4744 4747
6694 2 2 6 1 4744 4746 4747
6695 2 2 6 1 4744 1467 4746
6696 2 2 6 1 4747 4746 389
6697 2 2 6 1 416 4748 4631
6698 2 2 6 1 4748 4749 4631
6699 2 2 6 1 4748 1469 4749
6700 2 2 6 1 4631 4749 1442
6701 2 2 6 1 1469 4750 4749
6702 2 2 6 1 4750 4751 4749
6703 2 2 6 1 4750 1470 4751
6704 2 2 6 1 4749 4751 1442
6705 2 2 6 1 1469 4752 4750
6706 2 2 6 1 4752 4753 4750
6707 2 2 6 1 4752 644 4753
6708 2 2 6 1 4750 4753 1470
6709 2 2 6 1 1442 4751 4632
6710 2 2 6 1 4751 4754 4632
6711 2 2 6 1 4751 1470 4754
6712 2 2 6 1 4632 4754 638
6713 2 2 6 1 644 4755 4753
6714 2 2 6 1 4755 4756 4753
6715 2 2 6 1 4755 1471 4756
6716 2 2 6 1 4753 4756 1470
6717 2 2 6 1 1471 4757 4756
6718 2 2 6 1 4757 4758 4756
6719 2 2 6 1 4757 1472 4758
6720 2 2 6 1 4756 4758 1470
6721 2 2 6 1 1471 4759 4757
6722 2 2 6 1 4759 4760 4757
6723 2 2 6 1 4759 645 4760
6724 2 2 6 1 4757 4760 1472
6725 2 2 6 1 1470 4758 4754
6726 2 2 6 1 4758 4761 4754
6727 2 2 6 1 4758 1472 4761
6728 2 2 6 1 4754 4761 638
6729 2 2 6 1 644 4762 4755
6730 2 2 6 1 4762 4763 4755
6731 2 2 6 1 4762 1473 4763
6732 2 2 6 1 4755 4763 1471
6733 2 2 6 1 1473 4764 4763
6734 2 2 6 1 4764 4765 4763
6735 2 2 6 1 4764 1474 4765
6736 2 2 6 1 4763 4765 1471
6737 2 2 6 1 1473 4766 4764
6738 2 2 6 1 4766 4767 4764
6739 2 2 6 1 4766 364 4767
6740 2 2 6 1 4764 4767 1474
6741 2 2 6 1 1471 4765 4759
6742 2 2 6 1 4765 4768 4759
6743 2 2 6 1 4765 1474 4768
6744 2 2 6 1 4759 4768 645
6745 2 2 6 1 638 4761 4636
6746 2 2 6 1 4761 4769 4636
6747 2 2 6 1 4761 1472 4769
6748 2 2 6 1 4636 4769 1443
6749 2 2 6 1 1472 4770 4769
6750 2 2 6 1 4770 4771 4769
6751 2 2 6 1 4770 1475 4771
6752 2 2 6 1 4769 4771 1443
6753 2 2 6 1 1472 4760 4770
6754 2 2 6 1 4760 4772 4770
6755 2 2 6 1 4760 645 4772
6756 2 2 6 1 4770 4772 1475
6757 2 2 6 1 1443 4771 4637
6758 2 2 6 1 4771 4773 4637
6759 2 2 6 1 4771 1475 4773
6760 2 2 6 1 4637 4773 419
6761 2 2 6 1 308 274 4490
6762 2 2 6 1 274 4774 4490
6763 2 2 6 1 274 288 4774
6764 2 2 6 1 4490 4774 1406
6765 2 2 6 1 288 4775 4774
6766 2 2 6 1 4775 4776 4774
6767 2 2 6 1 4775 1476 4776
6768 2 2 6 1 4774 4776 1406
6769 2 2 6 1 288 273 4775
6770 2 2 6 1 273 4777 4775
6771 2 2 6 1 273 318 4777
6772 2 2 6 1 4775 4777 1476
6773 2 2 6 1 1406 4776 4495
6774 2 2 6 1 4776 4778 4495
6775 2 2 6 1 4776 1476 4778
6776 2 2 6 1 4495 4778 629
6777 2 2 6 1 318 4779 4777
6778 2 2 6 1 4779 4780 4777
6779 2 2 6 1 4779 1477 4780
6780 2 2 6 1 4777 4780 1476
6781 2 2 6 1 1477 4781 4780
6782 2 2 6 1 4781 4782 4780
6783 2 2 6 1 4781 1478 4782
6784 2 2 6 1 4780 4782 1476
6785 2 2 6 1 1477 4783 4781
6786 2 2 6 1 4783 4784 4781
6787 2 2 6 1 4783 646 4784
6788 2 2 6 1 4781 4784 1478
6789 2 2 6 1 1476 4782 4778
6790 2 2 6 1 4782 4785 4778
6791 2 2 6 1 4782 1478 4785
6792 2 2 6 1 4778 4785 629
6793 2 2 6 1 318 262 4779
6794 2 2 6 1 262 4786 4779
6795 2 2 6 1 262 287 4786
6796 2 2 6 1 4779 4786 1477
6797 2 2 6 1 287 4787 4786
6798 2 2 6 1 4787 4788 4786
6799 2 2 6 1 4787 1479 4788
6800 2 2 6 1 4786 4788 1477
6801 2 2 6 1 287 271 4787
6802 2 2 6 1 271 4789 4787
6803 2 2 6 1 271 309 4789
6804 2 2 6 1 4787 4789 1479
6805 2 2 6 1 1477 4788 4783
6806 2 2 6 1 4788 4790 4783
6807 2 2 6 1 4788 1479 4790
6808 2 2 6 1 4783 4790 646
6809 2 2 6 1 629 4785 4506
6810 2 2 6 1 4785 4791 4506
6811 2 2 6 1 4785 1478 4791
6812 2 2 6 1 4506 4791 1411
6813 2 2 6 1 1478 4792 4791
6814 2 2 6 1 4792 4793 4791
6815 2 2 6 1 4792 1480 4793
6816 2 2 6 1 4791 4793 1411
6817 2 2 6 1 1478 4784 4792
6818 2 2 6 1 4784 4794 4792
6819 2 2 6 1 4784 646 4794
6820 2 2 6 1 4792 4794 1480
6821 2 2 6 1 1411 4793 4510
6822 2 2 6 1 4793 4795 4510
6823 2 2 6 1 4793 1480 4795
6824 2 2 6 1 4510 4795 369
6825 2 2 6 1 397 4462 4797
6826 2 2 6 1 4462 4796 4797
6827 2 2 6 1 4462 1397 4796
6828 2 2 6 1 4797 4796 1482
6829 2 2 6 1 1397 4798 4796
6830 2 2 6 1 4798 4799 4796
6831 2 2 6 1 4798 1481 4799
6832 2 2 6 1 4796 4799 1482
6833 2 2 6 1 1397 4461 4798
6834 2 2 6 1 4461 4800 4798
6835 2 2 6 1 4461 625 4800
6836 2 2 6 1 4798 4800 1481
6837 2 2 6 1 1482 4799 4802
6838 2 2 6 1 4799 4801 4802
6839 2 2 6 1 4799 1481 4801
6840 2 2 6 1 4802 4801 648
6841 2 2 6 1 625 4803 4800
6842 2 2 6 1 4803 4804 4800
6843 2 2 6 1 4803 1483 4804
6844 2 2 6 1 4800 4804 1481
6845 2 2 6 1 1483 4805 4804
6846 2 2 6 1 4805 4806 4804
6847 2 2 6 1 4805 1484 4806
6848 2 2 6 1 4804 4806 1481
6849 2 2 6 1 1483 4807 4805
6850 2 2 6 1 4807 4808 4805
6851 2 2 6 1 4807 647 4808
6852 2 2 6 1 4805 4808 1484
6853 2 2 6 1 1481 4806 4801
6854 2 2 6 1 4806 4809 4801
6855 2 2 6 1 4806 1484 4809
6856 2 2 6 1 4801 4809 648
6857 2 2 6 1 625 4456 4803
6858 2 2 6 1 4456 4810 4803
6859 2 2 6 1 4456 1396 4810
6860 2 2 6 1 4803 4810 1483
6861 2 2 6 1 1396 4811 4810
6862 2 2 6 1 4811 4812 4810
6863 2 2 6 1 4811 1485 4812
6864 2 2 6 1 4810 4812 1483
6865 2 2 6 1 1396 4455 4811
6866 2 2 6 1 4455 4813 4811
6867 2 2 6 1 4455 396 4813
6868 2 2 6 1 4811 4813 1485
6869 2 2 6 1 1483 4812 4807
6870 2 2 6 1 4812 4814 4807
6871 2 2 6 1 4812 1485 4814
6872 2 2 6 1 4807 4814 647
6873 2 2 6 1 648 4809 4816
6874 2 2 6 1 4809 4815 4816
6875 2 2 6 1 4809 1484 4815
6876 2 2 6 1 4816 4815 1487
6877 2 2 6 1 1484 4817 4815
6878 2 2 6 1 4817 4818 4815
6879 2 2 6 1 4817 1486 4818
6880 2 2 6 1 4815 4818 1487
6881 2 2 6 1 1484 4808 4817
6882 2 2 6 1 4808 4819 4817
6883 2 2 6 1 4808 647 4819
6884 2 2 6 1 4817 4819 1486
6885 2 2 6 1 1487 4818 4821
6886 2 2 6 1 4818 4820 4821
6887 2 2 6 1 4818 1486 4820
6888 2 2 6 1 4821 4820 398
6889 2 2 6 1 397 4797 4464
6890 2 2 6 1 4797 4822 4464
6891 2 2 6 1 4797 1482 4822
6892 2 2 6 1 4464 4822 1399
6893 2 2 6 1 1482 4823 4822
6894 2 2 6 1 4823 4824 4822
6895 2 2 6 1 4823 1488 4824
6896 2 2 6 1 4822 4824 1399
6897 2 2 6 1 1482 4802 4823
6898 2 2 6 1 4802 4825 4823
6899 2 2 6 1 4802 648 4825
6900 2 2 6 1 4823 4825 1488
6901 2 2 6 1 1399 4824 4469
6902 2 2 6 1 4824 4826 4469
6903 2 2 6 1 4824 1488 4826
6904 2 2 6 1 4469 4826 627
6905 2 2 6 1 648 4827 4825
6906 2 2 6 1 4827 4828 4825
6907 2 2 6 1 4827 1489 4828
6908 2 2 6 1 4825 4828 1488
6909 2 2 6 1 1489 4829 4828
6910 2 2 6 1 4829 4830 4828
6911 2 2 6 1 4829 1490 4830
6912 2 2 6 1 4828 4830 1488
6913 2 2 6 1 1489 4831 4829
6914 2 2 6 1 4831 4832 4829
6915 2 2 6 1 4831 649 4832
6916 2 2 6 1 4829 4832 1490
6917 2 2 6 1 1488 4830 4826
6918 2 2 6 1 4830 4833 4826
6919 2 2 6 1 4830 1490 4833
6920 2 2 6 1 4826 4833 627
6921 2 2 6 1 648 4816 4827
6922 2 2 6 1 4816 4834 4827
6923 2 2 6 1 4816 1487 4834
6924 2 2 6 1 4827 4834 1489
6925 2 2 6 1 1487 4835 4834
6926 2 2 6 1 4835 4836 4834
6927 2 2 6 1 4835 1491 4836
6928 2 2 6 1 4834 4836 1489
6929 2 2 6 1 1487 4821 4835
6930 2 2 6 1 4821 4837 4835
6931 2 2 6 1 4821 398 4837
6932 2 2 6 1 4835 4837 1491
6933 2 2 6 1 1489 4836 4831
6934 2 2 6 1 4836 4838 4831
6935 2 2 6 1 4836 1491 4838
6936 2 2 6 1 4831 4838 649
6937 2 2 6 1 627 4833 4480
6938 2 2 6 1 4833 4839 4480
6939 2 2 6 1 4833 1490 4839
6940 2 2 6 1 4480 4839 1404
6941 2 2 6 1 1490 4840 4839
6942 2 2 6 1 4840 4841 4839
6943 2 2 6 1 4840 1492 4841
6944 2 2 6 1 4839 4841 1404
6945 2 2 6 1 1490 4832 4840
6946 2 2 6 1 4832 4842 4840
6947 2 2 6 1 4832 649 4842
6948 2 2 6 1 4840 4842 1492
6949 2 2 6 1 1404 4841 4484
6950 2 2 6 1 4841 4843 4484
6951 2 2 6 1 4841 1492 4843
6952 2 2 6 1 4484 4843 399
6953 2 2 6 1 409 4584 4845
6954 2 2 6 1 4584 4844 4845
6955 2 2 6 1 4584 1428 4844
6956 2 2 6 1 4845 4844 1494
6957 2 2 6 1 1428 4846 4844
6958 2 2 6 1 4846 4847 4844
6959 2 2 6 1 4846 1493 4847
6960 2 2 6 1 4844 4847 1494
6961 2 2 6 1 1428 4583 4846
6962 2 2 6 1 4583 4848 4846
6963 2 2 6 1 4583 633 4848
6964 2 2 6 1 4846 4848 1493
6965 2 2 6 1 1494 4847 4850
6966 2 2 6 1 4847 4849 4850
6967 2 2 6 1 4847 1493 4849
6968 2 2 6 1 4850 4849 651
6969 2 2 6 1 633 4851 4848
6970 2 2 6 1 4851 4852 4848
6971 2 2 6 1 4851 1495 4852
6972 2 2 6 1 4848 4852 1493
6973 2 2 6 1 1495 4853 4852
6974 2 2 6 1 4853 4854 4852
6975 2 2 6 1 4853 1496 4854
6976 2 2 6 1 4852 4854 1493
6977 2 2 6 1 1495 4855 4853
6978 2 2 6 1 4855 4856 4853
6979 2 2 6 1 4855 650 4856
6980 2 2 6 1 4853 4856 1496
6981 2 2 6 1 1493 4854 4849
6982 2 2 6 1 4854 4857 4849
6983 2 2 6 1 4854 1496 4857
6984 2 2 6 1 4849 4857 651
6985 2 2 6 1 633 4578 4851
6986 2 2 6 1 4578 4858 4851
6987 2 2 6 1 4578 1427 4858
6988 2 2 6 1 4851 4858 1495
6989 2 2 6 1 1427 4859 4858
6990 2 2 6 1 4859 4860 4858
6991 2 2 6 1 4859 1497 4860
6992 2 2 6 1 4858 4860 1495
6993 2 2 6 1 1427 4577 4859
6994 2 2 6 1 4577 4861 4859
6995 2 2 6 1 4577 408 4861
6996 2 2 6 1 4859 4861 1497
6997 2 2 6 1 1495 4860 4855
6998 2 2 6 1 4860 4862 4855
6999 2 2 6 1 4860 1497 4862
7000 2 2 6 1 4855 4862 650
7001 2 2 6 1 651 4857 4864
7002 2 2 6 1 4857 4863 4864
7003 2 2 6 1 4857 1496 4863
7004 2 2 6 1 4864 4863 1499
7005 2 2 6 1 1496 4865 4863
7006 2 2 6 1 4865 4866 4863
7007 2 2 6 1 4865 1498 4866
7008 2 2 6 1 4863 4866 1499
7009 2 2 6 1 1496 4856 4865
7010 2 2 6 1 4856 4867 4865
7011 2 2 6 1 4856 650 4867
7012 2 2 6 1 4865 4867 1498
7013 2 2 6 1 1499 4866 4869
7014 2 2 6 1 4866 4868 4869
7015 2 2 6 1 4866 1498 4868
7016 2 2 6 1 4869 4868 410
7017 2 2 6 1 228 198 3926
7018 2 2 6 1 198 4870 3926
7019 2 2 6 1 198 210 4870
7020 2 2 6 1 3926 4870 1256
7021 2 2 6 1 210 4871 4870
7022 2 2 6 1 4871 4872 4870
7023 2 2 6 1 4871 1500 4872
7024 2 2 6 1 4870 4872 1256
7025 2 2 6 1 210 197 4871
7026 2 2 6 1 197 4873 4871
7027 2 2 6 1 197 238 4873
7028 2 2 6 1 4871 4873 1500
7029 2 2 6 1 1256 4872 3931
7030 2 2 6 1 4872 4874 3931
7031 2 2 6 1 4872 1500 4874
7032 2 2 6 1 3931 4874 587
7033 2 2 6 1 238 4875 4873
7034 2 2 6 1 4875 4876 4873
7035 2 2 6 1 4875 1501 4876
7036 2 2 6 1 4873 4876 1500
7037 2 2 6 1 1501 4877 4876
7038 2 2 6 1 4877 4878 4876
7039 2 2 6 1 4877 1502 4878
7040 2 2 6 1 4876 4878 1500
7041 2 2 6 1 1501 4879 4877
7042 2 2 6 1 4879 4880 4877
7043 2 2 6 1 4879 603 4880
7044 2 2 6 1 4877 4880 1502
7045 2 2 6 1 1500 4878 4874
7046 2 2 6 1 4878 4881 4874
7047 2 2 6 1 4878 1502 4881
7048 2 2 6 1 4874 4881 587
7049 2 2 6 1 238 196 4875
7050 2 2 6 1 196 4882 4875
7051 2 2 6 1 196 209 4882
7052 2 2 6 1 4875 4882 1501
7053 2 2 6 1 209 4883 4882
7054 2 2 6 1 4883 4884 4882
7055 2 2 6 1 4883 1316 4884
7056 2 2 6 1 4882 4884 1501
7057 2 2 6 1 209 195 4883
7058 2 2 6 1 195 4152 4883
7059 2 2 6 1 195 229 4152
7060 2 2 6 1 4883 4152 1316
7061 2 2 6 1 1501 4884 4879
7062 2 2 6 1 4884 4148 4879
7063 2 2 6 1 4884 1316 4148
7064 2 2 6 1 4879 4148 603
7065 2 2 6 1 587 4881 3942
7066 2 2 6 1 4881 4885 3942
7067 2 2 6 1 4881 1502 4885
7068 2 2 6 1 3942 4885 1261
7069 2 2 6 1 1502 4886 4885
7070 2 2 6 1 4886 4887 4885
7071 2 2 6 1 4886 1312 4887
7072 2 2 6 1 4885 4887 1261
7073 2 2 6 1 1502 4880 4886
7074 2 2 6 1 4880 4138 4886
7075 2 2 6 1 4880 603 4138
7076 2 2 6 1 4886 4138 1312
7077 2 2 6 1 1261 4887 3946
7078 2 2 6 1 4887 4134 3946
7079 2 2 6 1 4887 1312 4134
7080 2 2 6 1 3946 4134 367
7081 2 2 6 1 403 4888 4612
7082 2 2 6 1 4888 4889 4612
7083 2 2 6 1 4888 1503 4889
7084 2 2 6 1 4612 4889 1437
7085 2 2 6 1 1503 4890 4889
7086 2 2 6 1 4890 4891 4889
7087 2 2 6 1 4890 1504 4891
7088 2 2 6 1 4889 4891 1437
7089 2 2 6 1 1503 4892 4890
7090 2 2 6 1 4892 4893 4890
7091 2 2 6 1 4892 652 4893
7092 2 2 6 1 4890 4893 1504
7093 2 2 6 1 1437 4891 4616
7094 2 2 6 1 4891 4894 4616
7095 2 2 6 1 4891 1504 4894
7096 2 2 6 1 4616 4894 637
7097 2 2 6 1 652 4895 4893
7098 2 2 6 1 4895 4896 4893
7099 2 2 6 1 4895 1505 4896
7100 2 2 6 1 4893 4896 1504
7101 2 2 6 1 1505 4897 4896
7102 2 2 6 1 4897 4898 4896
7103 2 2 6 1 4897 1506 4898
7104 2 2 6 1 4896 4898 1504
7105 2 2 6 1 1505 4899 4897
7106 2 2 6 1 4899 4900 4897
7107 2 2 6 1 4899 653 4900
7108 2 2 6 1 4897 4900 1506
7109 2 2 6 1 1504 4898 4894
7110 2 2 6 1 4898 4901 4894
7111 2 2 6 1 4898 1506 4901
7112 2 2 6 1 4894 4901 637
7113 2 2 6 1 652 4902 4895
7114 2 2 6 1 4902 4903 4895
7115 2 2 6 1 4902 1507 4903
7116 2 2 6 1 4895 4903 1505
7117 2 2 6 1 1507 4904 4903
7118 2 2 6 1 4904 4905 4903
7119 2 2 6 1 4904 1508 4905
7120 2 2 6 1 4903 4905 1505
7121 2 2 6 1 1507 4906 4904
7122 2 2 6 1 4906 4907 4904
7123 2 2 6 1 4906 405 4907
7124 2 2 6 1 4904 4907 1508
7125 2 2 6 1 1505 4905 4899
7126 2 2 6 1 4905 4908 4899
7127 2 2 6 1 4905 1508 4908
7128 2 2 6 1 4899 4908 653
7129 2 2 6 1 637 4901 4626
7130 2 2 6 1 4901 4909 4626
7131 2 2 6 1 4901 1506 4909
7132 2 2 6 1 4626 4909 1441
7133 2 2 6 1 1506 4910 4909
7134 2 2 6 1 4910 4911 4909
7135 2 2 6 1 4910 1509 4911
7136 2 2 6 1 4909 4911 1441
7137 2 2 6 1 1506 4900 4910
7138 2 2 6 1 4900 4912 4910
7139 2 2 6 1 4900 653 4912
7140 2 2 6 1 4910 4912 1509
7141 2 2 6 1 1441 4911 4630
7142 2 2 6 1 4911 4913 4630
7143 2 2 6 1 4911 1509 4913
7144 2 2 6 1 4630 4913 416
7145 2 2 6 1 229 194 4153
7146 2 2 6 1 194 4914 4153
7147 2 2 6 1 194 208 4914
7148 2 2 6 1 4153 4914 1317
7149 2 2 6 1 208 4915 4914
7150 2 2 6 1 4915 4916 4914
7151 2 2 6 1 4915 1510 4916
7152 2 2 6 1 4914 4916 1317
7153 2 2 6 1 208 193 4915
7154 2 2 6 1 193 4917 4915
7155 2 2 6 1 193 239 4917
7156 2 2 6 1 4915 4917 1510
7157 2 2 6 1 1317 4916 4154
7158 2 2 6 1 4916 4918 4154
7159 2 2 6 1 4916 1510 4918
7160 2 2 6 1 4154 4918 604
7161 2 2 6 1 239 4919 4917
7162 2 2 6 1 4919 4920 4917
7163 2 2 6 1 4919 1511 4920
7164 2 2 6 1 4917 4920 1510
7165 2 2 6 1 1511 4921 4920
7166 2 2 6 1 4921 4922 4920
7167 2 2 6 1 4921 1512 4922
7168 2 2 6 1 4920 4922 1510
7169 2 2 6 1 1511 4923 4921
7170 2 2 6 1 4923 4924 4921
7171 2 2 6 1 4923 620 4924
7172 2 2 6 1 4921 4924 1512
7173 2 2 6 1 1510 4922 4918
7174 2 2 6 1 4922 4925 4918
7175 2 2 6 1 4922 1512 4925
7176 2 2 6 1 4918 4925 604
7177 2 2 6 1 239 182 4919
7178 2 2 6 1 182 4926 4919
7179 2 2 6 1 182 207 4926
7180 2 2 6 1 4919 4926 1511
7181 2 2 6 1 207 4927 4926
7182 2 2 6 1 4927 4928 4926
7183 2 2 6 1 4927 1371 4928
7184 2 2 6 1 4926 4928 1511
7185 2 2 6 1 207 191 4927
7186 2 2 6 1 191 4347 4927
7187 2 2 6 1 191 230 4347
7188 2 2 6 1 4927 4347 1371
7189 2 2 6 1 1511 4928 4923
7190 2 2 6 1 4928 4352 4923
7191 2 2 6 1 4928 1371 4352
7192 2 2 6 1 4923 4352 620
7193 2 2 6 1 604 4925 4158
7194 2 2 6 1 4925 4929 4158
7195 2 2 6 1 4925 1512 4929
7196 2 2 6 1 4158 4929 1318
7197 2 2 6 1 1512 4930 4929
7198 2 2 6 1 4930 4931 4929
7199 2 2 6 1 4930 1374 4931
7200 2 2 6 1 4929 4931 1318
7201 2 2 6 1 1512 4924 4930
7202 2 2 6 1 4924 4364 4930
7203 2 2 6 1 4924 620 4364
7204 2 2 6 1 4930 4364 1374
7205 2 2 6 1 1318 4931 4159
7206 2 2 6 1 4931 4367 4159
7207 2 2 6 1 4931 1374 4367
7208 2 2 6 1 4159 4367 386
7209 2 2 6 1 307 278 4290
7210 2 2 6 1 278 4932 4290
7211 2 2 6 1 278 290 4932
7212 2 2 6 1 4290 4932 1354
7213 2 2 6 1 290 4933 4932
7214 2 2 6 1 4933 4934 4932
7215 2 2 6 1 4933 1513 4934
7216 2 2 6 1 4932 4934 1354
7217 2 2 6 1 290 277 4933
7218 2 2 6 1 277 4935 4933
7219 2 2 6 1 277 317 4935
7220 2 2 6 1 4933 4935 1513
7221 2 2 6 1 1354 4934 4295
7222 2 2 6 1 4934 4936 4295
7223 2 2 6 1 4934 1513 4936
7224 2 2 6 1 4295 4936 615
7225 2 2 6 1 317 4937 4935
7226 2 2 6 1 4937 4938 4935
7227 2 2 6 1 4937 1514 4938
7228 2 2 6 1 4935 4938 1513
7229 2 2 6 1 1514 4939 4938
7230 2 2 6 1 4939 4940 4938
7231 2 2 6 1 4939 1515 4940
7232 2 2 6 1 4938 4940 1513
7233 2 2 6 1 1514 4941 4939
7234 2 2 6 1 4941 4942 4939
7235 2 2 6 1 4941 630 4942
7236 2 2 6 1 4939 4942 1515
7237 2 2 6 1 1513 4940 4936
7238 2 2 6 1 4940 4943 4936
7239 2 2 6 1 4940 1515 4943
7240 2 2 6 1 4936 4943 615
7241 2 2 6 1 317 276 4937
7242 2 2 6 1 276 4944 4937
7243 2 2 6 1 276 289 4944
7244 2 2 6 1 4937 4944 1514
7245 2 2 6 1 289 4945 4944
7246 2 2 6 1 4945 4946 4944
7247 2 2 6 1 4945 1408 4946
7248 2 2 6 1 4944 4946 1514
7249 2 2 6 1 289 275 4945
7250 2 2 6 1 275 4492 4945
7251 2 2 6 1 275 308 4492
7252 2 2 6 1 4945 4492 1408
7253 2 2 6 1 1514 4946 4941
7254 2 2 6 1 4946 4498 4941
7255 2 2 6 1 4946 1408 4498
7256 2 2 6 1 4941 4498 630
7257 2 2 6 1 615 4943 4306
7258 2 2 6 1 4943 4947 4306
7259 2 2 6 1 4943 1515 4947
7260 2 2 6 1 4306 4947 1359
7261 2 2 6 1 1515 4948 4947
7262 2 2 6 1 4948 4949 4947
7263 2 2 6 1 4948 1412 4949
7264 2 2 6 1 4947 4949 1359
7265 2 2 6 1 1515 4942 4948
7266 2 2 6 1 4942 4512 4948
7267 2 2 6 1 4942 630 4512
7268 2 2 6 1 4948 4512 1412
7269 2 2 6 1 1359 4949 4310
7270 2 2 6 1 4949 4515 4310
7271 2 2 6 1 4949 1412 4515
7272 2 2 6 1 4310 4515 417
7273 2 2 6 1 68 34 4586
7274 2 2 6 1 34 4950 4586
7275 2 2 6 1 34 47 4950
7276 2 2 6 1 4586 4950 1430
7277 2 2 6 1 47 4951 4950
7278 2 2 6 1 4951 4952 4950
7279 2 2 6 1 4951 1516 4952
7280 2 2 6 1 4950 4952 1430
7281 2 2 6 1 47 33 4951
7282 2 2 6 1 33 4953 4951
7283 2 2 6 1 33 78 4953
7284 2 2 6 1 4951 4953 1516
7285 2 2 6 1 1430 4952 4591
7286 2 2 6 1 4952 4954 4591
7287 2 2 6 1 4952 1516 4954
7288 2 2 6 1 4591 4954 635
7289 2 2 6 1 78 4955 4953
7290 2 2 6 1 4955 4956 4953
7291 2 2 6 1 4955 1517 4956
7292 2 2 6 1 4953 4956 1516
7293 2 2 6 1 1517 4957 4956
7294 2 2 6 1 4957 4958 4956
7295 2 2 6 1 4957 1518 4958
7296 2 2 6 1 4956 4958 1516
7297 2 2 6 1 1517 4959 4957
7298 2 2 6 1 4959 4960 4957
7299 2 2 6 1 4959 575 4960
7300 2 2 6 1 4957 4960 1518
7301 2 2 6 1 1516 4958 4954
7302 2 2 6 1 4958 4961 4954
7303 2 2 6 1 4958 1518 4961
7304 2 2 6 1 4954 4961 635
7305 2 2 6 1 78 22 4955
7306 2 2 6 1 22 4962 4955
7307 2 2 6 1 22 46 4962
7308 2 2 6 1 4955 4962 1517
7309 2 2 6 1 46 4963 4962
7310 2 2 6 1 4963 4964 4962
7311 2 2 6 1 4963 1219 4964
7312 2 2 6 1 4962 4964 1517
7313 2 2 6 1 46 31 4963
7314 2 2 6 1 31 3790 4963
7315 2 2 6 1 31 69 3790
7316 2 2 6 1 4963 3790 1219
7317 2 2 6 1 1517 4964 4959
7318 2 2 6 1 4964 3786 4959
7319 2 2 6 1 4964 1219 3786
7320 2 2 6 1 4959 3786 575
7321 2 2 6 1 635 4961 4602
7322 2 2 6 1 4961 4965 4602
7323 2 2 6 1 4961 1518 4965
7324 2 2 6 1 4602 4965 1435
7325 2 2 6 1 1518 4966 4965
7326 2 2 6 1 4966 4967 4965
7327 2 2 6 1 4966 1214 4967
7328 2 2 6 1 4965 4967 1435
7329 2 2 6 1 1518 4960 4966
7330 2 2 6 1 4960 3775 4966
7331 2 2 6 1 4960 575 3775
7332 2 2 6 1 4966 3775 1214
7333 2 2 6 1 1435 4967 4606
7334 2 2 6 1 4967 3770 4606
7335 2 2 6 1 4967 1214 3770
7336 2 2 6 1 4606 3770 366
7337 2 2 6 1 391 4968 4970
7338 2 2 6 1 4968 4969 4970
7339 2 2 6 1 4968 1519 4969
7340 2 2 6 1 4970 4969 1521
7341 2 2 6 1 1519 4971 4969
7342 2 2 6 1 4971 4972 4969
7343 2 2 6 1 4971 1520 4972
7344 2 2 6 1 4969 4972 1521
7345 2 2 6 1 1519 4973 4971
7346 2 2 6 1 4973 4974 4971
7347 2 2 6 1 4973 654 4974
7348 2 2 6 1 4971 4974 1520
7349 2 2 6 1 1521 4972 4976
7350 2 2 6 1 4972 4975 4976
7351 2 2 6 1 4972 1520 4975
7352 2 2 6 1 4976 4975 656
7353 2 2 6 1 654 4977 4974
7354 2 2 6 1 4977 4978 4974
7355 2 2 6 1 4977 1522 4978
7356 2 2 6 1 4974 4978 1520
7357 2 2 6 1 1522 4979 4978
7358 2 2 6 1 4979 4980 4978
7359 2 2 6 1 4979 1523 4980
7360 2 2 6 1 4978 4980 1520
7361 2 2 6 1 1522 4981 4979
7362 2 2 6 1 4981 4982 4979
7363 2 2 6 1 4981 655 4982
7364 2 2 6 1 4979 4982 1523
7365 2 2 6 1 1520 4980 4975
7366 2 2 6 1 4980 4983 4975
7367 2 2 6 1 4980 1523 4983
7368 2 2 6 1 4975 4983 656
7369 2 2 6 1 654 4984 4977
7370 2 2 6 1 4984 4985 4977
7371 2 2 6 1 4984 1524 4985
7372 2 2 6 1 4977 4985 1522
7373 2 2 6 1 1524 4986 4985
7374 2 2 6 1 4986 4987 4985
7375 2 2 6 1 4986 1525 4987
7376 2 2 6 1 4985 4987 1522
7377 2 2 6 1 1524 4988 4986
7378 2 2 6 1 4988 4989 4986
7379 2 2 6 1 4988 389 4989
7380 2 2 6 1 4986 4989 1525
7381 2 2 6 1 1522 4987 4981
7382 2 2 6 1 4987 4990 4981
7383 2 2 6 1 4987 1525 4990
7384 2 2 6 1 4981 4990 655
7385 2 2 6 1 656 4983 4992
7386 2 2 6 1 4983 4991 4992
7387 2 2 6 1 4983 1523 4991
7388 2 2 6 1 4992 4991 1527
7389 2 2 6 1 1523 4993 4991
7390 2 2 6 1 4993 4994 4991
7391 2 2 6 1 4993 1526 4994
7392 2 2 6 1 4991 4994 1527
7393 2 2 6 1 1523 4982 4993
7394 2 2 6 1 4982 4995 4993
7395 2 2 6 1 4982 655 4995
7396 2 2 6 1 4993 4995 1526
7397 2 2 6 1 1527 4994 4997
7398 2 2 6 1 4994 4996 4997
7399 2 2 6 1 4994 1526 4996
7400 2 2 6 1 4997 4996 392
7401 2 2 6 1 398 4820 4999
7402 2 2 6 1 4820 4998 4999
7403 2 2 6 1 4820 1486 4998
7404 2 2 6 1 4999 4998 1529
7405 2 2 6 1 1486 5000 4998
7406 2 2 6 1 5000 5001 4998
7407 2 2 6 1 5000 1528 5001
7408 2 2 6 1 4998 5001 1529
7409 2 2 6 1 1486 4819 5000
7410 2 2 6 1 4819 5002 5000
7411 2 2 6 1 4819 647 5002
7412 2 2 6 1 5000 5002 1528
7413 2 2 6 1 1529 5001 5004
7414 2 2 6 1 5001 5003 5004
7415 2 2 6 1 5001 1528 5003
7416 2 2 6 1 5004 5003 657
7417 2 2 6 1 647 5005 5002
7418 2 2 6 1 5005 5006 5002
7419 2 2 6 1 5005 1530 5006
7420 2 2 6 1 5002 5006 1528
7421 2 2 6 1 1530 5007 5006
7422 2 2 6 1 5007 5008 5006
7423 2 2 6 1 5007 1531 5008
7424 2 2 6 1 5006 5008 1528
7425 2 2 6 1 1530 5009 5007
7426 2 2 6 1 5009 5010 5007
7427 2 2 6 1 5009 584 5010
7428 2 2 6 1 5007 5010 1531
7429 2 2 6 1 1528 5008 5003
7430 2 2 6 1 5008 5011 5003
7431 2 2 6 1 5008 1531 5011
7432 2 2 6 1 5003 5011 657
7433 2 2 6 1 647 4814 5005
7434 2 2 6 1 4814 5012 5005
7435 2 2 6 1 4814 1485 5012
7436 2 2 6 1 5005 5012 1530
7437 2 2 6 1 1485 5013 5012
7438 2 2 6 1 5013 5014 5012
7439 2 2 6 1 5013 1252 5014
7440 2 2 6 1 5012 5014 1530
7441 2 2 6 1 1485 4813 5013
7442 2 2 6 1 4813 3916 5013
7443 2 2 6 1 4813 396 3916
7444 2 2 6 1 5013 3916 1252
7445 2 2 6 1 1530 5014 5009
7446 2 2 6 1 5014 3912 5009
7447 2 2 6 1 5014 1252 3912
7448 2 2 6 1 5009 3912 584
7449 2 2 6 1 657 5011 5016
7450 2 2 6 1 5011 5015 5016
7451 2 2 6 1 5011 1531 5015
7452 2 2 6 1 5016 5015 1532
7453 2 2 6 1 1531 5017 5015
7454 2 2 6 1 5017 5018 5015
7455 2 2 6 1 5017 1247 5018
7456 2 2 6 1 5015 5018 1532
7457 2 2 6 1 1531 5010 5017
7458 2 2 6 1 5010 3901 5017
7459 2 2 6 1 5010 584 3901
7460 2 2 6 1 5017 3901 1247
7461 2 2 6 1 1532 5018 5019
7462 2 2 6 1 5018 3896 5019
7463 2 2 6 1 5018 1247 3896
7464 2 2 6 1 5019 3896 400
7465 2 2 6 1 399 4843 5021
7466 2 2 6 1 4843 5020 5021
7467 2 2 6 1 4843 1492 5020
7468 2 2 6 1 5021 5020 1534
7469 2 2 6 1 1492 5022 5020
7470 2 2 6 1 5022 5023 5020
7471 2 2 6 1 5022 1533 5023
7472 2 2 6 1 5020 5023 1534
7473 2 2 6 1 1492 4842 5022
7474 2 2 6 1 4842 5024 5022
7475 2 2 6 1 4842 649 5024
7476 2 2 6 1 5022 5024 1533
7477 2 2 6 1 1534 5023 5026
7478 2 2 6 1 5023 5025 5026
7479 2 2 6 1 5023 1533 5025
7480 2 2 6 1 5026 5025 659
7481 2 2 6 1 649 5027 5024
7482 2 2 6 1 5027 5028 5024
7483 2 2 6 1 5027 1535 5028
7484 2 2 6 1 5024 5028 1533
7485 2 2 6 1 1535 5029 5028
7486 2 2 6 1 5029 5030 5028
7487 2 2 6 1 5029 1536 5030
7488 2 2 6 1 5028 5030 1533
7489 2 2 6 1 1535 5031 5029
7490 2 2 6 1 5031 5032 5029
7491 2 2 6 1 5031 658 5032
7492 2 2 6 1 5029 5032 1536
7493 2 2 6 1 1533 5030 5025
7494 2 2 6 1 5030 5033 5025
7495 2 2 6 1 5030 1536 5033
7496 2 2 6 1 5025 5033 659
7497 2 2 6 1 649 4838 5027
7498 2 2 6 1 4838 5034 5027
7499 2 2 6 1 4838 1491 5034
7500 2 2 6 1 5027 5034 1535
7501 2 2 6 1 1491 5035 5034
7502 2 2 6 1 5035 5036 5034
7503 2 2 6 1 5035 1537 5036
7504 2 2 6 1 5034 5036 1535
7505 2 2 6 1 1491 4837 5035
7506 2 2 6 1 4837 5037 5035
7507 2 2 6 1 4837 398 5037
7508 2 2 6 1 5035 5037 1537
7509 2 2 6 1 1535 5036 5031
7510 2 2 6 1 5036 5038 5031
7511 2 2 6 1 5036 1537 5038
7512 2 2 6 1 5031 5038 658
7513 2 2 6 1 659 5033 5040
7514 2 2 6 1 5033 5039 5040
7515 2 2 6 1 5033 1536 5039
7516 2 2 6 1 5040 5039 1539
7517 2 2 6 1 1536 5041 5039
7518 2 2 6 1 5041 5042 5039
7519 2 2 6 1 5041 1538 5042
7520 2 2 6 1 5039 5042 1539
7521 2 2 6 1 1536 5032 5041
7522 2 2 6 1 5032 5043 5041
7523 2 2 6 1 5032 658 5043
7524 2 2 6 1 5041 5043 1538
7525 2 2 6 1 1539 5042 5045
7526 2 2 6 1 5042 5044 5045
7527 2 2 6 1 5042 1538 5044
7528 2 2 6 1 5045 5044 401
7529 2 2 6 1 390 5046 4678
7530 2 2 6 1 5046 5047 4678
7531 2 2 6 1 5046 1540 5047
7532 2 2 6 1 4678 5047 1452
7533 2 2 6 1 1540 5048 5047
7534 2 2 6 1 5048 5049 5047
7535 2 2 6 1 5048 1541 5049
7536 2 2 6 1 5047 5049 1452
7537 2 2 6 1 1540 5050 5048
7538 2 2 6 1 5050 5051 5048
7539 2 2 6 1 5050 660 5051
7540 2 2 6 1 5048 5051 1541
7541 2 2 6 1 1452 5049 4682
7542 2 2 6 1 5049 5052 4682
7543 2 2 6 1 5049 1541 5052
7544 2 2 6 1 4682 5052 640
7545 2 2 6 1 660 5053 5051
7546 2 2 6 1 5053 5054 5051
7547 2 2 6 1 5053 1542 5054
7548 2 2 6 1 5051 5054 1541
7549 2 2 6 1 1542 5055 5054
7550 2 2 6 1 5055 5056 5054
7551 2 2 6 1 5055 1543 5056
7552 2 2 6 1 5054 5056 1541
7553 2 2 6 1 1542 5057 5055
7554 2 2 6 1 5057 5058 5055
7555 2 2 6 1 5057 654 5058
7556 2 2 6 1 5055 5058 1543
7557 2 2 6 1 1541 5056 5052
7558 2 2 6 1 5056 5059 5052
7559 2 2 6 1 5056 1543 5059
7560 2 2 6 1 5052 5059 640
7561 2 2 6 1 660 5060 5053
7562 2 2 6 1 5060 5061 5053
7563 2 2 6 1 5060 1544 5061
7564 2 2 6 1 5053 5061 1542
7565 2 2 6 1 1544 5062 5061
7566 2 2 6 1 5062 5063 5061
7567 2 2 6 1 5062 1524 5063
7568 2 2 6 1 5061 5063 1542
7569 2 2 6 1 1544 5064 5062
7570 2 2 6 1 5064 4988 5062
7571 2 2 6 1 5064 389 4988
7572 2 2 6 1 5062 4988 1524
7573 2 2 6 1 1542 5063 5057
7574 2 2 6 1 5063 4984 5057
7575 2 2 6 1 5063 1524 4984
7576 2 2 6 1 5057 4984 654
7577 2 2 6 1 640 5059 4692
7578 2 2 6 1 5059 5065 4692
7579 2 2 6 1 5059 1543 5065
7580 2 2 6 1 4692 5065 1456
7581 2 2 6 1 1543 5066 5065
7582 2 2 6 1 5066 5067 5065
7583 2 2 6 1 5066 1519 5067
7584 2 2 6 1 5065 5067 1456
7585 2 2 6 1 1543 5058 5066
7586 2 2 6 1 5058 4973 5066
7587 2 2 6 1 5058 654 4973
7588 2 2 6 1 5066 4973 1519
7589 2 2 6 1 1456 5067 4696
7590 2 2 6 1 5067 4968 4696
7591 2 2 6 1 5067 1519 4968
7592 2 2 6 1 4696 4968 391
7593 2 2 6 1 408 4184 5069
7594 2 2 6 1 4184 5068 5069
7595 2 2 6 1 4184 1324 5068
7596 2 2 6 1 5069 5068 1546
7597 2 2 6 1 1324 5070 5068
7598 2 2 6 1 5070 5071 5068
7599 2 2 6 1 5070 1545 5071
7600 2 2 6 1 5068 5071 1546
7601 2 2 6 1 1324 4183 5070
7602 2 2 6 1 4183 5072 5070
7603 2 2 6 1 4183 605 5072
7604 2 2 6 1 5070 5072 1545
7605 2 2 6 1 1546 5071 5074
7606 2 2 6 1 5071 5073 5074
7607 2 2 6 1 5071 1545 5073
7608 2 2 6 1 5074 5073 661
7609 2 2 6 1 605 5075 5072
7610 2 2 6 1 5075 5076 5072
7611 2 2 6 1 5075 1547 5076
7612 2 2 6 1 5072 5076 1545
7613 2 2 6 1 1547 5077 5076
7614 2 2 6 1 5077 5078 5076
7615 2 2 6 1 5077 1548 5078
7616 2 2 6 1 5076 5078 1545
7617 2 2 6 1 1547 5079 5077
7618 2 2 6 1 5079 5080 5077
7619 2 2 6 1 5079 596 5080
7620 2 2 6 1 5077 5080 1548
7621 2 2 6 1 1545 5078 5073
7622 2 2 6 1 5078 5081 5073
7623 2 2 6 1 5078 1548 5081
7624 2 2 6 1 5073 5081 661
7625 2 2 6 1 605 4178 5075
7626 2 2 6 1 4178 5082 5075
7627 2 2 6 1 4178 1323 5082
7628 2 2 6 1 5075 5082 1547
7629 2 2 6 1 1323 5083 5082
7630 2 2 6 1 5083 5084 5082
7631 2 2 6 1 5083 1286 5084
7632 2 2 6 1 5082 5084 1547
7633 2 2 6 1 1323 4177 5083
7634 2 2 6 1 4177 4032 5083
7635 2 2 6 1 4177 407 4032
7636 2 2 6 1 5083 4032 1286
7637 2 2 6 1 1547 5084 5079
7638 2 2 6 1 5084 4038 5079
7639 2 2 6 1 5084 1286 4038
7640 2 2 6 1 5079 4038 596
7641 2 2 6 1 661 5081 5086
7642 2 2 6 1 5081 5085 5086
7643 2 2 6 1 5081 1548 5085
7644 2 2 6 1 5086 5085 1549
7645 2 2 6 1 1548 5087 5085
7646 2 2 6 1 5087 5088 5085
7647 2 2 6 1 5087 1290 5088
7648 2 2 6 1 5085 5088 1549
7649 2 2 6 1 1548 5080 5087
7650 2 2 6 1 5080 4052 5087
7651 2 2 6 1 5080 596 4052
7652 2 2 6 1 5087 4052 1290
7653 2 2 6 1 1549 5088 5089
7654 2 2 6 1 5088 4055 5089
7655 2 2 6 1 5088 1290 4055
7656 2 2 6 1 5089 4055 411
7657 2 2 6 1 227 172 5091
7658 2 2 6 1 172 5090 5091
7659 2 2 6 1 172 232 5090
7660 2 2 6 1 5091 5090 1551
7661 2 2 6 1 232 5092 5090
7662 2 2 6 1 5092 5093 5090
7663 2 2 6 1 5092 1550 5093
7664 2 2 6 1 5090 5093 1551
7665 2 2 6 1 232 201 5092
7666 2 2 6 1 201 5094 5092
7667 2 2 6 1 201 237 5094
7668 2 2 6 1 5092 5094 1550
7669 2 2 6 1 1551 5093 5096
7670 2 2 6 1 5093 5095 5096
7671 2 2 6 1 5093 1550 5095
7672 2 2 6 1 5096 5095 662
7673 2 2 6 1 237 5097 5094
7674 2 2 6 1 5097 5098 5094
7675 2 2 6 1 5097 1552 5098
7676 2 2 6 1 5094 5098 1550
7677 2 2 6 1 1552 5099 5098
7678 2 2 6 1 5099 5100 5098
7679 2 2 6 1 5099 1553 5100
7680 2 2 6 1 5098 5100 1550
7681 2 2 6 1 1552 5101 5099
7682 2 2 6 1 5101 5102 5099
7683 2 2 6 1 5101 589 5102
7684 2 2 6 1 5099 5102 1553
7685 2 2 6 1 1550 5100 5095
7686 2 2 6 1 5100 5103 5095
7687 2 2 6 1 5100 1553 5103
7688 2 2 6 1 5095 5103 662
7689 2 2 6 1 237 200 5097
7690 2 2 6 1 200 5104 5097
7691 2 2 6 1 200 211 5104
7692 2 2 6 1 5097 5104 1552
7693 2 2 6 1 211 5105 5104
7694 2 2 6 1 5105 5106 5104
7695 2 2 6 1 5105 1258 5106
7696 2 2 6 1 5104 5106 1552
7697 2 2 6 1 211 199 5105
7698 2 2 6 1 199 3928 5105
7699 2 2 6 1 199 228 3928
7700 2 2 6 1 5105 3928 1258
7701 2 2 6 1 1552 5106 5101
7702 2 2 6 1 5106 3934 5101
7703 2 2 6 1 5106 1258 3934
7704 2 2 6 1 5101 3934 589
7705 2 2 6 1 662 5103 5108
7706 2 2 6 1 5103 5107 5108
7707 2 2 6 1 5103 1553 5107
7708 2 2 6 1 5108 5107 1554
7709 2 2 6 1 1553 5109 5107
7710 2 2 6 1 5109 5110 5107
7711 2 2 6 1 5109 1264 5110
7712 2 2 6 1 5107 5110 1554
7713 2 2 6 1 1553 5102 5109
7714 2 2 6 1 5102 3950 5109
7715 2 2 6 1 5102 589 3950
7716 2 2 6 1 5109 3950 1264
7717 2 2 6 1 1554 5110 5111
7718 2 2 6 1 5110 3955 5111
7719 2 2 6 1 5110 1264 3955
7720 2 2 6 1 5111 3955 376
7721 2 2 6 1 376 3954 5113
7722 2 2 6 1 3954 5112 5113
7723 2 2 6 1 3954 1263 5112
7724 2 2 6 1 5113 5112 1556
7725 2 2 6 1 1263 5114 5112
7726 2 2 6 1 5114 5115 5112
7727 2 2 6 1 5114 1555 5115
7728 2 2 6 1 5112 5115 1556
7729 2 2 6 1 1263 3953 5114
7730 2 2 6 1 3953 5116 5114
7731 2 2 6 1 3953 588 5116
7732 2 2 6 1 5114 5116 1555
7733 2 2 6 1 1556 5115 5118
7734 2 2 6 1 5115 5117 5118
7735 2 2 6 1 5115 1555 5117
7736 2 2 6 1 5118 5117 663
7737 2 2 6 1 588 5119 5116
7738 2 2 6 1 5119 5120 5116
7739 2 2 6 1 5119 1557 5120
7740 2 2 6 1 5116 5120 1555
7741 2 2 6 1 1557 5121 5120
7742 2 2 6 1 5121 5122 5120
7743 2 2 6 1 5121 1558 5122
7744 2 2 6 1 5120 5122 1555
7745 2 2 6 1 1557 5123 5121
7746 2 2 6 1 5123 5124 5121
7747 2 2 6 1 5123 574 5124
7748 2 2 6 1 5121 5124 1558
7749 2 2 6 1 1555 5122 5117
7750 2 2 6 1 5122 5125 5117
7751 2 2 6 1 5122 1558 5125
7752 2 2 6 1 5117 5125 663
7753 2 2 6 1 588 3948 5119
7754 2 2 6 1 3948 5126 5119
7755 2 2 6 1 3948 1262 5126
7756 2 2 6 1 5119 5126 1557
7757 2 2 6 1 1262 5127 5126
7758 2 2 6 1 5127 5128 5126
7759 2 2 6 1 5127 1209 5128
7760 2 2 6 1 5126 5128 1557
7761 2 2 6 1 1262 3947 5127
7762 2 2 6 1 3947 3746 5127
7763 2 2 6 1 3947 367 3746
7764 2 2 6 1 5127 3746 1209
7765 2 2 6 1 1557 5128 5123
7766 2 2 6 1 5128 3752 5123
7767 2 2 6 1 5128 1209 3752
7768 2 2 6 1 5123 3752 574
7769 2 2 6 1 663 5125 5130
7770 2 2 6 1 5125 5129 5130
7771 2 2 6 1 5125 1558 5129
7772 2 2 6 1 5130 5129 1559
7773 2 2 6 1 1558 5131 5129
7774 2 2 6 1 5131 5132 5129
7775 2 2 6 1 5131 1213 5132
7776 2 2 6 1 5129 5132 1559
7777 2 2 6 1 1558 5124 5131
7778 2 2 6 1 5124 3766 5131
7779 2 2 6 1 5124 574 3766
7780 2 2 6 1 5131 3766 1213
7781 2 2 6 1 1559 5132 5133
7782 2 2 6 1 5132 3769 5133
7783 2 2 6 1 5132 1213 3769
7784 2 2 6 1 5133 3769 428
7785 2 2 6 1 365 4439 4553
7786 2 2 6 1 4439 5134 4553
7787 2 2 6 1 4439 1393 5134
7788 2 2 6 1 4553 5134 1421
7789 2 2 6 1 1393 5135 5134
7790 2 2 6 1 5135 5136 5134
7791 2 2 6 1 5135 1560 5136
7792 2 2 6 1 5134 5136 1421
7793 2 2 6 1 1393 4444 5135
7794 2 2 6 1 4444 5137 5135
7795 2 2 6 1 4444 626 5137
7796 2 2 6 1 5135 5137 1560
7797 2 2 6 1 1421 5136 4554
7798 2 2 6 1 5136 5138 4554
7799 2 2 6 1 5136 1560 5138
7800 2 2 6 1 4554 5138 632
7801 2 2 6 1 626 5139 5137
7802 2 2 6 1 5139 5140 5137
7803 2 2 6 1 5139 1561 5140
7804 2 2 6 1 5137 5140 1560
7805 2 2 6 1 1561 5141 5140
7806 2 2 6 1 5141 5142 5140
7807 2 2 6 1 5141 1562 5142
7808 2 2 6 1 5140 5142 1560
7809 2 2 6 1 1561 5143 5141
7810 2 2 6 1 5143 5144 5141
7811 2 2 6 1 5143 664 5144
7812 2 2 6 1 5141 5144 1562
7813 2 2 6 1 1560 5142 5138
7814 2 2 6 1 5142 5145 5138
7815 2 2 6 1 5142 1562 5145
7816 2 2 6 1 5138 5145 632
7817 2 2 6 1 626 4458 5139
7818 2 2 6 1 4458 5146 5139
7819 2 2 6 1 4458 1398 5146
7820 2 2 6 1 5139 5146 1561
7821 2 2 6 1 1398 5147 5146
7822 2 2 6 1 5147 5148 5146
7823 2 2 6 1 5147 1563 5148
7824 2 2 6 1 5146 5148 1561
7825 2 2 6 1 1398 4463 5147
7826 2 2 6 1 4463 5149 5147
7827 2 2 6 1 4463 397 5149
7828 2 2 6 1 5147 5149 1563
7829 2 2 6 1 1561 5148 5143
7830 2 2 6 1 5148 5150 5143
7831 2 2 6 1 5148 1563 5150
7832 2 2 6 1 5143 5150 664
7833 2 2 6 1 632 5145 4558
7834 2 2 6 1 5145 5151 4558
7835 2 2 6 1 5145 1562 5151
7836 2 2 6 1 4558 5151 1422
7837 2 2 6 1 1562 5152 5151
7838 2 2 6 1 5152 5153 5151
7839 2 2 6 1 5152 1564 5153
7840 2 2 6 1 5151 5153 1422
7841 2 2 6 1 1562 5144 5152
7842 2 2 6 1 5144 5154 5152
7843 2 2 6 1 5144 664 5154
7844 2 2 6 1 5152 5154 1564
7845 2 2 6 1 1422 5153 4559
7846 2 2 6 1 5153 5155 4559
7847 2 2 6 1 5153 1564 5155
7848 2 2 6 1 4559 5155 418
7849 2 2 6 1 387 4723 3614
7850 2 2 6 1 4723 5156 3614
7851 2 2 6 1 4723 1463 5156
7852 2 2 6 1 3614 5156 1172
7853 2 2 6 1 1463 5157 5156
7854 2 2 6 1 5157 5158 5156
7855 2 2 6 1 5157 1565 5158
7856 2 2 6 1 5156 5158 1172
7857 2 2 6 1 1463 4728 5157
7858 2 2 6 1 4728 5159 5157
7859 2 2 6 1 4728 643 5159
7860 2 2 6 1 5157 5159 1565
7861 2 2 6 1 1172 5158 3619
7862 2 2 6 1 5158 5160 3619
7863 2 2 6 1 5158 1565 5160
7864 2 2 6 1 3619 5160 563
7865 2 2 6 1 643 5161 5159
7866 2 2 6 1 5161 5162 5159
7867 2 2 6 1 5161 1566 5162
7868 2 2 6 1 5159 5162 1565
7869 2 2 6 1 1566 5163 5162
7870 2 2 6 1 5163 5164 5162
7871 2 2 6 1 5163 1567 5164
7872 2 2 6 1 5162 5164 1565
7873 2 2 6 1 1566 5165 5163
7874 2 2 6 1 5165 5166 5163
7875 2 2 6 1 5165 660 5166
7876 2 2 6 1 5163 5166 1567
7877 2 2 6 1 1565 5164 5160
7878 2 2 6 1 5164 5167 5160
7879 2 2 6 1 5164 1567 5167
7880 2 2 6 1 5160 5167 563
7881 2 2 6 1 643 4742 5161
7882 2 2 6 1 4742 5168 5161
7883 2 2 6 1 4742 1468 5168
7884 2 2 6 1 5161 5168 1566
7885 2 2 6 1 1468 5169 5168
7886 2 2 6 1 5169 5170 5168
7887 2 2 6 1 5169 1544 5170
7888 2 2 6 1 5168 5170 1566
7889 2 2 6 1 1468 4747 5169
7890 2 2 6 1 4747 5064 5169
7891 2 2 6 1 4747 389 5064
7892 2 2 6 1 5169 5064 1544
7893 2 2 6 1 1566 5170 5165
7894 2 2 6 1 5170 5060 5165
7895 2 2 6 1 5170 1544 5060
7896 2 2 6 1 5165 5060 660
7897 2 2 6 1 563 5167 3630
7898 2 2 6 1 5167 5171 3630
7899 2 2 6 1 5167 1567 5171
7900 2 2 6 1 3630 5171 1177
7901 2 2 6 1 1567 5172 5171
7902 2 2 6 1 5172 5173 5171
7903 2 2 6 1 5172 1540 5173
7904 2 2 6 1 5171 5173 1177
7905 2 2 6 1 1567 5166 5172
7906 2 2 6 1 5166 5050 5172
7907 2 2 6 1 5166 660 5050
7908 2 2 6 1 5172 5050 1540
7909 2 2 6 1 1177 5173 3634
7910 2 2 6 1 5173 5046 3634
7911 2 2 6 1 5173 1540 5046
7912 2 2 6 1 3634 5046 390
7913 2 2 6 1 364 4414 4767
7914 2 2 6 1 4414 5174 4767
7915 2 2 6 1 4414 1387 5174
7916 2 2 6 1 4767 5174 1474
7917 2 2 6 1 1387 5175 5174
7918 2 2 6 1 5175 5176 5174
7919 2 2 6 1 5175 1568 5176
7920 2 2 6 1 5174 5176 1474
7921 2 2 6 1 1387 4420 5175
7922 2 2 6 1 4420 5177 5175
7923 2 2 6 1 4420 624 5177
7924 2 2 6 1 5175 5177 1568
7925 2 2 6 1 1474 5176 4768
7926 2 2 6 1 5176 5178 4768
7927 2 2 6 1 5176 1568 5178
7928 2 2 6 1 4768 5178 645
7929 2 2 6 1 624 5179 5177
7930 2 2 6 1 5179 5180 5177
7931 2 2 6 1 5179 1569 5180
7932 2 2 6 1 5177 5180 1568
7933 2 2 6 1 1569 5181 5180
7934 2 2 6 1 5181 5182 5180
7935 2 2 6 1 5181 1570 5182
7936 2 2 6 1 5180 5182 1568
7937 2 2 6 1 1569 5183 5181
7938 2 2 6 1 5183 5184 5181
7939 2 2 6 1 5183 665 5184
7940 2 2 6 1 5181 5184 1570
7941 2 2 6 1 1568 5182 5178
7942 2 2 6 1 5182 5185 5178
7943 2 2 6 1 5182 1570 5185
7944 2 2 6 1 5178 5185 645
7945 2 2 6 1 624 4434 5179
7946 2 2 6 1 4434 5186 5179
7947 2 2 6 1 4434 1391 5186
7948 2 2 6 1 5179 5186 1569
7949 2 2 6 1 1391 5187 5186
7950 2 2 6 1 5187 5188 5186
7951 2 2 6 1 5187 1571 5188
7952 2 2 6 1 5186 5188 1569
7953 2 2 6 1 1391 4437 5187
7954 2 2 6 1 4437 5189 5187
7955 2 2 6 1 4437 418 5189
7956 2 2 6 1 5187 5189 1571
7957 2 2 6 1 1569 5188 5183
7958 2 2 6 1 5188 5190 5183
7959 2 2 6 1 5188 1571 5190
7960 2 2 6 1 5183 5190 665
7961 2 2 6 1 645 5185 4772
7962 2 2 6 1 5185 5191 4772
7963 2 2 6 1 5185 1570 5191
7964 2 2 6 1 4772 5191 1475
7965 2 2 6 1 1570 5192 5191
7966 2 2 6 1 5192 5193 5191
7967 2 2 6 1 5192 1572 5193
7968 2 2 6 1 5191 5193 1475
7969 2 2 6 1 1570 5184 5192
7970 2 2 6 1 5184 5194 5192
7971 2 2 6 1 5184 665 5194
7972 2 2 6 1 5192 5194 1572
7973 2 2 6 1 1475 5193 4773
7974 2 2 6 1 5193 5195 4773
7975 2 2 6 1 5193 1572 5195
7976 2 2 6 1 4773 5195 419
7977 2 2 6 1 306 252 5197
7978 2 2 6 1 252 5196 5197
7979 2 2 6 1 252 312 5196
7980 2 2 6 1 5197 5196 1574
7981 2 2 6 1 312 5198 5196
7982 2 2 6 1 5198 5199 5196
7983 2 2 6 1 5198 1573 5199
7984 2 2 6 1 5196 5199 1574
7985 2 2 6 1 312 281 5198
7986 2 2 6 1 281 5200 5198
7987 2 2 6 1 281 316 5200
7988 2 2 6 1 5198 5200 1573
7989 2 2 6 1 1574 5199 5202
7990 2 2 6 1 5199 5201 5202
7991 2 2 6 1 5199 1573 5201
7992 2 2 6 1 5202 5201 666
7993 2 2 6 1 316 5203 5200
7994 2 2 6 1 5203 5204 5200
7995 2 2 6 1 5203 1575 5204
7996 2 2 6 1 5200 5204 1573
7997 2 2 6 1 1575 5205 5204
7998 2 2 6 1 5205 5206 5204
7999 2 2 6 1 5205 1576 5206
8000 2 2 6 1 5204 5206 1573
8001 2 2 6 1 1575 5207 5205
8002 2 2 6 1 5207 5208 5205
8003 2 2 6 1 5207 617 5208
8004 2 2 6 1 5205 5208 1576
8005 2 2 6 1 1573 5206 5201
8006 2 2 6 1 5206 5209 5201
8007 2 2 6 1 5206 1576 5209
8008 2 2 6 1 5201 5209 666
8009 2 2 6 1 316 280 5203
8010 2 2 6 1 280 5210 5203
8011 2 2 6 1 280 291 5210
8012 2 2 6 1 5203 5210 1575
8013 2 2 6 1 291 5211 5210
8014 2 2 6 1 5211 5212 5210
8015 2 2 6 1 5211 1356 5212
8016 2 2 6 1 5210 5212 1575
8017 2 2 6 1 291 279 5211
8018 2 2 6 1 279 4292 5211
8019 2 2 6 1 279 307 4292
8020 2 2 6 1 5211 4292 1356
8021 2 2 6 1 1575 5212 5207
8022 2 2 6 1 5212 4298 5207
8023 2 2 6 1 5212 1356 4298
8024 2 2 6 1 5207 4298 617
8025 2 2 6 1 666 5209 5214
8026 2 2 6 1 5209 5213 5214
8027 2 2 6 1 5209 1576 5213
8028 2 2 6 1 5214 5213 1577
8029 2 2 6 1 1576 5215 5213
8030 2 2 6 1 5215 5216 5213
8031 2 2 6 1 5215 1362 5216
8032 2 2 6 1 5213 5216 1577
8033 2 2 6 1 1576 5208 5215
8034 2 2 6 1 5208 4314 5215
8035 2 2 6 1 5208 617 4314
8036 2 2 6 1 5215 4314 1362
8037 2 2 6 1 1577 5216 5217
8038 2 2 6 1 5216 4319 5217
8039 2 2 6 1 5216 1362 4319
8040 2 2 6 1 5217 4319 420
8041 2 2 6 1 400 4561 5219
8042 2 2 6 1 4561 5218 5219
8043 2 2 6 1 4561 1424 5218
8044 2 2 6 1 5219 5218 1579
8045 2 2 6 1 1424 5220 5218
8046 2 2 6 1 5220 5221 5218
8047 2 2 6 1 5220 1578 5221
8048 2 2 6 1 5218 5221 1579
8049 2 2 6 1 1424 4566 5220
8050 2 2 6 1 4566 5222 5220
8051 2 2 6 1 4566 634 5222
8052 2 2 6 1 5220 5222 1578
8053 2 2 6 1 1579 5221 5224
8054 2 2 6 1 5221 5223 5224
8055 2 2 6 1 5221 1578 5223
8056 2 2 6 1 5224 5223 668
8057 2 2 6 1 634 5225 5222
8058 2 2 6 1 5225 5226 5222
8059 2 2 6 1 5225 1580 5226
8060 2 2 6 1 5222 5226 1578
8061 2 2 6 1 1580 5227 5226
8062 2 2 6 1 5227 5228 5226
8063 2 2 6 1 5227 1581 5228
8064 2 2 6 1 5226 5228 1578
8065 2 2 6 1 1580 5229 5227
8066 2 2 6 1 5229 5230 5227
8067 2 2 6 1 5229 667 5230
8068 2 2 6 1 5227 5230 1581
8069 2 2 6 1 1578 5228 5223
8070 2 2 6 1 5228 5231 5223
8071 2 2 6 1 5228 1581 5231
8072 2 2 6 1 5223 5231 668
8073 2 2 6 1 634 4580 5225
8074 2 2 6 1 4580 5232 5225
8075 2 2 6 1 4580 1429 5232
8076 2 2 6 1 5225 5232 1580
8077 2 2 6 1 1429 5233 5232
8078 2 2 6 1 5233 5234 5232
8079 2 2 6 1 5233 1582 5234
8080 2 2 6 1 5232 5234 1580
8081 2 2 6 1 1429 4585 5233
8082 2 2 6 1 4585 5235 5233
8083 2 2 6 1 4585 409 5235
8084 2 2 6 1 5233 5235 1582
8085 2 2 6 1 1580 5234 5229
8086 2 2 6 1 5234 5236 5229
8087 2 2 6 1 5234 1582 5236
8088 2 2 6 1 5229 5236 667
8089 2 2 6 1 668 5231 5238
8090 2 2 6 1 5231 5237 5238
8091 2 2 6 1 5231 1581 5237
8092 2 2 6 1 5238 5237 1584
8093 2 2 6 1 1581 5239 5237
8094 2 2 6 1 5239 5240 5237
8095 2 2 6 1 5239 1583 5240
8096 2 2 6 1 5237 5240 1584
8097 2 2 6 1 1581 5230 5239
8098 2 2 6 1 5230 5241 5239
8099 2 2 6 1 5230 667 5241
8100 2 2 6 1 5239 5241 1583
8101 2 2 6 1 1584 5240 5243
8102 2 2 6 1 5240 5242 5243
8103 2 2 6 1 5240 1583 5242
8104 2 2 6 1 5243 5242 425
8105 2 2 6 1 64 9 5245
8106 2 2 6 1 9 5244 5245
8107 2 2 6 1 9 55 5244
8108 2 2 6 1 5245 5244 1586
8109 2 2 6 1 55 5246 5244
8110 2 2 6 1 5246 5247 5244
8111 2 2 6 1 5246 1585 5247
8112 2 2 6 1 5244 5247 1586
8113 2 2 6 1 55 8 5246
8114 2 2 6 1 8 5248 5246
8115 2 2 6 1 8 74 5248
8116 2 2 6 1 5246 5248 1585
8117 2 2 6 1 1586 5247 5250
8118 2 2 6 1 5247 5249 5250
8119 2 2 6 1 5247 1585 5249
8120 2 2 6 1 5250 5249 669
8121 2 2 6 1 74 5251 5248
8122 2 2 6 1 5251 5252 5248
8123 2 2 6 1 5251 1587 5252
8124 2 2 6 1 5248 5252 1585
8125 2 2 6 1 1587 5253 5252
8126 2 2 6 1 5253 5254 5252
8127 2 2 6 1 5253 1588 5254
8128 2 2 6 1 5252 5254 1585
8129 2 2 6 1 1587 5255 5253
8130 2 2 6 1 5255 5256 5253
8131 2 2 6 1 5255 623 5256
8132 2 2 6 1 5253 5256 1588
8133 2 2 6 1 1585 5254 5249
8134 2 2 6 1 5254 5257 5249
8135 2 2 6 1 5254 1588 5257
8136 2 2 6 1 5249 5257 669
8137 2 2 6 1 74 7 5251
8138 2 2 6 1 7 5258 5251
8139 2 2 6 1 7 54 5258
8140 2 2 6 1 5251 5258 1587
8141 2 2 6 1 54 5259 5258
8142 2 2 6 1 5259 5260 5258
8143 2 2 6 1 5259 1390 5260
8144 2 2 6 1 5258 5260 1587
8145 2 2 6 1 54 6 5259
8146 2 2 6 1 6 4432 5259
8147 2 2 6 1 6 65 4432
8148 2 2 6 1 5259 4432 1390
8149 2 2 6 1 1587 5260 5255
8150 2 2 6 1 5260 4428 5255
8151 2 2 6 1 5260 1390 4428
8152 2 2 6 1 5255 4428 623
8153 2 2 6 1 669 5257 5262
8154 2 2 6 1 5257 5261 5262
8155 2 2 6 1 5257 1588 5261
8156 2 2 6 1 5262 5261 1589
8157 2 2 6 1 1588 5263 5261
8158 2 2 6 1 5263 5264 5261
8159 2 2 6 1 5263 1385 5264
8160 2 2 6 1 5261 5264 1589
8161 2 2 6 1 1588 5256 5263
8162 2 2 6 1 5256 4417 5263
8163 2 2 6 1 5256 623 4417
8164 2 2 6 1 5263 4417 1385
8165 2 2 6 1 1589 5264 5265
8166 2 2 6 1 5264 4412 5265
8167 2 2 6 1 5264 1385 4412
8168 2 2 6 1 5265 4412 364
8169 2 2 6 1 398 4999 5267
8170 2 2 6 1 4999 5266 5267
8171 2 2 6 1 4999 1529 5266
8172 2 2 6 1 5267 5266 1591
8173 2 2 6 1 1529 5268 5266
8174 2 2 6 1 5268 5269 5266
8175 2 2 6 1 5268 1590 5269
8176 2 2 6 1 5266 5269 1591
8177 2 2 6 1 1529 5004 5268
8178 2 2 6 1 5004 5270 5268
8179 2 2 6 1 5004 657 5270
8180 2 2 6 1 5268 5270 1590
8181 2 2 6 1 1591 5269 5272
8182 2 2 6 1 5269 5271 5272
8183 2 2 6 1 5269 1590 5271
8184 2 2 6 1 5272 5271 670
8185 2 2 6 1 657 5273 5270
8186 2 2 6 1 5273 5274 5270
8187 2 2 6 1 5273 1592 5274
8188 2 2 6 1 5270 5274 1590
8189 2 2 6 1 1592 5275 5274
8190 2 2 6 1 5275 5276 5274
8191 2 2 6 1 5275 1593 5276
8192 2 2 6 1 5274 5276 1590
8193 2 2 6 1 1592 5277 5275
8194 2 2 6 1 5277 5278 5275
8195 2 2 6 1 5277 668 5278
8196 2 2 6 1 5275 5278 1593
8197 2 2 6 1 1590 5276 5271
8198 2 2 6 1 5276 5279 5271
8199 2 2 6 1 5276 1593 5279
8200 2 2 6 1 5271 5279 670
8201 2 2 6 1 657 5016 5273
8202 2 2 6 1 5016 5280 5273
8203 2 2 6 1 5016 1532 5280
8204 2 2 6 1 5273 5280 1592
8205 2 2 6 1 1532 5281 5280
8206 2 2 6 1 5281 5282 5280
8207 2 2 6 1 5281 1579 5282
8208 2 2 6 1 5280 5282 1592
8209 2 2 6 1 1532 5019 5281
8210 2 2 6 1 5019 5219 5281
8211 2 2 6 1 5019 400 5219
8212 2 2 6 1 5281 5219 1579
8213 2 2 6 1 1592 5282 5277
8214 2 2 6 1 5282 5224 5277
8215 2 2 6 1 5282 1579 5224
8216 2 2 6 1 5277 5224 668
8217 2 2 6 1 670 5279 5284
8218 2 2 6 1 5279 5283 5284
8219 2 2 6 1 5279 1593 5283
8220 2 2 6 1 5284 5283 1594
8221 2 2 6 1 1593 5285 5283
8222 2 2 6 1 5285 5286 5283
8223 2 2 6 1 5285 1584 5286
8224 2 2 6 1 5283 5286 1594
8225 2 2 6 1 1593 5278 5285
8226 2 2 6 1 5278 5238 5285
8227 2 2 6 1 5278 668 5238
8228 2 2 6 1 5285 5238 1584
8229 2 2 6 1 1594 5286 5287
8230 2 2 6 1 5286 5243 5287
8231 2 2 6 1 5286 1584 5243
8232 2 2 6 1 5287 5243 425
8233 2 2 6 1 146 86 5289
8234 2 2 6 1 86 5288 5289
8235 2 2 6 1 86 134 5288
8236 2 2 6 1 5289 5288 1596
8237 2 2 6 1 134 5290 5288
8238 2 2 6 1 5290 5291 5288
8239 2 2 6 1 5290 1595 5291
8240 2 2 6 1 5288 5291 1596
8241 2 2 6 1 134 85 5290
8242 2 2 6 1 85 5292 5290
8243 2 2 6 1 85 156 5292
8244 2 2 6 1 5290 5292 1595
8245 2 2 6 1 1596 5291 5294
8246 2 2 6 1 5291 5293 5294
8247 2 2 6 1 5291 1595 5293
8248 2 2 6 1 5294 5293 671
8249 2 2 6 1 156 5295 5292
8250 2 2 6 1 5295 5296 5292
8251 2 2 6 1 5295 1597 5296
8252 2 2 6 1 5292 5296 1595
8253 2 2 6 1 1597 5297 5296
8254 2 2 6 1 5297 5298 5296
8255 2 2 6 1 5297 1598 5298
8256 2 2 6 1 5296 5298 1595
8257 2 2 6 1 1597 5299 5297
8258 2 2 6 1 5299 5300 5297
8259 2 2 6 1 5299 580 5300
8260 2 2 6 1 5297 5300 1598
8261 2 2 6 1 1595 5298 5293
8262 2 2 6 1 5298 5301 5293
8263 2 2 6 1 5298 1598 5301
8264 2 2 6 1 5293 5301 671
8265 2 2 6 1 156 84 5295
8266 2 2 6 1 84 5302 5295
8267 2 2 6 1 84 133 5302
8268 2 2 6 1 5295 5302 1597
8269 2 2 6 1 133 5303 5302
8270 2 2 6 1 5303 5304 5302
8271 2 2 6 1 5303 1238 5304
8272 2 2 6 1 5302 5304 1597
8273 2 2 6 1 133 83 5303
8274 2 2 6 1 83 3864 5303
8275 2 2 6 1 83 147 3864
8276 2 2 6 1 5303 3864 1238
8277 2 2 6 1 1597 5304 5299
8278 2 2 6 1 5304 3860 5299
8279 2 2 6 1 5304 1238 3860
8280 2 2 6 1 5299 3860 580
8281 2 2 6 1 671 5301 5306
8282 2 2 6 1 5301 5305 5306
8283 2 2 6 1 5301 1598 5305
8284 2 2 6 1 5306 5305 1599
8285 2 2 6 1 1598 5307 5305
8286 2 2 6 1 5307 5308 5305
8287 2 2 6 1 5307 1233 5308
8288 2 2 6 1 5305 5308 1599
8289 2 2 6 1 1598 5300 5307
8290 2 2 6 1 5300 3849 5307
8291 2 2 6 1 5300 580 3849
8292 2 2 6 1 5307 3849 1233
8293 2 2 6 1 1599 5308 5309
8294 2 2 6 1 5308 3844 5309
8295 2 2 6 1 5308 1233 3844
8296 2 2 6 1 5309 3844 375
8297 2 2 6 1 418 5155 5189
8298 2 2 6 1 5155 5310 5189
8299 2 2 6 1 5155 1564 5310
8300 2 2 6 1 5189 5310 1571
8301 2 2 6 1 1564 5311 5310
8302 2 2 6 1 5311 5312 5310
8303 2 2 6 1 5311 1600 5312
8304 2 2 6 1 5310 5312 1571
8305 2 2 6 1 1564 5154 5311
8306 2 2 6 1 5154 5313 5311
8307 2 2 6 1 5154 664 5313
8308 2 2 6 1 5311 5313 1600
8309 2 2 6 1 1571 5312 5190
8310 2 2 6 1 5312 5314 5190
8311 2 2 6 1 5312 1600 5314
8312 2 2 6 1 5190 5314 665
8313 2 2 6 1 664 5315 5313
8314 2 2 6 1 5315 5316 5313
8315 2 2 6 1 5315 1601 5316
8316 2 2 6 1 5313 5316 1600
8317 2 2 6 1 1601 5317 5316
8318 2 2 6 1 5317 5318 5316
8319 2 2 6 1 5317 1602 5318
8320 2 2 6 1 5316 5318 1600
8321 2 2 6 1 1601 5319 5317
8322 2 2 6 1 5319 5320 5317
8323 2 2 6 1 5319 628 5320
8324 2 2 6 1 5317 5320 1602
8325 2 2 6 1 1600 5318 5314
8326 2 2 6 1 5318 5321 5314
8327 2 2 6 1 5318 1602 5321
8328 2 2 6 1 5314 5321 665
8329 2 2 6 1 664 5150 5315
8330 2 2 6 1 5150 5322 5315
8331 2 2 6 1 5150 1563 5322
8332 2 2 6 1 5315 5322 1601
8333 2 2 6 1 1563 5323 5322
8334 2 2 6 1 5323 5324 5322
8335 2 2 6 1 5323 1401 5324
8336 2 2 6 1 5322 5324 1601
8337 2 2 6 1 1563 5149 5323
8338 2 2 6 1 5149 4466 5323
8339 2 2 6 1 5149 397 4466
8340 2 2 6 1 5323 4466 1401
8341 2 2 6 1 1601 5324 5319
8342 2 2 6 1 5324 4472 5319
8343 2 2 6 1 5324 1401 4472
8344 2 2 6 1 5319 4472 628
8345 2 2 6 1 665 5321 5194
8346 2 2 6 1 5321 5325 5194
8347 2 2 6 1 5321 1602 5325
8348 2 2 6 1 5194 5325 1572
8349 2 2 6 1 1602 5326 5325
8350 2 2 6 1 5326 5327 5325
8351 2 2 6 1 5326 1405 5327
8352 2 2 6 1 5325 5327 1572
8353 2 2 6 1 1602 5320 5326
8354 2 2 6 1 5320 4486 5326
8355 2 2 6 1 5320 628 4486
8356 2 2 6 1 5326 4486 1405
8357 2 2 6 1 1572 5327 5195
8358 2 2 6 1 5327 4489 5195
8359 2 2 6 1 5327 1405 4489
8360 2 2 6 1 5195 4489 419
8361 2 2 6 1 399 5021 5329
8362 2 2 6 1 5021 5328 5329
8363 2 2 6 1 5021 1534 5328
8364 2 2 6 1 5329 5328 1604
8365 2 2 6 1 1534 5330 5328
8366 2 2 6 1 5330 5331 5328
8367 2 2 6 1 5330 1603 5331
8368 2 2 6 1 5328 5331 1604
8369 2 2 6 1 1534 5026 5330
8370 2 2 6 1 5026 5332 5330
8371 2 2 6 1 5026 659 5332
8372 2 2 6 1 5330 5332 1603
8373 2 2 6 1 1604 5331 5334
8374 2 2 6 1 5331 5333 5334
8375 2 2 6 1 5331 1603 5333
8376 2 2 6 1 5334 5333 673
8377 2 2 6 1 659 5335 5332
8378 2 2 6 1 5335 5336 5332
8379 2 2 6 1 5335 1605 5336
8380 2 2 6 1 5332 5336 1603
8381 2 2 6 1 1605 5337 5336
8382 2 2 6 1 5337 5338 5336
8383 2 2 6 1 5337 1606 5338
8384 2 2 6 1 5336 5338 1603
8385 2 2 6 1 1605 5339 5337
8386 2 2 6 1 5339 5340 5337
8387 2 2 6 1 5339 672 5340
8388 2 2 6 1 5337 5340 1606
8389 2 2 6 1 1603 5338 5333
8390 2 2 6 1 5338 5341 5333
8391 2 2 6 1 5338 1606 5341
8392 2 2 6 1 5333 5341 673
8393 2 2 6 1 659 5040 5335
8394 2 2 6 1 5040 5342 5335
8395 2 2 6 1 5040 1539 5342
8396 2 2 6 1 5335 5342 1605
8397 2 2 6 1 1539 5343 5342
8398 2 2 6 1 5343 5344 5342
8399 2 2 6 1 5343 1607 5344
8400 2 2 6 1 5342 5344 1605
8401 2 2 6 1 1539 5045 5343
8402 2 2 6 1 5045 5345 5343
8403 2 2 6 1 5045 401 5345
8404 2 2 6 1 5343 5345 1607
8405 2 2 6 1 1605 5344 5339
8406 2 2 6 1 5344 5346 5339
8407 2 2 6 1 5344 1607 5346
8408 2 2 6 1 5339 5346 672
8409 2 2 6 1 673 5341 5348
8410 2 2 6 1 5341 5347 5348
8411 2 2 6 1 5341 1606 5347
8412 2 2 6 1 5348 5347 1609
8413 2 2 6 1 1606 5349 5347
8414 2 2 6 1 5349 5350 5347
8415 2 2 6 1 5349 1608 5350
8416 2 2 6 1 5347 5350 1609
8417 2 2 6 1 1606 5340 5349
8418 2 2 6 1 5340 5351 5349
8419 2 2 6 1 5340 672 5351
8420 2 2 6 1 5349 5351 1608
8421 2 2 6 1 1609 5350 5353
8422 2 2 6 1 5350 5352 5353
8423 2 2 6 1 5350 1608 5352
8424 2 2 6 1 5353 5352 402
8425 2 2 6 1 399 5329 4212
8426 2 2 6 1 5329 5354 4212
8427 2 2 6 1 5329 1604 5354
8428 2 2 6 1 4212 5354 1333
8429 2 2 6 1 1604 5355 5354
8430 2 2 6 1 5355 5356 5354
8431 2 2 6 1 5355 1610 5356
8432 2 2 6 1 5354 5356 1333
8433 2 2 6 1 1604 5334 5355
8434 2 2 6 1 5334 5357 5355
8435 2 2 6 1 5334 673 5357
8436 2 2 6 1 5355 5357 1610
8437 2 2 6 1 1333 5356 4217
8438 2 2 6 1 5356 5358 4217
8439 2 2 6 1 5356 1610 5358
8440 2 2 6 1 4217 5358 609
8441 2 2 6 1 673 5359 5357
8442 2 2 6 1 5359 5360 5357
8443 2 2 6 1 5359 1611 5360
8444 2 2 6 1 5357 5360 1610
8445 2 2 6 1 1611 5361 5360
8446 2 2 6 1 5361 5362 5360
8447 2 2 6 1 5361 1612 5362
8448 2 2 6 1 5360 5362 1610
8449 2 2 6 1 1611 5363 5361
8450 2 2 6 1 5363 5364 5361
8451 2 2 6 1 5363 674 5364
8452 2 2 6 1 5361 5364 1612
8453 2 2 6 1 1610 5362 5358
8454 2 2 6 1 5362 5365 5358
8455 2 2 6 1 5362 1612 5365
8456 2 2 6 1 5358 5365 609
8457 2 2 6 1 673 5348 5359
8458 2 2 6 1 5348 5366 5359
8459 2 2 6 1 5348 1609 5366
8460 2 2 6 1 5359 5366 1611
8461 2 2 6 1 1609 5367 5366
8462 2 2 6 1 5367 5368 5366
8463 2 2 6 1 5367 1613 5368
8464 2 2 6 1 5366 5368 1611
8465 2 2 6 1 1609 5353 5367
8466 2 2 6 1 5353 5369 5367
8467 2 2 6 1 5353 402 5369
8468 2 2 6 1 5367 5369 1613
8469 2 2 6 1 1611 5368 5363
8470 2 2 6 1 5368 5370 5363
8471 2 2 6 1 5368 1613 5370
8472 2 2 6 1 5363 5370 674
8473 2 2 6 1 609 5365 4228
8474 2 2 6 1 5365 5371 4228
8475 2 2 6 1 5365 1612 5371
8476 2 2 6 1 4228 5371 1338
8477 2 2 6 1 1612 5372 5371
8478 2 2 6 1 5372 5373 5371
8479 2 2 6 1 5372 1614 5373
8480 2 2 6 1 5371 5373 1338
8481 2 2 6 1 1612 5364 5372
8482 2 2 6 1 5364 5374 5372
8483 2 2 6 1 5364 674 5374
8484 2 2 6 1 5372 5374 1614
8485 2 2 6 1 1338 5373 4232
8486 2 2 6 1 5373 5375 4232
8487 2 2 6 1 5373 1614 5375
8488 2 2 6 1 4232 5375 403
8489 2 2 6 1 364 4766 5377
8490 2 2 6 1 4766 5376 5377
8491 2 2 6 1 4766 1473 5376
8492 2 2 6 1 5377 5376 1616
8493 2 2 6 1 1473 5378 5376
8494 2 2 6 1 5378 5379 5376
8495 2 2 6 1 5378 1615 5379
8496 2 2 6 1 5376 5379 1616
8497 2 2 6 1 1473 4762 5378
8498 2 2 6 1 4762 5380 5378
8499 2 2 6 1 4762 644 5380
8500 2 2 6 1 5378 5380 1615
8501 2 2 6 1 1616 5379 5382
8502 2 2 6 1 5379 5381 5382
8503 2 2 6 1 5379 1615 5381
8504 2 2 6 1 5382 5381 676
8505 2 2 6 1 644 5383 5380
8506 2 2 6 1 5383 5384 5380
8507 2 2 6 1 5383 1617 5384
8508 2 2 6 1 5380 5384 1615
8509 2 2 6 1 1617 5385 5384
8510 2 2 6 1 5385 5386 5384
8511 2 2 6 1 5385 1618 5386
8512 2 2 6 1 5384 5386 1615
8513 2 2 6 1 1617 5387 5385
8514 2 2 6 1 5387 5388 5385
8515 2 2 6 1 5387 675 5388
8516 2 2 6 1 5385 5388 1618
8517 2 2 6 1 1615 5386 5381
8518 2 2 6 1 5386 5389 5381
8519 2 2 6 1 5386 1618 5389
8520 2 2 6 1 5381 5389 676
8521 2 2 6 1 644 4752 5383
8522 2 2 6 1 4752 5390 5383
8523 2 2 6 1 4752 1469 5390
8524 2 2 6 1 5383 5390 1617
8525 2 2 6 1 1469 5391 5390
8526 2 2 6 1 5391 5392 5390
8527 2 2 6 1 5391 1619 5392
8528 2 2 6 1 5390 5392 1617
8529 2 2 6 1 1469 4748 5391
8530 2 2 6 1 4748 5393 5391
8531 2 2 6 1 4748 416 5393
8532 2 2 6 1 5391 5393 1619
8533 2 2 6 1 1617 5392 5387
8534 2 2 6 1 5392 5394 5387
8535 2 2 6 1 5392 1619 5394
8536 2 2 6 1 5387 5394 675
8537 2 2 6 1 676 5389 5396
8538 2 2 6 1 5389 5395 5396
8539 2 2 6 1 5389 1618 5395
8540 2 2 6 1 5396 5395 1621
8541 2 2 6 1 1618 5397 5395
8542 2 2 6 1 5397 5398 5395
8543 2 2 6 1 5397 1620 5398
8544 2 2 6 1 5395 5398 1621
8545 2 2 6 1 1618 5388 5397
8546 2 2 6 1 5388 5399 5397
8547 2 2 6 1 5388 675 5399
8548 2 2 6 1 5397 5399 1620
8549 2 2 6 1 1621 5398 5401
8550 2 2 6 1 5398 5400 5401
8551 2 2 6 1 5398 1620 5400
8552 2 2 6 1 5401 5400 424
8553 2 2 6 1 363 5402 5404
8554 2 2 6 1 5402 5403 5404
8555 2 2 6 1 5402 1622 5403
8556 2 2 6 1 5404 5403 1624
8557 2 2 6 1 1622 5405 5403
8558 2 2 6 1 5405 5406 5403
8559 2 2 6 1 5405 1623 5406
8560 2 2 6 1 5403 5406 1624
8561 2 2 6 1 1622 5407 5405
8562 2 2 6 1 5407 5408 5405
8563 2 2 6 1 5407 677 5408
8564 2 2 6 1 5405 5408 1623
8565 2 2 6 1 1624 5406 5410
8566 2 2 6 1 5406 5409 5410
8567 2 2 6 1 5406 1623 5409
8568 2 2 6 1 5410 5409 679
8569 2 2 6 1 677 5411 5408
8570 2 2 6 1 5411 5412 5408
8571 2 2 6 1 5411 1625 5412
8572 2 2 6 1 5408 5412 1623
8573 2 2 6 1 1625 5413 5412
8574 2 2 6 1 5413 5414 5412
8575 2 2 6 1 5413 1626 5414
8576 2 2 6 1 5412 5414 1623
8577 2 2 6 1 1625 5415 5413
8578 2 2 6 1 5415 5416 5413
8579 2 2 6 1 5415 678 5416
8580 2 2 6 1 5413 5416 1626
8581 2 2 6 1 1623 5414 5409
8582 2 2 6 1 5414 5417 5409
8583 2 2 6 1 5414 1626 5417
8584 2 2 6 1 5409 5417 679
8585 2 2 6 1 677 5418 5411
8586 2 2 6 1 5418 5419 5411
8587 2 2 6 1 5418 1627 5419
8588 2 2 6 1 5411 5419 1625
8589 2 2 6 1 1627 5420 5419
8590 2 2 6 1 5420 5421 5419
8591 2 2 6 1 5420 1628 5421
8592 2 2 6 1 5419 5421 1625
8593 2 2 6 1 1627 5422 5420
8594 2 2 6 1 5422 5423 5420
8595 2 2 6 1 5422 377 5423
8596 2 2 6 1 5420 5423 1628
8597 2 2 6 1 1625 5421 5415
8598 2 2 6 1 5421 5424 5415
8599 2 2 6 1 5421 1628 5424
8600 2 2 6 1 5415 5424 678
8601 2 2 6 1 679 5417 5426
8602 2 2 6 1 5417 5425 5426
8603 2 2 6 1 5417 1626 5425
8604 2 2 6 1 5426 5425 1630
8605 2 2 6 1 1626 5427 5425
8606 2 2 6 1 5427 5428 5425
8607 2 2 6 1 5427 1629 5428
8608 2 2 6 1 5425 5428 1630
8609 2 2 6 1 1626 5416 5427
8610 2 2 6 1 5416 5429 5427
8611 2 2 6 1 5416 678 5429
8612 2 2 6 1 5427 5429 1629
8613 2 2 6 1 1630 5428 5431
8614 2 2 6 1 5428 5430 5431
8615 2 2 6 1 5428 1629 5430
8616 2 2 6 1 5431 5430 378
8617 2 2 6 1 226 166 5433
8618 2 2 6 1 166 5432 5433
8619 2 2 6 1 166 214 5432
8620 2 2 6 1 5433 5432 1632
8621 2 2 6 1 214 5434 5432
8622 2 2 6 1 5434 5435 5432
8623 2 2 6 1 5434 1631 5435
8624 2 2 6 1 5432 5435 1632
8625 2 2 6 1 214 165 5434
8626 2 2 6 1 165 5436 5434
8627 2 2 6 1 165 236 5436
8628 2 2 6 1 5434 5436 1631
8629 2 2 6 1 1632 5435 5438
8630 2 2 6 1 5435 5437 5438
8631 2 2 6 1 5435 1631 5437
8632 2 2 6 1 5438 5437 681
8633 2 2 6 1 236 5439 5436
8634 2 2 6 1 5439 5440 5436
8635 2 2 6 1 5439 1633 5440
8636 2 2 6 1 5436 5440 1631
8637 2 2 6 1 1633 5441 5440
8638 2 2 6 1 5441 5442 5440
8639 2 2 6 1 5441 1634 5442
8640 2 2 6 1 5440 5442 1631
8641 2 2 6 1 1633 5443 5441
8642 2 2 6 1 5443 5444 5441
8643 2 2 6 1 5443 680 5444
8644 2 2 6 1 5441 5444 1634
8645 2 2 6 1 1631 5442 5437
8646 2 2 6 1 5442 5445 5437
8647 2 2 6 1 5442 1634 5445
8648 2 2 6 1 5437 5445 681
8649 2 2 6 1 236 164 5439
8650 2 2 6 1 164 5446 5439
8651 2 2 6 1 164 213 5446
8652 2 2 6 1 5439 5446 1633
8653 2 2 6 1 213 5447 5446
8654 2 2 6 1 5447 5448 5446
8655 2 2 6 1 5447 1635 5448
8656 2 2 6 1 5446 5448 1633
8657 2 2 6 1 213 163 5447
8658 2 2 6 1 163 5449 5447
8659 2 2 6 1 163 227 5449
8660 2 2 6 1 5447 5449 1635
8661 2 2 6 1 1633 5448 5443
8662 2 2 6 1 5448 5450 5443
8663 2 2 6 1 5448 1635 5450
8664 2 2 6 1 5443 5450 680
8665 2 2 6 1 681 5445 5452
8666 2 2 6 1 5445 5451 5452
8667 2 2 6 1 5445 1634 5451
8668 2 2 6 1 5452 5451 1637
8669 2 2 6 1 1634 5453 5451
8670 2 2 6 1 5453 5454 5451
8671 2 2 6 1 5453 1636 5454
8672 2 2 6 1 5451 5454 1637
8673 2 2 6 1 1634 5444 5453
8674 2 2 6 1 5444 5455 5453
8675 2 2 6 1 5444 680 5455
8676 2 2 6 1 5453 5455 1636
8677 2 2 6 1 1637 5454 5457
8678 2 2 6 1 5454 5456 5457
8679 2 2 6 1 5454 1636 5456
8680 2 2 6 1 5457 5456 363
8681 2 2 6 1 224 174 5459
8682 2 2 6 1 174 5458 5459
8683 2 2 6 1 174 218 5458
8684 2 2 6 1 5459 5458 1639
8685 2 2 6 1 218 5460 5458
8686 2 2 6 1 5460 5461 5458
8687 2 2 6 1 5460 1638 5461
8688 2 2 6 1 5458 5461 1639
8689 2 2 6 1 218 173 5460
8690 2 2 6 1 173 5462 5460
8691 2 2 6 1 173 234 5462
8692 2 2 6 1 5460 5462 1638
8693 2 2 6 1 1639 5461 5464
8694 2 2 6 1 5461 5463 5464
8695 2 2 6 1 5461 1638 5463
8696 2 2 6 1 5464 5463 683
8697 2 2 6 1 234 5465 5462
8698 2 2 6 1 5465 5466 5462
8699 2 2 6 1 5465 1640 5466
8700 2 2 6 1 5462 5466 1638
8701 2 2 6 1 1640 5467 5466
8702 2 2 6 1 5467 5468 5466
8703 2 2 6 1 5467 1641 5468
8704 2 2 6 1 5466 5468 1638
8705 2 2 6 1 1640 5469 5467
8706 2 2 6 1 5469 5470 5467
8707 2 2 6 1 5469 682 5470
8708 2 2 6 1 5467 5470 1641
8709 2 2 6 1 1638 5468 5463
8710 2 2 6 1 5468 5471 5463
8711 2 2 6 1 5468 1641 5471
8712 2 2 6 1 5463 5471 683
8713 2 2 6 1 234 162 5465
8714 2 2 6 1 162 5472 5465
8715 2 2 6 1 162 217 5472
8716 2 2 6 1 5465 5472 1640
8717 2 2 6 1 217 5473 5472
8718 2 2 6 1 5473 5474 5472
8719 2 2 6 1 5473 1642 5474
8720 2 2 6 1 5472 5474 1640
8721 2 2 6 1 217 171 5473
8722 2 2 6 1 171 5475 5473
8723 2 2 6 1 171 225 5475
8724 2 2 6 1 5473 5475 1642
8725 2 2 6 1 1640 5474 5469
8726 2 2 6 1 5474 5476 5469
8727 2 2 6 1 5474 1642 5476
8728 2 2 6 1 5469 5476 682
8729 2 2 6 1 683 5471 5478
8730 2 2 6 1 5471 5477 5478
8731 2 2 6 1 5471 1641 5477
8732 2 2 6 1 5478 5477 1644
8733 2 2 6 1 1641 5479 5477
8734 2 2 6 1 5479 5480 5477
8735 2 2 6 1 5479 1643 5480
8736 2 2 6 1 5477 5480 1644
8737 2 2 6 1 1641 5470 5479
8738 2 2 6 1 5470 5481 5479
8739 2 2 6 1 5470 682 5481
8740 2 2 6 1 5479 5481 1643
8741 2 2 6 1 1644 5480 5483
8742 2 2 6 1 5480 5482 5483
8743 2 2 6 1 5480 1643 5482
8744 2 2 6 1 5483 5482 362
8745 2 2 6 1 225 170 5485
8746 2 2 6 1 170 5484 5485
8747 2 2 6 1 170 216 5484
8748 2 2 6 1 5485 5484 1646
8749 2 2 6 1 216 5486 5484
8750 2 2 6 1 5486 5487 5484
8751 2 2 6 1 5486 1645 5487
8752 2 2 6 1 5484 5487 1646
8753 2 2 6 1 216 169 5486
8754 2 2 6 1 169 5488 5486
8755 2 2 6 1 169 235 5488
8756 2 2 6 1 5486 5488 1645
8757 2 2 6 1 1646 5487 5490
8758 2 2 6 1 5487 5489 5490
8759 2 2 6 1 5487 1645 5489
8760 2 2 6 1 5490 5489 685
8761 2 2 6 1 235 5491 5488
8762 2 2 6 1 5491 5492 5488
8763 2 2 6 1 5491 1647 5492
8764 2 2 6 1 5488 5492 1645
8765 2 2 6 1 1647 5493 5492
8766 2 2 6 1 5493 5494 5492
8767 2 2 6 1 5493 1648 5494
8768 2 2 6 1 5492 5494 1645
8769 2 2 6 1 1647 5495 5493
8770 2 2 6 1 5495 5496 5493
8771 2 2 6 1 5495 684 5496
8772 2 2 6 1 5493 5496 1648
8773 2 2 6 1 1645 5494 5489
8774 2 2 6 1 5494 5497 5489
8775 2 2 6 1 5494 1648 5497
8776 2 2 6 1 5489 5497 685
8777 2 2 6 1 235 168 5491
8778 2 2 6 1 168 5498 5491
8779 2 2 6 1 168 215 5498
8780 2 2 6 1 5491 5498 1647
8781 2 2 6 1 215 5499 5498
8782 2 2 6 1 5499 5500 5498
8783 2 2 6 1 5499 1649 5500
8784 2 2 6 1 5498 5500 1647
8785 2 2 6 1 215 167 5499
8786 2 2 6 1 167 5501 5499
8787 2 2 6 1 167 226 5501
8788 2 2 6 1 5499 5501 1649
8789 2 2 6 1 1647 5500 5495
8790 2 2 6 1 5500 5502 5495
8791 2 2 6 1 5500 1649 5502
8792 2 2 6 1 5495 5502 684
8793 2 2 6 1 685 5497 5504
8794 2 2 6 1 5497 5503 5504
8795 2 2 6 1 5497 1648 5503
8796 2 2 6 1 5504 5503 1651
8797 2 2 6 1 1648 5505 5503
8798 2 2 6 1 5505 5506 5503
8799 2 2 6 1 5505 1650 5506
8800 2 2 6 1 5503 5506 1651
8801 2 2 6 1 1648 5496 5505
8802 2 2 6 1 5496 5507 5505
8803 2 2 6 1 5496 684 5507
8804 2 2 6 1 5505 5507 1650
8805 2 2 6 1 1651 5506 5509
8806 2 2 6 1 5506 5508 5509
8807 2 2 6 1 5506 1650 5508
8808 2 2 6 1 5509 5508 421
8809 2 2 6 1 145 90 5511
8810 2 2 6 1 90 5510 5511
8811 2 2 6 1 90 136 5510
8812 2 2 6 1 5511 5510 1653
8813 2 2 6 1 136 5512 5510
8814 2 2 6 1 5512 5513 5510
8815 2 2 6 1 5512 1652 5513
8816 2 2 6 1 5510 5513 1653
8817 2 2 6 1 136 89 5512
8818 2 2 6 1 89 5514 5512
8819 2 2 6 1 89 155 5514
8820 2 2 6 1 5512 5514 1652
8821 2 2 6 1 1653 5513 5516
8822 2 2 6 1 5513 5515 5516
8823 2 2 6 1 5513 1652 5515
8824 2 2 6 1 5516 5515 687
8825 2 2 6 1 155 5517 5514
8826 2 2 6 1 5517 5518 5514
8827 2 2 6 1 5517 1654 5518
8828 2 2 6 1 5514 5518 1652
8829 2 2 6 1 1654 5519 5518
8830 2 2 6 1 5519 5520 5518
8831 2 2 6 1 5519 1655 5520
8832 2 2 6 1 5518 5520 1652
8833 2 2 6 1 1654 5521 5519
8834 2 2 6 1 5521 5522 5519
8835 2 2 6 1 5521 686 5522
8836 2 2 6 1 5519 5522 1655
8837 2 2 6 1 1652 5520 5515
8838 2 2 6 1 5520 5523 5515
8839 2 2 6 1 5520 1655 5523
8840 2 2 6 1 5515 5523 687
8841 2 2 6 1 155 88 5517
8842 2 2 6 1 88 5524 5517
8843 2 2 6 1 88 135 5524
8844 2 2 6 1 5517 5524 1654
8845 2 2 6 1 135 5525 5524
8846 2 2 6 1 5525 5526 5524
8847 2 2 6 1 5525 1656 5526
8848 2 2 6 1 5524 5526 1654
8849 2 2 6 1 135 87 5525
8850 2 2 6 1 87 5527 5525
8851 2 2 6 1 87 146 5527
8852 2 2 6 1 5525 5527 1656
8853 2 2 6 1 1654 5526 5521
8854 2 2 6 1 5526 5528 5521
8855 2 2 6 1 5526 1656 5528
8856 2 2 6 1 5521 5528 686
8857 2 2 6 1 687 5523 5530
8858 2 2 6 1 5523 5529 5530
8859 2 2 6 1 5523 1655 5529
8860 2 2 6 1 5530 5529 1658
8861 2 2 6 1 1655 5531 5529
8862 2 2 6 1 5531 5532 5529
8863 2 2 6 1 5531 1657 5532
8864 2 2 6 1 5529 5532 1658
8865 2 2 6 1 1655 5522 5531
8866 2 2 6 1 5522 5533 5531
8867 2 2 6 1 5522 686 5533
8868 2 2 6 1 5531 5533 1657
8869 2 2 6 1 1658 5532 5535
8870 2 2 6 1 5532 5534 5535
8871 2 2 6 1 5532 1657 5534
8872 2 2 6 1 5535 5534 422
8873 2 2 6 1 381 5536 5538
8874 2 2 6 1 5536 5537 5538
8875 2 2 6 1 5536 1659 5537
8876 2 2 6 1 5538 5537 1661
8877 2 2 6 1 1659 5539 5537
8878 2 2 6 1 5539 5540 5537
8879 2 2 6 1 5539 1660 5540
8880 2 2 6 1 5537 5540 1661
8881 2 2 6 1 1659 5541 5539
8882 2 2 6 1 5541 5542 5539
8883 2 2 6 1 5541 688 5542
8884 2 2 6 1 5539 5542 1660
8885 2 2 6 1 1661 5540 5544
8886 2 2 6 1 5540 5543 5544
8887 2 2 6 1 5540 1660 5543
8888 2 2 6 1 5544 5543 690
8889 2 2 6 1 688 5545 5542
8890 2 2 6 1 5545 5546 5542
8891 2 2 6 1 5545 1662 5546
8892 2 2 6 1 5542 5546 1660
8893 2 2 6 1 1662 5547 5546
8894 2 2 6 1 5547 5548 5546
8895 2 2 6 1 5547 1663 5548
8896 2 2 6 1 5546 5548 1660
8897 2 2 6 1 1662 5549 5547
8898 2 2 6 1 5549 5550 5547
8899 2 2 6 1 5549 689 5550
8900 2 2 6 1 5547 5550 1663
8901 2 2 6 1 1660 5548 5543
8902 2 2 6 1 5548 5551 5543
8903 2 2 6 1 5548 1663 5551
8904 2 2 6 1 5543 5551 690
8905 2 2 6 1 688 5552 5545
8906 2 2 6 1 5552 5553 5545
8907 2 2 6 1 5552 1664 5553
8908 2 2 6 1 5545 5553 1662
8909 2 2 6 1 1664 5554 5553
8910 2 2 6 1 5554 5555 5553
8911 2 2 6 1 5554 1665 5555
8912 2 2 6 1 5553 5555 1662
8913 2 2 6 1 1664 5556 5554
8914 2 2 6 1 5556 5557 5554
8915 2 2 6 1 5556 383 5557
8916 2 2 6 1 5554 5557 1665
8917 2 2 6 1 1662 5555 5549
8918 2 2 6 1 5555 5558 5549
8919 2 2 6 1 5555 1665 5558
8920 2 2 6 1 5549 5558 689
8921 2 2 6 1 690 5551 5560
8922 2 2 6 1 5551 5559 5560
8923 2 2 6 1 5551 1663 5559
8924 2 2 6 1 5560 5559 1667
8925 2 2 6 1 1663 5561 5559
8926 2 2 6 1 5561 5562 5559
8927 2 2 6 1 5561 1666 5562
8928 2 2 6 1 5559 5562 1667
8929 2 2 6 1 1663 5550 5561
8930 2 2 6 1 5550 5563 5561
8931 2 2 6 1 5550 689 5563
8932 2 2 6 1 5561 5563 1666
8933 2 2 6 1 1667 5562 5565
8934 2 2 6 1 5562 5564 5565
8935 2 2 6 1 5562 1666 5564
8936 2 2 6 1 5565 5564 384
8937 2 2 6 1 381 5566 5536
8938 2 2 6 1 5566 5567 5536
8939 2 2 6 1 5566 1668 5567
8940 2 2 6 1 5536 5567 1659
8941 2 2 6 1 1668 5568 5567
8942 2 2 6 1 5568 5569 5567
8943 2 2 6 1 5568 1669 5569
8944 2 2 6 1 5567 5569 1659
8945 2 2 6 1 1668 5570 5568
8946 2 2 6 1 5570 5571 5568
8947 2 2 6 1 5570 691 5571
8948 2 2 6 1 5568 5571 1669
8949 2 2 6 1 1659 5569 5541
8950 2 2 6 1 5569 5572 5541
8951 2 2 6 1 5569 1669 5572
8952 2 2 6 1 5541 5572 688
8953 2 2 6 1 691 5573 5571
8954 2 2 6 1 5573 5574 5571
8955 2 2 6 1 5573 1670 5574
8956 2 2 6 1 5571 5574 1669
8957 2 2 6 1 1670 5575 5574
8958 2 2 6 1 5575 5576 5574
8959 2 2 6 1 5575 1671 5576
8960 2 2 6 1 5574 5576 1669
8961 2 2 6 1 1670 5577 5575
8962 2 2 6 1 5577 5578 5575
8963 2 2 6 1 5577 692 5578
8964 2 2 6 1 5575 5578 1671
8965 2 2 6 1 1669 5576 5572
8966 2 2 6 1 5576 5579 5572
8967 2 2 6 1 5576 1671 5579
8968 2 2 6 1 5572 5579 688
8969 2 2 6 1 691 5580 5573
8970 2 2 6 1 5580 5581 5573
8971 2 2 6 1 5580 1672 5581
8972 2 2 6 1 5573 5581 1670
8973 2 2 6 1 1672 5582 5581
8974 2 2 6 1 5582 5583 5581
8975 2 2 6 1 5582 1673 5583
8976 2 2 6 1 5581 5583 1670
8977 2 2 6 1 1672 5584 5582
8978 2 2 6 1 5584 5585 5582
8979 2 2 6 1 5584 382 5585
8980 2 2 6 1 5582 5585 1673
8981 2 2 6 1 1670 5583 5577
8982 2 2 6 1 5583 5586 5577
8983 2 2 6 1 5583 1673 5586
8984 2 2 6 1 5577 5586 692
8985 2 2 6 1 688 5579 5552
8986 2 2 6 1 5579 5587 5552
8987 2 2 6 1 5579 1671 5587
8988 2 2 6 1 5552 5587 1664
8989 2 2 6 1 1671 5588 5587
8990 2 2 6 1 5588 5589 5587
8991 2 2 6 1 5588 1674 5589
8992 2 2 6 1 5587 5589 1664
8993 2 2 6 1 1671 5578 5588
8994 2 2 6 1 5578 5590 5588
8995 2 2 6 1 5578 692 5590
8996 2 2 6 1 5588 5590 1674
8997 2 2 6 1 1664 5589 5556
8998 2 2 6 1 5589 5591 5556
8999 2 2 6 1 5589 1674 5591
9000 2 2 6 1 5556 5591 383
9001 2 2 6 1 384 5564 5593
9002 2 2 6 1 5564 5592 5593
9003 2 2 6 1 5564 1666 5592
9004 2 2 6 1 5593 5592 1676
9005 2 2 6 1 1666 5594 5592
9006 2 2 6 1 5594 5595 5592
9007 2 2 6 1 5594 1675 5595
9008 2 2 6 1 5592 5595 1676
9009 2 2 6 1 1666 5563 5594
9010 2 2 6 1 5563 5596 5594
9011 2 2 6 1 5563 689 5596
9012 2 2 6 1 5594 5596 1675
9013 2 2 6 1 1676 5595 5598
9014 2 2 6 1 5595 5597 5598
9015 2 2 6 1 5595 1675 5597
9016 2 2 6 1 5598 5597 694
9017 2 2 6 1 689 5599 5596
9018 2 2 6 1 5599 5600 5596
9019 2 2 6 1 5599 1677 5600
9020 2 2 6 1 5596 5600 1675
9021 2 2 6 1 1677 5601 5600
9022 2 2 6 1 5601 5602 5600
9023 2 2 6 1 5601 1678 5602
9024 2 2 6 1 5600 5602 1675
9025 2 2 6 1 1677 5603 5601
9026 2 2 6 1 5603 5604 5601
9027 2 2 6 1 5603 693 5604
9028 2 2 6 1 5601 5604 1678
9029 2 2 6 1 1675 5602 5597
9030 2 2 6 1 5602 5605 5597
9031 2 2 6 1 5602 1678 5605
9032 2 2 6 1 5597 5605 694
9033 2 2 6 1 689 5558 5599
9034 2 2 6 1 5558 5606 5599
9035 2 2 6 1 5558 1665 5606
9036 2 2 6 1 5599 5606 1677
9037 2 2 6 1 1665 5607 5606
9038 2 2 6 1 5607 5608 5606
9039 2 2 6 1 5607 1679 5608
9040 2 2 6 1 5606 5608 1677
9041 2 2 6 1 1665 5557 5607
9042 2 2 6 1 5557 5609 5607
9043 2 2 6 1 5557 383 5609
9044 2 2 6 1 5607 5609 1679
9045 2 2 6 1 1677 5608 5603
9046 2 2 6 1 5608 5610 5603
9047 2 2 6 1 5608 1679 5610
9048 2 2 6 1 5603 5610 693
9049 2 2 6 1 694 5605 5612
9050 2 2 6 1 5605 5611 5612
9051 2 2 6 1 5605 1678 5611
9052 2 2 6 1 5612 5611 1681
9053 2 2 6 1 1678 5613 5611
9054 2 2 6 1 5613 5614 5611
9055 2 2 6 1 5613 1680 5614
9056 2 2 6 1 5611 5614 1681
9057 2 2 6 1 1678 5604 5613
9058 2 2 6 1 5604 5615 5613
9059 2 2 6 1 5604 693 5615
9060 2 2 6 1 5613 5615 1680
9061 2 2 6 1 1681 5614 5617
9062 2 2 6 1 5614 5616 5617
9063 2 2 6 1 5614 1680 5616
9064 2 2 6 1 5617 5616 385
9065 2 2 6 1 146 5289 5527
9066 2 2 6 1 5289 5618 5527
9067 2 2 6 1 5289 1596 5618
9068 2 2 6 1 5527 5618 1656
9069 2 2 6 1 1596 5619 5618
9070 2 2 6 1 5619 5620 5618
9071 2 2 6 1 5619 1682 5620
9072 2 2 6 1 5618 5620 1656
9073 2 2 6 1 1596 5294 5619
9074 2 2 6 1 5294 5621 5619
9075 2 2 6 1 5294 671 5621
9076 2 2 6 1 5619 5621 1682
9077 2 2 6 1 1656 5620 5528
9078 2 2 6 1 5620 5622 5528
9079 2 2 6 1 5620 1682 5622
9080 2 2 6 1 5528 5622 686
9081 2 2 6 1 671 5623 5621
9082 2 2 6 1 5623 5624 5621
9083 2 2 6 1 5623 1683 5624
9084 2 2 6 1 5621 5624 1682
9085 2 2 6 1 1683 5625 5624
9086 2 2 6 1 5625 5626 5624
9087 2 2 6 1 5625 1684 5626
9088 2 2 6 1 5624 5626 1682
9089 2 2 6 1 1683 5627 5625
9090 2 2 6 1 5627 5628 5625
9091 2 2 6 1 5627 695 5628
9092 2 2 6 1 5625 5628 1684
9093 2 2 6 1 1682 5626 5622
9094 2 2 6 1 5626 5629 5622
9095 2 2 6 1 5626 1684 5629
9096 2 2 6 1 5622 5629 686
9097 2 2 6 1 671 5306 5623
9098 2 2 6 1 5306 5630 5623
9099 2 2 6 1 5306 1599 5630
9100 2 2 6 1 5623 5630 1683
9101 2 2 6 1 1599 5631 5630
9102 2 2 6 1 5631 5632 5630
9103 2 2 6 1 5631 1685 5632
9104 2 2 6 1 5630 5632 1683
9105 2 2 6 1 1599 5309 5631
9106 2 2 6 1 5309 5633 5631
9107 2 2 6 1 5309 375 5633
9108 2 2 6 1 5631 5633 1685
9109 2 2 6 1 1683 5632 5627
9110 2 2 6 1 5632 5634 5627
9111 2 2 6 1 5632 1685 5634
9112 2 2 6 1 5627 5634 695
9113 2 2 6 1 686 5629 5533
9114 2 2 6 1 5629 5635 5533
9115 2 2 6 1 5629 1684 5635
9116 2 2 6 1 5533 5635 1657
9117 2 2 6 1 1684 5636 5635
9118 2 2 6 1 5636 5637 5635
9119 2 2 6 1 5636 1686 5637
9120 2 2 6 1 5635 5637 1657
9121 2 2 6 1 1684 5628 5636
9122 2 2 6 1 5628 5638 5636
9123 2 2 6 1 5628 695 5638
9124 2 2 6 1 5636 5638 1686
9125 2 2 6 1 1657 5637 5534
9126 2 2 6 1 5637 5639 5534
9127 2 2 6 1 5637 1686 5639
9128 2 2 6 1 5534 5639 422
9129 2 2 6 1 64 5245 5641
9130 2 2 6 1 5245 5640 5641
9131 2 2 6 1 5245 1586 5640
9132 2 2 6 1 5641 5640 1688
9133 2 2 6 1 1586 5642 5640
9134 2 2 6 1 5642 5643 5640
9135 2 2 6 1 5642 1687 5643
9136 2 2 6 1 5640 5643 1688
9137 2 2 6 1 1586 5250 5642
9138 2 2 6 1 5250 5644 5642
9139 2 2 6 1 5250 669 5644
9140 2 2 6 1 5642 5644 1687
9141 2 2 6 1 1688 5643 5646
9142 2 2 6 1 5643 5645 5646
9143 2 2 6 1 5643 1687 5645
9144 2 2 6 1 5646 5645 696
9145 2 2 6 1 669 5647 5644
9146 2 2 6 1 5647 5648 5644
9147 2 2 6 1 5647 1689 5648
9148 2 2 6 1 5644 5648 1687
9149 2 2 6 1 1689 5649 5648
9150 2 2 6 1 5649 5650 5648
9151 2 2 6 1 5649 1690 5650
9152 2 2 6 1 5648 5650 1687
9153 2 2 6 1 1689 5651 5649
9154 2 2 6 1 5651 5652 5649
9155 2 2 6 1 5651 676 5652
9156 2 2 6 1 5649 5652 1690
9157 2 2 6 1 1687 5650 5645
9158 2 2 6 1 5650 5653 5645
9159 2 2 6 1 5650 1690 5653
9160 2 2 6 1 5645 5653 696
9161 2 2 6 1 669 5262 5647
9162 2 2 6 1 5262 5654 5647
9163 2 2 6 1 5262 1589 5654
9164 2 2 6 1 5647 5654 1689
9165 2 2 6 1 1589 5655 5654
9166 2 2 6 1 5655 5656 5654
9167 2 2 6 1 5655 1616 5656
9168 2 2 6 1 5654 5656 1689
9169 2 2 6 1 1589 5265 5655
9170 2 2 6 1 5265 5377 5655
9171 2 2 6 1 5265 364 5377
9172 2 2 6 1 5655 5377 1616
9173 2 2 6 1 1689 5656 5651
9174 2 2 6 1 5656 5382 5651
9175 2 2 6 1 5656 1616 5382
9176 2 2 6 1 5651 5382 676
9177 2 2 6 1 696 5653 5658
9178 2 2 6 1 5653 5657 5658
9179 2 2 6 1 5653 1690 5657
9180 2 2 6 1 5658 5657 1691
9181 2 2 6 1 1690 5659 5657
9182 2 2 6 1 5659 5660 5657
9183 2 2 6 1 5659 1621 5660
9184 2 2 6 1 5657 5660 1691
9185 2 2 6 1 1690 5652 5659
9186 2 2 6 1 5652 5396 5659
9187 2 2 6 1 5652 676 5396
9188 2 2 6 1 5659 5396 1621
9189 2 2 6 1 1691 5660 5661
9190 2 2 6 1 5660 5401 5661
9191 2 2 6 1 5660 1621 5401
9192 2 2 6 1 5661 5401 424
9193 2 2 6 1 63 13 5663
9194 2 2 6 1 13 5662 5663
9195 2 2 6 1 13 57 5662
9196 2 2 6 1 5663 5662 1693
9197 2 2 6 1 57 5664 5662
9198 2 2 6 1 5664 5665 5662
9199 2 2 6 1 5664 1692 5665
9200 2 2 6 1 5662 5665 1693
9201 2 2 6 1 57 1 5664
9202 2 2 6 1 1 5666 5664
9203 2 2 6 1 1 73 5666
9204 2 2 6 1 5664 5666 1692
9205 2 2 6 1 1693 5665 5668
9206 2 2 6 1 5665 5667 5668
9207 2 2 6 1 5665 1692 5667
9208 2 2 6 1 5668 5667 697
9209 2 2 6 1 73 5669 5666
9210 2 2 6 1 5669 5670 5666
9211 2 2 6 1 5669 1694 5670
9212 2 2 6 1 5666 5670 1692
9213 2 2 6 1 1694 5671 5670
9214 2 2 6 1 5671 5672 5670
9215 2 2 6 1 5671 1695 5672
9216 2 2 6 1 5670 5672 1692
9217 2 2 6 1 1694 5673 5671
9218 2 2 6 1 5673 5674 5671
9219 2 2 6 1 5673 696 5674
9220 2 2 6 1 5671 5674 1695
9221 2 2 6 1 1692 5672 5667
9222 2 2 6 1 5672 5675 5667
9223 2 2 6 1 5672 1695 5675
9224 2 2 6 1 5667 5675 697
9225 2 2 6 1 73 11 5669
9226 2 2 6 1 11 5676 5669
9227 2 2 6 1 11 56 5676
9228 2 2 6 1 5669 5676 1694
9229 2 2 6 1 56 5677 5676
9230 2 2 6 1 5677 5678 5676
9231 2 2 6 1 5677 1688 5678
9232 2 2 6 1 5676 5678 1694
9233 2 2 6 1 56 10 5677
9234 2 2 6 1 10 5641 5677
9235 2 2 6 1 10 64 5641
9236 2 2 6 1 5677 5641 1688
9237 2 2 6 1 1694 5678 5673
9238 2 2 6 1 5678 5646 5673
9239 2 2 6 1 5678 1688 5646
9240 2 2 6 1 5673 5646 696
9241 2 2 6 1 697 5675 5680
9242 2 2 6 1 5675 5679 5680
9243 2 2 6 1 5675 1695 5679
9244 2 2 6 1 5680 5679 1696
9245 2 2 6 1 1695 5681 5679
9246 2 2 6 1 5681 5682 5679
9247 2 2 6 1 5681 1691 5682
9248 2 2 6 1 5679 5682 1696
9249 2 2 6 1 1695 5674 5681
9250 2 2 6 1 5674 5658 5681
9251 2 2 6 1 5674 696 5658
9252 2 2 6 1 5681 5658 1691
9253 2 2 6 1 1696 5682 5683
9254 2 2 6 1 5682 5661 5683
9255 2 2 6 1 5682 1691 5661
9256 2 2 6 1 5683 5661 424
9257 2 2 6 1 32 17 5685
9258 2 2 6 1 17 5684 5685
9259 2 2 6 1 17 59 5684
9260 2 2 6 1 5685 5684 1698
9261 2 2 6 1 59 5686 5684
9262 2 2 6 1 5686 5687 5684
9263 2 2 6 1 5686 1697 5687
9264 2 2 6 1 5684 5687 1698
9265 2 2 6 1 59 16 5686
9266 2 2 6 1 16 5688 5686
9267 2 2 6 1 16 62 5688
9268 2 2 6 1 5686 5688 1697
9269 2 2 6 1 1698 5687 5690
9270 2 2 6 1 5687 5689 5690
9271 2 2 6 1 5687 1697 5689
9272 2 2 6 1 5690 5689 699
9273 2 2 6 1 62 5691 5688
9274 2 2 6 1 5691 5692 5688
9275 2 2 6 1 5691 1699 5692
9276 2 2 6 1 5688 5692 1697
9277 2 2 6 1 1699 5693 5692
9278 2 2 6 1 5693 5694 5692
9279 2 2 6 1 5693 1700 5694
9280 2 2 6 1 5692 5694 1697
9281 2 2 6 1 1699 5695 5693
9282 2 2 6 1 5695 5696 5693
9283 2 2 6 1 5695 698 5696
9284 2 2 6 1 5693 5696 1700
9285 2 2 6 1 1697 5694 5689
9286 2 2 6 1 5694 5697 5689
9287 2 2 6 1 5694 1700 5697
9288 2 2 6 1 5689 5697 699
9289 2 2 6 1 62 15 5691
9290 2 2 6 1 15 5698 5691
9291 2 2 6 1 15 58 5698
9292 2 2 6 1 5691 5698 1699
9293 2 2 6 1 58 5699 5698
9294 2 2 6 1 5699 5700 5698
9295 2 2 6 1 5699 1701 5700
9296 2 2 6 1 5698 5700 1699
9297 2 2 6 1 58 14 5699
9298 2 2 6 1 14 5701 5699
9299 2 2 6 1 14 63 5701
9300 2 2 6 1 5699 5701 1701
9301 2 2 6 1 1699 5700 5695
9302 2 2 6 1 5700 5702 5695
9303 2 2 6 1 5700 1701 5702
9304 2 2 6 1 5695 5702 698
9305 2 2 6 1 699 5697 5704
9306 2 2 6 1 5697 5703 5704
9307 2 2 6 1 5697 1700 5703
9308 2 2 6 1 5704 5703 1703
9309 2 2 6 1 1700 5705 5703
9310 2 2 6 1 5705 5706 5703
9311 2 2 6 1 5705 1702 5706
9312 2 2 6 1 5703 5706 1703
9313 2 2 6 1 1700 5696 5705
9314 2 2 6 1 5696 5707 5705
9315 2 2 6 1 5696 698 5707
9316 2 2 6 1 5705 5707 1702
9317 2 2 6 1 1703 5706 5709
9318 2 2 6 1 5706 5708 5709
9319 2 2 6 1 5706 1702 5708
9320 2 2 6 1 5709 5708 372
9321 2 2 6 1 144 94 5711
9322 2 2 6 1 94 5710 5711
9323 2 2 6 1 94 138 5710
9324 2 2 6 1 5711 5710 1705
9325 2 2 6 1 138 5712 5710
9326 2 2 6 1 5712 5713 5710
9327 2 2 6 1 5712 1704 5713
9328 2 2 6 1 5710 5713 1705
9329 2 2 6 1 138 93 5712
9330 2 2 6 1 93 5714 5712
9331 2 2 6 1 93 154 5714
9332 2 2 6 1 5712 5714 1704
9333 2 2 6 1 1705 5713 5716
9334 2 2 6 1 5713 5715 5716
9335 2 2 6 1 5713 1704 5715
9336 2 2 6 1 5716 5715 701
9337 2 2 6 1 154 5717 5714
9338 2 2 6 1 5717 5718 5714
9339 2 2 6 1 5717 1706 5718
9340 2 2 6 1 5714 5718 1704
9341 2 2 6 1 1706 5719 5718
9342 2 2 6 1 5719 5720 5718
9343 2 2 6 1 5719 1707 5720
9344 2 2 6 1 5718 5720 1704
9345 2 2 6 1 1706 5721 5719
9346 2 2 6 1 5721 5722 5719
9347 2 2 6 1 5721 700 5722
9348 2 2 6 1 5719 5722 1707
9349 2 2 6 1 1704 5720 5715
9350 2 2 6 1 5720 5723 5715
9351 2 2 6 1 5720 1707 5723
9352 2 2 6 1 5715 5723 701
9353 2 2 6 1 154 82 5717
9354 2 2 6 1 82 5724 5717
9355 2 2 6 1 82 137 5724
9356 2 2 6 1 5717 5724 1706
9357 2 2 6 1 137 5725 5724
9358 2 2 6 1 5725 5726 5724
9359 2 2 6 1 5725 1708 5726
9360 2 2 6 1 5724 5726 1706
9361 2 2 6 1 137 91 5725
9362 2 2 6 1 91 5727 5725
9363 2 2 6 1 91 145 5727
9364 2 2 6 1 5725 5727 1708
9365 2 2 6 1 1706 5726 5721
9366 2 2 6 1 5726 5728 5721
9367 2 2 6 1 5726 1708 5728
9368 2 2 6 1 5721 5728 700
9369 2 2 6 1 701 5723 5730
9370 2 2 6 1 5723 5729 5730
9371 2 2 6 1 5723 1707 5729
9372 2 2 6 1 5730 5729 1710
9373 2 2 6 1 1707 5731 5729
9374 2 2 6 1 5731 5732 5729
9375 2 2 6 1 5731 1709 5732
9376 2 2 6 1 5729 5732 1710
9377 2 2 6 1 1707 5722 5731
9378 2 2 6 1 5722 5733 5731
9379 2 2 6 1 5722 700 5733
9380 2 2 6 1 5731 5733 1709
9381 2 2 6 1 1710 5732 5735
9382 2 2 6 1 5732 5734 5735
9383 2 2 6 1 5732 1709 5734
9384 2 2 6 1 5735 5734 371
9385 2 2 6 1 381 5736 5566
9386 2 2 6 1 5736 5737 5566
9387 2 2 6 1 5736 1711 5737
9388 2 2 6 1 5566 5737 1668
9389 2 2 6 1 1711 5738 5737
9390 2 2 6 1 5738 5739 5737
9391 2 2 6 1 5738 1712 5739
9392 2 2 6 1 5737 5739 1668
9393 2 2 6 1 1711 5740 5738
9394 2 2 6 1 5740 5741 5738
9395 2 2 6 1 5740 702 5741
9396 2 2 6 1 5738 5741 1712
9397 2 2 6 1 1668 5739 5570
9398 2 2 6 1 5739 5742 5570
9399 2 2 6 1 5739 1712 5742
9400 2 2 6 1 5570 5742 691
9401 2 2 6 1 702 5743 5741
9402 2 2 6 1 5743 5744 5741
9403 2 2 6 1 5743 1713 5744
9404 2 2 6 1 5741 5744 1712
9405 2 2 6 1 1713 5745 5744
9406 2 2 6 1 5745 5746 5744
9407 2 2 6 1 5745 1714 5746
9408 2 2 6 1 5744 5746 1712
9409 2 2 6 1 1713 5747 5745
9410 2 2 6 1 5747 5748 5745
9411 2 2 6 1 5747 567 5748
9412 2 2 6 1 5745 5748 1714
9413 2 2 6 1 1712 5746 5742
9414 2 2 6 1 5746 5749 5742
9415 2 2 6 1 5746 1714 5749
9416 2 2 6 1 5742 5749 691
9417 2 2 6 1 702 5750 5743
9418 2 2 6 1 5750 5751 5743
9419 2 2 6 1 5750 1715 5751
9420 2 2 6 1 5743 5751 1713
9421 2 2 6 1 1715 5752 5751
9422 2 2 6 1 5752 5753 5751
9423 2 2 6 1 5752 1191 5753
9424 2 2 6 1 5751 5753 1713
9425 2 2 6 1 1715 5754 5752
9426 2 2 6 1 5754 3686 5752
9427 2 2 6 1 5754 379 3686
9428 2 2 6 1 5752 3686 1191
9429 2 2 6 1 1713 5753 5747
9430 2 2 6 1 5753 3682 5747
9431 2 2 6 1 5753 1191 3682
9432 2 2 6 1 5747 3682 567
9433 2 2 6 1 691 5749 5580
9434 2 2 6 1 5749 5755 5580
9435 2 2 6 1 5749 1714 5755
9436 2 2 6 1 5580 5755 1672
9437 2 2 6 1 1714 5756 5755
9438 2 2 6 1 5756 5757 5755
9439 2 2 6 1 5756 1186 5757
9440 2 2 6 1 5755 5757 1672
9441 2 2 6 1 1714 5748 5756
9442 2 2 6 1 5748 3671 5756
9443 2 2 6 1 5748 567 3671
9444 2 2 6 1 5756 3671 1186
9445 2 2 6 1 1672 5757 5584
9446 2 2 6 1 5757 3666 5584
9447 2 2 6 1 5757 1186 3666
9448 2 2 6 1 5584 3666 382
9449 2 2 6 1 378 5758 5760
9450 2 2 6 1 5758 5759 5760
9451 2 2 6 1 5758 1716 5759
9452 2 2 6 1 5760 5759 1718
9453 2 2 6 1 1716 5761 5759
9454 2 2 6 1 5761 5762 5759
9455 2 2 6 1 5761 1717 5762
9456 2 2 6 1 5759 5762 1718
9457 2 2 6 1 1716 5763 5761
9458 2 2 6 1 5763 5764 5761
9459 2 2 6 1 5763 703 5764
9460 2 2 6 1 5761 5764 1717
9461 2 2 6 1 1718 5762 5766
9462 2 2 6 1 5762 5765 5766
9463 2 2 6 1 5762 1717 5765
9464 2 2 6 1 5766 5765 704
9465 2 2 6 1 703 5767 5764
9466 2 2 6 1 5767 5768 5764
9467 2 2 6 1 5767 1719 5768
9468 2 2 6 1 5764 5768 1717
9469 2 2 6 1 1719 5769 5768
9470 2 2 6 1 5769 5770 5768
9471 2 2 6 1 5769 1720 5770
9472 2 2 6 1 5768 5770 1717
9473 2 2 6 1 1719 5771 5769
9474 2 2 6 1 5771 5772 5769
9475 2 2 6 1 5771 702 5772
9476 2 2 6 1 5769 5772 1720
9477 2 2 6 1 1717 5770 5765
9478 2 2 6 1 5770 5773 5765
9479 2 2 6 1 5770 1720 5773
9480 2 2 6 1 5765 5773 704
9481 2 2 6 1 703 5774 5767
9482 2 2 6 1 5774 5775 5767
9483 2 2 6 1 5774 1721 5775
9484 2 2 6 1 5767 5775 1719
9485 2 2 6 1 1721 5776 5775
9486 2 2 6 1 5776 5777 5775
9487 2 2 6 1 5776 1715 5777
9488 2 2 6 1 5775 5777 1719
9489 2 2 6 1 1721 5778 5776
9490 2 2 6 1 5778 5754 5776
9491 2 2 6 1 5778 379 5754
9492 2 2 6 1 5776 5754 1715
9493 2 2 6 1 1719 5777 5771
9494 2 2 6 1 5777 5750 5771
9495 2 2 6 1 5777 1715 5750
9496 2 2 6 1 5771 5750 702
9497 2 2 6 1 704 5773 5780
9498 2 2 6 1 5773 5779 5780
9499 2 2 6 1 5773 1720 5779
9500 2 2 6 1 5780 5779 1722
9501 2 2 6 1 1720 5781 5779
9502 2 2 6 1 5781 5782 5779
9503 2 2 6 1 5781 1711 5782
9504 2 2 6 1 5779 5782 1722
9505 2 2 6 1 1720 5772 5781
9506 2 2 6 1 5772 5740 5781
9507 2 2 6 1 5772 702 5740
9508 2 2 6 1 5781 5740 1711
9509 2 2 6 1 1722 5782 5783
9510 2 2 6 1 5782 5736 5783
9511 2 2 6 1 5782 1711 5736
9512 2 2 6 1 5783 5736 381
9513 2 2 6 1 403 5784 4888
9514 2 2 6 1 5784 5785 4888
9515 2 2 6 1 5784 1723 5785
9516 2 2 6 1 4888 5785 1503
9517 2 2 6 1 1723 5786 5785
9518 2 2 6 1 5786 5787 5785
9519 2 2 6 1 5786 1724 5787
9520 2 2 6 1 5785 5787 1503
9521 2 2 6 1 1723 5788 5786
9522 2 2 6 1 5788 5789 5786
9523 2 2 6 1 5788 705 5789
9524 2 2 6 1 5786 5789 1724
9525 2 2 6 1 1503 5787 4892
9526 2 2 6 1 5787 5790 4892
9527 2 2 6 1 5787 1724 5790
9528 2 2 6 1 4892 5790 652
9529 2 2 6 1 705 5791 5789
9530 2 2 6 1 5791 5792 5789
9531 2 2 6 1 5791 1725 5792
9532 2 2 6 1 5789 5792 1724
9533 2 2 6 1 1725 5793 5792
9534 2 2 6 1 5793 5794 5792
9535 2 2 6 1 5793 1726 5794
9536 2 2 6 1 5792 5794 1724
9537 2 2 6 1 1725 5795 5793
9538 2 2 6 1 5795 5796 5793
9539 2 2 6 1 5795 706 5796
9540 2 2 6 1 5793 5796 1726
9541 2 2 6 1 1724 5794 5790
9542 2 2 6 1 5794 5797 5790
9543 2 2 6 1 5794 1726 5797
9544 2 2 6 1 5790 5797 652
9545 2 2 6 1 705 5798 5791
9546 2 2 6 1 5798 5799 5791
9547 2 2 6 1 5798 1727 5799
9548 2 2 6 1 5791 5799 1725
9549 2 2 6 1 1727 5800 5799
9550 2 2 6 1 5800 5801 5799
9551 2 2 6 1 5800 1728 5801
9552 2 2 6 1 5799 5801 1725
9553 2 2 6 1 1727 5802 5800
9554 2 2 6 1 5802 5803 5800
9555 2 2 6 1 5802 404 5803
9556 2 2 6 1 5800 5803 1728
9557 2 2 6 1 1725 5801 5795
9558 2 2 6 1 5801 5804 5795
9559 2 2 6 1 5801 1728 5804
9560 2 2 6 1 5795 5804 706
9561 2 2 6 1 652 5797 4902
9562 2 2 6 1 5797 5805 4902
9563 2 2 6 1 5797 1726 5805
9564 2 2 6 1 4902 5805 1507
9565 2 2 6 1 1726 5806 5805
9566 2 2 6 1 5806 5807 5805
9567 2 2 6 1 5806 1729 5807
9568 2 2 6 1 5805 5807 1507
9569 2 2 6 1 1726 5796 5806
9570 2 2 6 1 5796 5808 5806
9571 2 2 6 1 5796 706 5808
9572 2 2 6 1 5806 5808 1729
9573 2 2 6 1 1507 5807 4906
9574 2 2 6 1 5807 5809 4906
9575 2 2 6 1 5807 1729 5809
9576 2 2 6 1 4906 5809 405
9577 2 2 6 1 226 5433 5501
9578 2 2 6 1 5433 5810 5501
9579 2 2 6 1 5433 1632 5810
9580 2 2 6 1 5501 5810 1649
9581 2 2 6 1 1632 5811 5810
9582 2 2 6 1 5811 5812 5810
9583 2 2 6 1 5811 1730 5812
9584 2 2 6 1 5810 5812 1649
9585 2 2 6 1 1632 5438 5811
9586 2 2 6 1 5438 5813 5811
9587 2 2 6 1 5438 681 5813
9588 2 2 6 1 5811 5813 1730
9589 2 2 6 1 1649 5812 5502
9590 2 2 6 1 5812 5814 5502
9591 2 2 6 1 5812 1730 5814
9592 2 2 6 1 5502 5814 684
9593 2 2 6 1 681 5815 5813
9594 2 2 6 1 5815 5816 5813
9595 2 2 6 1 5815 1731 5816
9596 2 2 6 1 5813 5816 1730
9597 2 2 6 1 1731 5817 5816
9598 2 2 6 1 5817 5818 5816
9599 2 2 6 1 5817 1732 5818
9600 2 2 6 1 5816 5818 1730
9601 2 2 6 1 1731 5819 5817
9602 2 2 6 1 5819 5820 5817
9603 2 2 6 1 5819 707 5820
9604 2 2 6 1 5817 5820 1732
9605 2 2 6 1 1730 5818 5814
9606 2 2 6 1 5818 5821 5814
9607 2 2 6 1 5818 1732 5821
9608 2 2 6 1 5814 5821 684
9609 2 2 6 1 681 5452 5815
9610 2 2 6 1 5452 5822 5815
9611 2 2 6 1 5452 1637 5822
9612 2 2 6 1 5815 5822 1731
9613 2 2 6 1 1637 5823 5822
9614 2 2 6 1 5823 5824 5822
9615 2 2 6 1 5823 1733 5824
9616 2 2 6 1 5822 5824 1731
9617 2 2 6 1 1637 5457 5823
9618 2 2 6 1 5457 5825 5823
9619 2 2 6 1 5457 363 5825
9620 2 2 6 1 5823 5825 1733
9621 2 2 6 1 1731 5824 5819
9622 2 2 6 1 5824 5826 5819
9623 2 2 6 1 5824 1733 5826
9624 2 2 6 1 5819 5826 707
9625 2 2 6 1 684 5821 5507
9626 2 2 6 1 5821 5827 5507
9627 2 2 6 1 5821 1732 5827
9628 2 2 6 1 5507 5827 1650
9629 2 2 6 1 1732 5828 5827
9630 2 2 6 1 5828 5829 5827
9631 2 2 6 1 5828 1734 5829
9632 2 2 6 1 5827 5829 1650
9633 2 2 6 1 1732 5820 5828
9634 2 2 6 1 5820 5830 5828
9635 2 2 6 1 5820 707 5830
9636 2 2 6 1 5828 5830 1734
9637 2 2 6 1 1650 5829 5508
9638 2 2 6 1 5829 5831 5508
9639 2 2 6 1 5829 1734 5831
9640 2 2 6 1 5508 5831 421
9641 2 2 6 1 379 5832 3696
9642 2 2 6 1 5832 5833 3696
9643 2 2 6 1 5832 1735 5833
9644 2 2 6 1 3696 5833 1195
9645 2 2 6 1 1735 5834 5833
9646 2 2 6 1 5834 5835 5833
9647 2 2 6 1 5834 1736 5835
9648 2 2 6 1 5833 5835 1195
9649 2 2 6 1 1735 5836 5834
9650 2 2 6 1 5836 5837 5834
9651 2 2 6 1 5836 708 5837
9652 2 2 6 1 5834 5837 1736
9653 2 2 6 1 1195 5835 3700
9654 2 2 6 1 5835 5838 3700
9655 2 2 6 1 5835 1736 5838
9656 2 2 6 1 3700 5838 570
9657 2 2 6 1 708 5839 5837
9658 2 2 6 1 5839 5840 5837
9659 2 2 6 1 5839 1737 5840
9660 2 2 6 1 5837 5840 1736
9661 2 2 6 1 1737 5841 5840
9662 2 2 6 1 5841 5842 5840
9663 2 2 6 1 5841 1738 5842
9664 2 2 6 1 5840 5842 1736
9665 2 2 6 1 1737 5843 5841
9666 2 2 6 1 5843 5844 5841
9667 2 2 6 1 5843 709 5844
9668 2 2 6 1 5841 5844 1738
9669 2 2 6 1 1736 5842 5838
9670 2 2 6 1 5842 5845 5838
9671 2 2 6 1 5842 1738 5845
9672 2 2 6 1 5838 5845 570
9673 2 2 6 1 708 5846 5839
9674 2 2 6 1 5846 5847 5839
9675 2 2 6 1 5846 1739 5847
9676 2 2 6 1 5839 5847 1737
9677 2 2 6 1 1739 5848 5847
9678 2 2 6 1 5848 5849 5847
9679 2 2 6 1 5848 1740 5849
9680 2 2 6 1 5847 5849 1737
9681 2 2 6 1 1739 5850 5848
9682 2 2 6 1 5850 5851 5848
9683 2 2 6 1 5850 377 5851
9684 2 2 6 1 5848 5851 1740
9685 2 2 6 1 1737 5849 5843
9686 2 2 6 1 5849 5852 5843
9687 2 2 6 1 5849 1740 5852
9688 2 2 6 1 5843 5852 709
9689 2 2 6 1 570 5845 3710
9690 2 2 6 1 5845 5853 3710
9691 2 2 6 1 5845 1738 5853
9692 2 2 6 1 3710 5853 1199
9693 2 2 6 1 1738 5854 5853
9694 2 2 6 1 5854 5855 5853
9695 2 2 6 1 5854 1741 5855
9696 2 2 6 1 5853 5855 1199
9697 2 2 6 1 1738 5844 5854
9698 2 2 6 1 5844 5856 5854
9699 2 2 6 1 5844 709 5856
9700 2 2 6 1 5854 5856 1741
9701 2 2 6 1 1199 5855 3714
9702 2 2 6 1 5855 5857 3714
9703 2 2 6 1 5855 1741 5857
9704 2 2 6 1 3714 5857 380
9705 2 2 6 1 401 5044 5859
9706 2 2 6 1 5044 5858 5859
9707 2 2 6 1 5044 1538 5858
9708 2 2 6 1 5859 5858 1743
9709 2 2 6 1 1538 5860 5858
9710 2 2 6 1 5860 5861 5858
9711 2 2 6 1 5860 1742 5861
9712 2 2 6 1 5858 5861 1743
9713 2 2 6 1 1538 5043 5860
9714 2 2 6 1 5043 5862 5860
9715 2 2 6 1 5043 658 5862
9716 2 2 6 1 5860 5862 1742
9717 2 2 6 1 1743 5861 5864
9718 2 2 6 1 5861 5863 5864
9719 2 2 6 1 5861 1742 5863
9720 2 2 6 1 5864 5863 710
9721 2 2 6 1 658 5865 5862
9722 2 2 6 1 5865 5866 5862
9723 2 2 6 1 5865 1744 5866
9724 2 2 6 1 5862 5866 1742
9725 2 2 6 1 1744 5867 5866
9726 2 2 6 1 5867 5868 5866
9727 2 2 6 1 5867 1745 5868
9728 2 2 6 1 5866 5868 1742
9729 2 2 6 1 1744 5869 5867
9730 2 2 6 1 5869 5870 5867
9731 2 2 6 1 5869 670 5870
9732 2 2 6 1 5867 5870 1745
9733 2 2 6 1 1742 5868 5863
9734 2 2 6 1 5868 5871 5863
9735 2 2 6 1 5868 1745 5871
9736 2 2 6 1 5863 5871 710
9737 2 2 6 1 658 5038 5865
9738 2 2 6 1 5038 5872 5865
9739 2 2 6 1 5038 1537 5872
9740 2 2 6 1 5865 5872 1744
9741 2 2 6 1 1537 5873 5872
9742 2 2 6 1 5873 5874 5872
9743 2 2 6 1 5873 1591 5874
9744 2 2 6 1 5872 5874 1744
9745 2 2 6 1 1537 5037 5873
9746 2 2 6 1 5037 5267 5873
9747 2 2 6 1 5037 398 5267
9748 2 2 6 1 5873 5267 1591
9749 2 2 6 1 1744 5874 5869
9750 2 2 6 1 5874 5272 5869
9751 2 2 6 1 5874 1591 5272
9752 2 2 6 1 5869 5272 670
9753 2 2 6 1 710 5871 5876
9754 2 2 6 1 5871 5875 5876
9755 2 2 6 1 5871 1745 5875
9756 2 2 6 1 5876 5875 1746
9757 2 2 6 1 1745 5877 5875
9758 2 2 6 1 5877 5878 5875
9759 2 2 6 1 5877 1594 5878
9760 2 2 6 1 5875 5878 1746
9761 2 2 6 1 1745 5870 5877
9762 2 2 6 1 5870 5284 5877
9763 2 2 6 1 5870 670 5284
9764 2 2 6 1 5877 5284 1594
9765 2 2 6 1 1746 5878 5879
9766 2 2 6 1 5878 5287 5879
9767 2 2 6 1 5878 1594 5287
9768 2 2 6 1 5879 5287 425
9769 2 2 6 1 362 5482 5881
9770 2 2 6 1 5482 5880 5881
9771 2 2 6 1 5482 1643 5880
9772 2 2 6 1 5881 5880 1748
9773 2 2 6 1 1643 5882 5880
9774 2 2 6 1 5882 5883 5880
9775 2 2 6 1 5882 1747 5883
9776 2 2 6 1 5880 5883 1748
9777 2 2 6 1 1643 5481 5882
9778 2 2 6 1 5481 5884 5882
9779 2 2 6 1 5481 682 5884
9780 2 2 6 1 5882 5884 1747
9781 2 2 6 1 1748 5883 5886
9782 2 2 6 1 5883 5885 5886
9783 2 2 6 1 5883 1747 5885
9784 2 2 6 1 5886 5885 711
9785 2 2 6 1 682 5887 5884
9786 2 2 6 1 5887 5888 5884
9787 2 2 6 1 5887 1749 5888
9788 2 2 6 1 5884 5888 1747
9789 2 2 6 1 1749 5889 5888
9790 2 2 6 1 5889 5890 5888
9791 2 2 6 1 5889 1750 5890
9792 2 2 6 1 5888 5890 1747
9793 2 2 6 1 1749 5891 5889
9794 2 2 6 1 5891 5892 5889
9795 2 2 6 1 5891 685 5892
9796 2 2 6 1 5889 5892 1750
9797 2 2 6 1 1747 5890 5885
9798 2 2 6 1 5890 5893 5885
9799 2 2 6 1 5890 1750 5893
9800 2 2 6 1 5885 5893 711
9801 2 2 6 1 682 5476 5887
9802 2 2 6 1 5476 5894 5887
9803 2 2 6 1 5476 1642 5894
9804 2 2 6 1 5887 5894 1749
9805 2 2 6 1 1642 5895 5894
9806 2 2 6 1 5895 5896 5894
9807 2 2 6 1 5895 1646 5896
9808 2 2 6 1 5894 5896 1749
9809 2 2 6 1 1642 5475 5895
9810 2 2 6 1 5475 5485 5895
9811 2 2 6 1 5475 225 5485
9812 2 2 6 1 5895 5485 1646
9813 2 2 6 1 1749 5896 5891
9814 2 2 6 1 5896 5490 5891
9815 2 2 6 1 5896 1646 5490
9816 2 2 6 1 5891 5490 685
9817 2 2 6 1 711 5893 5898
9818 2 2 6 1 5893 5897 5898
9819 2 2 6 1 5893 1750 5897
9820 2 2 6 1 5898 5897 1751
9821 2 2 6 1 1750 5899 5897
9822 2 2 6 1 5899 5900 5897
9823 2 2 6 1 5899 1651 5900
9824 2 2 6 1 5897 5900 1751
9825 2 2 6 1 1750 5892 5899
9826 2 2 6 1 5892 5504 5899
9827 2 2 6 1 5892 685 5504
9828 2 2 6 1 5899 5504 1651
9829 2 2 6 1 1751 5900 5901
9830 2 2 6 1 5900 5509 5901
9831 2 2 6 1 5900 1651 5509
9832 2 2 6 1 5901 5509 421
9833 2 2 6 1 362 5881 5903
9834 2 2 6 1 5881 5902 5903
9835 2 2 6 1 5881 1748 5902
9836 2 2 6 1 5903 5902 1753
9837 2 2 6 1 1748 5904 5902
9838 2 2 6 1 5904 5905 5902
9839 2 2 6 1 5904 1752 5905
9840 2 2 6 1 5902 5905 1753
9841 2 2 6 1 1748 5886 5904
9842 2 2 6 1 5886 5906 5904
9843 2 2 6 1 5886 711 5906
9844 2 2 6 1 5904 5906 1752
9845 2 2 6 1 1753 5905 5908
9846 2 2 6 1 5905 5907 5908
9847 2 2 6 1 5905 1752 5907
9848 2 2 6 1 5908 5907 713
9849 2 2 6 1 711 5909 5906
9850 2 2 6 1 5909 5910 5906
9851 2 2 6 1 5909 1754 5910
9852 2 2 6 1 5906 5910 1752
9853 2 2 6 1 1754 5911 5910
9854 2 2 6 1 5911 5912 5910
9855 2 2 6 1 5911 1755 5912
9856 2 2 6 1 5910 5912 1752
9857 2 2 6 1 1754 5913 5911
9858 2 2 6 1 5913 5914 5911
9859 2 2 6 1 5913 712 5914
9860 2 2 6 1 5911 5914 1755
9861 2 2 6 1 1752 5912 5907
9862 2 2 6 1 5912 5915 5907
9863 2 2 6 1 5912 1755 5915
9864 2 2 6 1 5907 5915 713
9865 2 2 6 1 711 5898 5909
9866 2 2 6 1 5898 5916 5909
9867 2 2 6 1 5898 1751 5916
9868 2 2 6 1 5909 5916 1754
9869 2 2 6 1 1751 5917 5916
9870 2 2 6 1 5917 5918 5916
9871 2 2 6 1 5917 1756 5918
9872 2 2 6 1 5916 5918 1754
9873 2 2 6 1 1751 5901 5917
9874 2 2 6 1 5901 5919 5917
9875 2 2 6 1 5901 421 5919
9876 2 2 6 1 5917 5919 1756
9877 2 2 6 1 1754 5918 5913
9878 2 2 6 1 5918 5920 5913
9879 2 2 6 1 5918 1756 5920
9880 2 2 6 1 5913 5920 712
9881 2 2 6 1 713 5915 5922
9882 2 2 6 1 5915 5921 5922
9883 2 2 6 1 5915 1755 5921
9884 2 2 6 1 5922 5921 1758
9885 2 2 6 1 1755 5923 5921
9886 2 2 6 1 5923 5924 5921
9887 2 2 6 1 5923 1757 5924
9888 2 2 6 1 5921 5924 1758
9889 2 2 6 1 1755 5914 5923
9890 2 2 6 1 5914 5925 5923
9891 2 2 6 1 5914 712 5925
9892 2 2 6 1 5923 5925 1757
9893 2 2 6 1 1758 5924 5927
9894 2 2 6 1 5924 5926 5927
9895 2 2 6 1 5924 1757 5926
9896 2 2 6 1 5927 5926 426
9897 2 2 6 1 378 5430 5758
9898 2 2 6 1 5430 5928 5758
9899 2 2 6 1 5430 1629 5928
9900 2 2 6 1 5758 5928 1716
9901 2 2 6 1 1629 5929 5928
9902 2 2 6 1 5929 5930 5928
9903 2 2 6 1 5929 1759 5930
9904 2 2 6 1 5928 5930 1716
9905 2 2 6 1 1629 5429 5929
9906 2 2 6 1 5429 5931 5929
9907 2 2 6 1 5429 678 5931
9908 2 2 6 1 5929 5931 1759
9909 2 2 6 1 1716 5930 5763
9910 2 2 6 1 5930 5932 5763
9911 2 2 6 1 5930 1759 5932
9912 2 2 6 1 5763 5932 703
9913 2 2 6 1 678 5933 5931
9914 2 2 6 1 5933 5934 5931
9915 2 2 6 1 5933 1760 5934
9916 2 2 6 1 5931 5934 1759
9917 2 2 6 1 1760 5935 5934
9918 2 2 6 1 5935 5936 5934
9919 2 2 6 1 5935 1761 5936
9920 2 2 6 1 5934 5936 1759
9921 2 2 6 1 1760 5937 5935
9922 2 2 6 1 5937 5938 5935
9923 2 2 6 1 5937 708 5938
9924 2 2 6 1 5935 5938 1761
9925 2 2 6 1 1759 5936 5932
9926 2 2 6 1 5936 5939 5932
9927 2 2 6 1 5936 1761 5939
9928 2 2 6 1 5932 5939 703
9929 2 2 6 1 678 5424 5933
9930 2 2 6 1 5424 5940 5933
9931 2 2 6 1 5424 1628 5940
9932 2 2 6 1 5933 5940 1760
9933 2 2 6 1 1628 5941 5940
9934 2 2 6 1 5941 5942 5940
9935 2 2 6 1 5941 1739 5942
9936 2 2 6 1 5940 5942 1760
9937 2 2 6 1 1628 5423 5941
9938 2 2 6 1 5423 5850 5941
9939 2 2 6 1 5423 377 5850
9940 2 2 6 1 5941 5850 1739
9941 2 2 6 1 1760 5942 5937
9942 2 2 6 1 5942 5846 5937
9943 2 2 6 1 5942 1739 5846
9944 2 2 6 1 5937 5846 708
9945 2 2 6 1 703 5939 5774
9946 2 2 6 1 5939 5943 5774
9947 2 2 6 1 5939 1761 5943
9948 2 2 6 1 5774 5943 1721
9949 2 2 6 1 1761 5944 5943
9950 2 2 6 1 5944 5945 5943
9951 2 2 6 1 5944 1735 5945
9952 2 2 6 1 5943 5945 1721
9953 2 2 6 1 1761 5938 5944
9954 2 2 6 1 5938 5836 5944
9955 2 2 6 1 5938 708 5836
9956 2 2 6 1 5944 5836 1735
9957 2 2 6 1 1721 5945 5778
9958 2 2 6 1 5945 5832 5778
9959 2 2 6 1 5945 1735 5832
9960 2 2 6 1 5778 5832 379
9961 2 2 6 1 363 5404 5825
9962 2 2 6 1 5404 5946 5825
9963 2 2 6 1 5404 1624 5946
9964 2 2 6 1 5825 5946 1733
9965 2 2 6 1 1624 5947 5946
9966 2 2 6 1 5947 5948 5946
9967 2 2 6 1 5947 1762 5948
9968 2 2 6 1 5946 5948 1733
9969 2 2 6 1 1624 5410 5947
9970 2 2 6 1 5410 5949 5947
9971 2 2 6 1 5410 679 5949
9972 2 2 6 1 5947 5949 1762
9973 2 2 6 1 1733 5948 5826
9974 2 2 6 1 5948 5950 5826
9975 2 2 6 1 5948 1762 5950
9976 2 2 6 1 5826 5950 707
9977 2 2 6 1 679 5951 5949
9978 2 2 6 1 5951 5952 5949
9979 2 2 6 1 5951 1763 5952
9980 2 2 6 1 5949 5952 1762
9981 2 2 6 1 1763 5953 5952
9982 2 2 6 1 5953 5954 5952
9983 2 2 6 1 5953 1764 5954
9984 2 2 6 1 5952 5954 1762
9985 2 2 6 1 1763 5955 5953
9986 2 2 6 1 5955 5956 5953
9987 2 2 6 1 5955 714 5956
9988 2 2 6 1 5953 5956 1764
9989 2 2 6 1 1762 5954 5950
9990 2 2 6 1 5954 5957 5950
9991 2 2 6 1 5954 1764 5957
9992 2 2 6 1 5950 5957 707
9993 2 2 6 1 679 5426 5951
9994 2 2 6 1 5426 5958 5951
9995 2 2 6 1 5426 1630 5958
9996 2 2 6 1 5951 5958 1763
9997 2 2 6 1 1630 5959 5958
9998 2 2 6 1 5959 5960 5958
9999 2 2 6 1 5959 1765 5960
10000 2 2 6 1 5958 5960 1763
10001 2 2 6 1 1630 5431 5959
10002 2 2 6 1 5431 5961 5959
10003 2 2 6 1 5431 378 5961
10004 2 2 6 1 5959 5961 1765
10005 2 2 6 1 1763 5960 5955
10006 2 2 6 1 5960 5962 5955
10007 2 2 6 1 5960 1765 5962
10008 2 2 6 1 5955 5962 714
10009 2 2 6 1 707 5957 5830
10010 2 2 6 1 5957 5963 5830
10011 2 2 6 1 5957 1764 5963
10012 2 2 6 1 5830 5963 1734
10013 2 2 6 1 1764 5964 5963
10014 2 2 6 1 5964 5965 5963
10015 2 2 6 1 5964 1766 5965
10016 2 2 6 1 5963 5965 1734
10017 2 2 6 1 1764 5956 5964
10018 2 2 6 1 5956 5966 5964
10019 2 2 6 1 5956 714 5966
10020 2 2 6 1 5964 5966 1766
10021 2 2 6 1 1734 5965 5831
10022 2 2 6 1 5965 5967 5831
10023 2 2 6 1 5965 1766 5967
10024 2 2 6 1 5831 5967 421
10025 2 2 6 1 371 5734 3432
10026 2 2 6 1 5734 5968 3432
10027 2 2 6 1 5734 1709 5968
10028 2 2 6 1 3432 5968 1123
10029 2 2 6 1 1709 5969 5968
10030 2 2 6 1 5969 5970 5968
10031 2 2 6 1 5969 1767 5970
10032 2 2 6 1 5968 5970 1123
10033 2 2 6 1 1709 5733 5969
10034 2 2 6 1 5733 5971 5969
10035 2 2 6 1 5733 700 5971
10036 2 2 6 1 5969 5971 1767
10037 2 2 6 1 1123 5970 3436
10038 2 2 6 1 5970 5972 3436
10039 2 2 6 1 5970 1767 5972
10040 2 2 6 1 3436 5972 549
10041 2 2 6 1 700 5973 5971
10042 2 2 6 1 5973 5974 5971
10043 2 2 6 1 5973 1768 5974
10044 2 2 6 1 5971 5974 1767
10045 2 2 6 1 1768 5975 5974
10046 2 2 6 1 5975 5976 5974
10047 2 2 6 1 5975 1769 5976
10048 2 2 6 1 5974 5976 1767
10049 2 2 6 1 1768 5977 5975
10050 2 2 6 1 5977 5978 5975
10051 2 2 6 1 5977 687 5978
10052 2 2 6 1 5975 5978 1769
10053 2 2 6 1 1767 5976 5972
10054 2 2 6 1 5976 5979 5972
10055 2 2 6 1 5976 1769 5979
10056 2 2 6 1 5972 5979 549
10057 2 2 6 1 700 5728 5973
10058 2 2 6 1 5728 5980 5973
10059 2 2 6 1 5728 1708 5980
10060 2 2 6 1 5973 5980 1768
10061 2 2 6 1 1708 5981 5980
10062 2 2 6 1 5981 5982 5980
10063 2 2 6 1 5981 1653 5982
10064 2 2 6 1 5980 5982 1768
10065 2 2 6 1 1708 5727 5981
10066 2 2 6 1 5727 5511 5981
10067 2 2 6 1 5727 145 5511
10068 2 2 6 1 5981 5511 1653
10069 2 2 6 1 1768 5982 5977
10070 2 2 6 1 5982 5516 5977
10071 2 2 6 1 5982 1653 5516
10072 2 2 6 1 5977 5516 687
10073 2 2 6 1 549 5979 3446
10074 2 2 6 1 5979 5983 3446
10075 2 2 6 1 5979 1769 5983
10076 2 2 6 1 3446 5983 1127
10077 2 2 6 1 1769 5984 5983
10078 2 2 6 1 5984 5985 5983
10079 2 2 6 1 5984 1658 5985
10080 2 2 6 1 5983 5985 1127
10081 2 2 6 1 1769 5978 5984
10082 2 2 6 1 5978 5530 5984
10083 2 2 6 1 5978 687 5530
10084 2 2 6 1 5984 5530 1658
10085 2 2 6 1 1127 5985 3450
10086 2 2 6 1 5985 5535 3450
10087 2 2 6 1 5985 1658 5535
10088 2 2 6 1 3450 5535 422
10089 2 2 6 1 303 254 5987
10090 2 2 6 1 254 5986 5987
10091 2 2 6 1 254 298 5986
10092 2 2 6 1 5987 5986 1771
10093 2 2 6 1 298 5988 5986
10094 2 2 6 1 5988 5989 5986
10095 2 2 6 1 5988 1770 5989
10096 2 2 6 1 5986 5989 1771
10097 2 2 6 1 298 253 5988
10098 2 2 6 1 253 5990 5988
10099 2 2 6 1 253 313 5990
10100 2 2 6 1 5988 5990 1770
10101 2 2 6 1 1771 5989 5992
10102 2 2 6 1 5989 5991 5992
10103 2 2 6 1 5989 1770 5991
10104 2 2 6 1 5992 5991 716
10105 2 2 6 1 313 5993 5990
10106 2 2 6 1 5993 5994 5990
10107 2 2 6 1 5993 1772 5994
10108 2 2 6 1 5990 5994 1770
10109 2 2 6 1 1772 5995 5994
10110 2 2 6 1 5995 5996 5994
10111 2 2 6 1 5995 1773 5996
10112 2 2 6 1 5994 5996 1770
10113 2 2 6 1 1772 5997 5995
10114 2 2 6 1 5997 5998 5995
10115 2 2 6 1 5997 715 5998
10116 2 2 6 1 5995 5998 1773
10117 2 2 6 1 1770 5996 5991
10118 2 2 6 1 5996 5999 5991
10119 2 2 6 1 5996 1773 5999
10120 2 2 6 1 5991 5999 716
10121 2 2 6 1 313 242 5993
10122 2 2 6 1 242 6000 5993
10123 2 2 6 1 242 297 6000
10124 2 2 6 1 5993 6000 1772
10125 2 2 6 1 297 6001 6000
10126 2 2 6 1 6001 6002 6000
10127 2 2 6 1 6001 1774 6002
10128 2 2 6 1 6000 6002 1772
10129 2 2 6 1 297 251 6001
10130 2 2 6 1 251 6003 6001
10131 2 2 6 1 251 304 6003
10132 2 2 6 1 6001 6003 1774
10133 2 2 6 1 1772 6002 5997
10134 2 2 6 1 6002 6004 5997
10135 2 2 6 1 6002 1774 6004
10136 2 2 6 1 5997 6004 715
10137 2 2 6 1 716 5999 6006
10138 2 2 6 1 5999 6005 6006
10139 2 2 6 1 5999 1773 6005
10140 2 2 6 1 6006 6005 1776
10141 2 2 6 1 1773 6007 6005
10142 2 2 6 1 6007 6008 6005
10143 2 2 6 1 6007 1775 6008
10144 2 2 6 1 6005 6008 1776
10145 2 2 6 1 1773 5998 6007
10146 2 2 6 1 5998 6009 6007
10147 2 2 6 1 5998 715 6009
10148 2 2 6 1 6007 6009 1775
10149 2 2 6 1 1776 6008 6011
10150 2 2 6 1 6008 6010 6011
10151 2 2 6 1 6008 1775 6010
10152 2 2 6 1 6011 6010 368
10153 2 2 6 1 372 5708 6013
10154 2 2 6 1 5708 6012 6013
10155 2 2 6 1 5708 1702 6012
10156 2 2 6 1 6013 6012 1778
10157 2 2 6 1 1702 6014 6012
10158 2 2 6 1 6014 6015 6012
10159 2 2 6 1 6014 1777 6015
10160 2 2 6 1 6012 6015 1778
10161 2 2 6 1 1702 5707 6014
10162 2 2 6 1 5707 6016 6014
10163 2 2 6 1 5707 698 6016
10164 2 2 6 1 6014 6016 1777
10165 2 2 6 1 1778 6015 6018
10166 2 2 6 1 6015 6017 6018
10167 2 2 6 1 6015 1777 6017
10168 2 2 6 1 6018 6017 717
10169 2 2 6 1 698 6019 6016
10170 2 2 6 1 6019 6020 6016
10171 2 2 6 1 6019 1779 6020
10172 2 2 6 1 6016 6020 1777
10173 2 2 6 1 1779 6021 6020
10174 2 2 6 1 6021 6022 6020
10175 2 2 6 1 6021 1780 6022
10176 2 2 6 1 6020 6022 1777
10177 2 2 6 1 1779 6023 6021
10178 2 2 6 1 6023 6024 6021
10179 2 2 6 1 6023 697 6024
10180 2 2 6 1 6021 6024 1780
10181 2 2 6 1 1777 6022 6017
10182 2 2 6 1 6022 6025 6017
10183 2 2 6 1 6022 1780 6025
10184 2 2 6 1 6017 6025 717
10185 2 2 6 1 698 5702 6019
10186 2 2 6 1 5702 6026 6019
10187 2 2 6 1 5702 1701 6026
10188 2 2 6 1 6019 6026 1779
10189 2 2 6 1 1701 6027 6026
10190 2 2 6 1 6027 6028 6026
10191 2 2 6 1 6027 1693 6028
10192 2 2 6 1 6026 6028 1779
10193 2 2 6 1 1701 5701 6027
10194 2 2 6 1 5701 5663 6027
10195 2 2 6 1 5701 63 5663
10196 2 2 6 1 6027 5663 1693
10197 2 2 6 1 1779 6028 6023
10198 2 2 6 1 6028 5668 6023
10199 2 2 6 1 6028 1693 5668
10200 2 2 6 1 6023 5668 697
10201 2 2 6 1 717 6025 6030
10202 2 2 6 1 6025 6029 6030
10203 2 2 6 1 6025 1780 6029
10204 2 2 6 1 6030 6029 1781
10205 2 2 6 1 1780 6031 6029
10206 2 2 6 1 6031 6032 6029
10207 2 2 6 1 6031 1696 6032
10208 2 2 6 1 6029 6032 1781
10209 2 2 6 1 1780 6024 6031
10210 2 2 6 1 6024 5680 6031
10211 2 2 6 1 6024 697 5680
10212 2 2 6 1 6031 5680 1696
10213 2 2 6 1 1781 6032 6033
10214 2 2 6 1 6032 5683 6033
10215 2 2 6 1 6032 1696 5683
10216 2 2 6 1 6033 5683 424
10217 2 2 6 1 403 5375 5784
10218 2 2 6 1 5375 6034 5784
10219 2 2 6 1 5375 1614 6034
10220 2 2 6 1 5784 6034 1723
10221 2 2 6 1 1614 6035 6034
10222 2 2 6 1 6035 6036 6034
10223 2 2 6 1 6035 1782 6036
10224 2 2 6 1 6034 6036 1723
10225 2 2 6 1 1614 5374 6035
10226 2 2 6 1 5374 6037 6035
10227 2 2 6 1 5374 674 6037
10228 2 2 6 1 6035 6037 1782
10229 2 2 6 1 1723 6036 5788
10230 2 2 6 1 6036 6038 5788
10231 2 2 6 1 6036 1782 6038
10232 2 2 6 1 5788 6038 705
10233 2 2 6 1 674 6039 6037
10234 2 2 6 1 6039 6040 6037
10235 2 2 6 1 6039 1783 6040
10236 2 2 6 1 6037 6040 1782
10237 2 2 6 1 1783 6041 6040
10238 2 2 6 1 6041 6042 6040
10239 2 2 6 1 6041 1784 6042
10240 2 2 6 1 6040 6042 1782
10241 2 2 6 1 1783 6043 6041
10242 2 2 6 1 6043 6044 6041
10243 2 2 6 1 6043 718 6044
10244 2 2 6 1 6041 6044 1784
10245 2 2 6 1 1782 6042 6038
10246 2 2 6 1 6042 6045 6038
10247 2 2 6 1 6042 1784 6045
10248 2 2 6 1 6038 6045 705
10249 2 2 6 1 674 5370 6039
10250 2 2 6 1 5370 6046 6039
10251 2 2 6 1 5370 1613 6046
10252 2 2 6 1 6039 6046 1783
10253 2 2 6 1 1613 6047 6046
10254 2 2 6 1 6047 6048 6046
10255 2 2 6 1 6047 1785 6048
10256 2 2 6 1 6046 6048 1783
10257 2 2 6 1 1613 5369 6047
10258 2 2 6 1 5369 6049 6047
10259 2 2 6 1 5369 402 6049
10260 2 2 6 1 6047 6049 1785
10261 2 2 6 1 1783 6048 6043
10262 2 2 6 1 6048 6050 6043
10263 2 2 6 1 6048 1785 6050
10264 2 2 6 1 6043 6050 718
10265 2 2 6 1 705 6045 5798
10266 2 2 6 1 6045 6051 5798
10267 2 2 6 1 6045 1784 6051
10268 2 2 6 1 5798 6051 1727
10269 2 2 6 1 1784 6052 6051
10270 2 2 6 1 6052 6053 6051
10271 2 2 6 1 6052 1786 6053
10272 2 2 6 1 6051 6053 1727
10273 2 2 6 1 1784 6044 6052
10274 2 2 6 1 6044 6054 6052
10275 2 2 6 1 6044 718 6054
10276 2 2 6 1 6052 6054 1786
10277 2 2 6 1 1727 6053 5802
10278 2 2 6 1 6053 6055 5802
10279 2 2 6 1 6053 1786 6055
10280 2 2 6 1 5802 6055 404
10281 2 2 6 1 405 5809 6057
10282 2 2 6 1 5809 6056 6057
10283 2 2 6 1 5809 1729 6056
10284 2 2 6 1 6057 6056 1788
10285 2 2 6 1 1729 6058 6056
10286 2 2 6 1 6058 6059 6056
10287 2 2 6 1 6058 1787 6059
10288 2 2 6 1 6056 6059 1788
10289 2 2 6 1 1729 5808 6058
10290 2 2 6 1 5808 6060 6058
10291 2 2 6 1 5808 706 6060
10292 2 2 6 1 6058 6060 1787
10293 2 2 6 1 1788 6059 6062
10294 2 2 6 1 6059 6061 6062
10295 2 2 6 1 6059 1787 6061
10296 2 2 6 1 6062 6061 720
10297 2 2 6 1 706 6063 6060
10298 2 2 6 1 6063 6064 6060
10299 2 2 6 1 6063 1789 6064
10300 2 2 6 1 6060 6064 1787
10301 2 2 6 1 1789 6065 6064
10302 2 2 6 1 6065 6066 6064
10303 2 2 6 1 6065 1790 6066
10304 2 2 6 1 6064 6066 1787
10305 2 2 6 1 1789 6067 6065
10306 2 2 6 1 6067 6068 6065
10307 2 2 6 1 6067 719 6068
10308 2 2 6 1 6065 6068 1790
10309 2 2 6 1 1787 6066 6061
10310 2 2 6 1 6066 6069 6061
10311 2 2 6 1 6066 1790 6069
10312 2 2 6 1 6061 6069 720
10313 2 2 6 1 706 5804 6063
10314 2 2 6 1 5804 6070 6063
10315 2 2 6 1 5804 1728 6070
10316 2 2 6 1 6063 6070 1789
10317 2 2 6 1 1728 6071 6070
10318 2 2 6 1 6071 6072 6070
10319 2 2 6 1 6071 1791 6072
10320 2 2 6 1 6070 6072 1789
10321 2 2 6 1 1728 5803 6071
10322 2 2 6 1 5803 6073 6071
10323 2 2 6 1 5803 404 6073
10324 2 2 6 1 6071 6073 1791
10325 2 2 6 1 1789 6072 6067
10326 2 2 6 1 6072 6074 6067
10327 2 2 6 1 6072 1791 6074
10328 2 2 6 1 6067 6074 719
10329 2 2 6 1 720 6069 6076
10330 2 2 6 1 6069 6075 6076
10331 2 2 6 1 6069 1790 6075
10332 2 2 6 1 6076 6075 1793
10333 2 2 6 1 1790 6077 6075
10334 2 2 6 1 6077 6078 6075
10335 2 2 6 1 6077 1792 6078
10336 2 2 6 1 6075 6078 1793
10337 2 2 6 1 1790 6068 6077
10338 2 2 6 1 6068 6079 6077
10339 2 2 6 1 6068 719 6079
10340 2 2 6 1 6077 6079 1792
10341 2 2 6 1 1793 6078 6081
10342 2 2 6 1 6078 6080 6081
10343 2 2 6 1 6078 1792 6080
10344 2 2 6 1 6081 6080 406
10345 2 2 6 1 372 6013 2994
10346 2 2 6 1 6013 6082 2994
10347 2 2 6 1 6013 1778 6082
10348 2 2 6 1 2994 6082 1006
10349 2 2 6 1 1778 6083 6082
10350 2 2 6 1 6083 6084 6082
10351 2 2 6 1 6083 1794 6084
10352 2 2 6 1 6082 6084 1006
10353 2 2 6 1 1778 6018 6083
10354 2 2 6 1 6018 6085 6083
10355 2 2 6 1 6018 717 6085
10356 2 2 6 1 6083 6085 1794
10357 2 2 6 1 1006 6084 2999
10358 2 2 6 1 6084 6086 2999
10359 2 2 6 1 6084 1794 6086
10360 2 2 6 1 2999 6086 516
10361 2 2 6 1 717 6087 6085
10362 2 2 6 1 6087 6088 6085
10363 2 2 6 1 6087 1795 6088
10364 2 2 6 1 6085 6088 1794
10365 2 2 6 1 1795 6089 6088
10366 2 2 6 1 6089 6090 6088
10367 2 2 6 1 6089 1796 6090
10368 2 2 6 1 6088 6090 1794
10369 2 2 6 1 1795 6091 6089
10370 2 2 6 1 6091 6092 6089
10371 2 2 6 1 6091 721 6092
10372 2 2 6 1 6089 6092 1796
10373 2 2 6 1 1794 6090 6086
10374 2 2 6 1 6090 6093 6086
10375 2 2 6 1 6090 1796 6093
10376 2 2 6 1 6086 6093 516
10377 2 2 6 1 717 6030 6087
10378 2 2 6 1 6030 6094 6087
10379 2 2 6 1 6030 1781 6094
10380 2 2 6 1 6087 6094 1795
10381 2 2 6 1 1781 6095 6094
10382 2 2 6 1 6095 6096 6094
10383 2 2 6 1 6095 1797 6096
10384 2 2 6 1 6094 6096 1795
10385 2 2 6 1 1781 6033 6095
10386 2 2 6 1 6033 6097 6095
10387 2 2 6 1 6033 424 6097
10388 2 2 6 1 6095 6097 1797
10389 2 2 6 1 1795 6096 6091
10390 2 2 6 1 6096 6098 6091
10391 2 2 6 1 6096 1797 6098
10392 2 2 6 1 6091 6098 721
10393 2 2 6 1 516 6093 3010
10394 2 2 6 1 6093 6099 3010
10395 2 2 6 1 6093 1796 6099
10396 2 2 6 1 3010 6099 1011
10397 2 2 6 1 1796 6100 6099
10398 2 2 6 1 6100 6101 6099
10399 2 2 6 1 6100 1798 6101
10400 2 2 6 1 6099 6101 1011
10401 2 2 6 1 1796 6092 6100
10402 2 2 6 1 6092 6102 6100
10403 2 2 6 1 6092 721 6102
10404 2 2 6 1 6100 6102 1798
10405 2 2 6 1 1011 6101 3014
10406 2 2 6 1 6101 6103 3014
10407 2 2 6 1 6101 1798 6103
10408 2 2 6 1 3014 6103 427
10409 2 2 6 1 304 250 6105
10410 2 2 6 1 250 6104 6105
10411 2 2 6 1 250 296 6104
10412 2 2 6 1 6105 6104 1800
10413 2 2 6 1 296 6106 6104
10414 2 2 6 1 6106 6107 6104
10415 2 2 6 1 6106 1799 6107
10416 2 2 6 1 6104 6107 1800
10417 2 2 6 1 296 249 6106
10418 2 2 6 1 249 6108 6106
10419 2 2 6 1 249 314 6108
10420 2 2 6 1 6106 6108 1799
10421 2 2 6 1 1800 6107 6110
10422 2 2 6 1 6107 6109 6110
10423 2 2 6 1 6107 1799 6109
10424 2 2 6 1 6110 6109 723
10425 2 2 6 1 314 6111 6108
10426 2 2 6 1 6111 6112 6108
10427 2 2 6 1 6111 1801 6112
10428 2 2 6 1 6108 6112 1799
10429 2 2 6 1 1801 6113 6112
10430 2 2 6 1 6113 6114 6112
10431 2 2 6 1 6113 1802 6114
10432 2 2 6 1 6112 6114 1799
10433 2 2 6 1 1801 6115 6113
10434 2 2 6 1 6115 6116 6113
10435 2 2 6 1 6115 722 6116
10436 2 2 6 1 6113 6116 1802
10437 2 2 6 1 1799 6114 6109
10438 2 2 6 1 6114 6117 6109
10439 2 2 6 1 6114 1802 6117
10440 2 2 6 1 6109 6117 723
10441 2 2 6 1 314 248 6111
10442 2 2 6 1 248 6118 6111
10443 2 2 6 1 248 295 6118
10444 2 2 6 1 6111 6118 1801
10445 2 2 6 1 295 6119 6118
10446 2 2 6 1 6119 6120 6118
10447 2 2 6 1 6119 1803 6120
10448 2 2 6 1 6118 6120 1801
10449 2 2 6 1 295 247 6119
10450 2 2 6 1 247 6121 6119
10451 2 2 6 1 247 305 6121
10452 2 2 6 1 6119 6121 1803
10453 2 2 6 1 1801 6120 6115
10454 2 2 6 1 6120 6122 6115
10455 2 2 6 1 6120 1803 6122
10456 2 2 6 1 6115 6122 722
10457 2 2 6 1 723 6117 6124
10458 2 2 6 1 6117 6123 6124
10459 2 2 6 1 6117 1802 6123
10460 2 2 6 1 6124 6123 1805
10461 2 2 6 1 1802 6125 6123
10462 2 2 6 1 6125 6126 6123
10463 2 2 6 1 6125 1804 6126
10464 2 2 6 1 6123 6126 1805
10465 2 2 6 1 1802 6116 6125
10466 2 2 6 1 6116 6127 6125
10467 2 2 6 1 6116 722 6127
10468 2 2 6 1 6125 6127 1804
10469 2 2 6 1 1805 6126 6129
10470 2 2 6 1 6126 6128 6129
10471 2 2 6 1 6126 1804 6128
10472 2 2 6 1 6129 6128 423
10473 2 2 6 1 424 5400 6097
10474 2 2 6 1 5400 6130 6097
10475 2 2 6 1 5400 1620 6130
10476 2 2 6 1 6097 6130 1797
10477 2 2 6 1 1620 6131 6130
10478 2 2 6 1 6131 6132 6130
10479 2 2 6 1 6131 1806 6132
10480 2 2 6 1 6130 6132 1797
10481 2 2 6 1 1620 5399 6131
10482 2 2 6 1 5399 6133 6131
10483 2 2 6 1 5399 675 6133
10484 2 2 6 1 6131 6133 1806
10485 2 2 6 1 1797 6132 6098
10486 2 2 6 1 6132 6134 6098
10487 2 2 6 1 6132 1806 6134
10488 2 2 6 1 6098 6134 721
10489 2 2 6 1 675 6135 6133
10490 2 2 6 1 6135 6136 6133
10491 2 2 6 1 6135 1807 6136
10492 2 2 6 1 6133 6136 1806
10493 2 2 6 1 1807 6137 6136
10494 2 2 6 1 6137 6138 6136
10495 2 2 6 1 6137 1808 6138
10496 2 2 6 1 6136 6138 1806
10497 2 2 6 1 1807 6139 6137
10498 2 2 6 1 6139 6140 6137
10499 2 2 6 1 6139 724 6140
10500 2 2 6 1 6137 6140 1808
10501 2 2 6 1 1806 6138 6134
10502 2 2 6 1 6138 6141 6134
10503 2 2 6 1 6138 1808 6141
10504 2 2 6 1 6134 6141 721
10505 2 2 6 1 675 5394 6135
10506 2 2 6 1 5394 6142 6135
10507 2 2 6 1 5394 1619 6142
10508 2 2 6 1 6135 6142 1807
10509 2 2 6 1 1619 6143 6142
10510 2 2 6 1 6143 6144 6142
10511 2 2 6 1 6143 1809 6144
10512 2 2 6 1 6142 6144 1807
10513 2 2 6 1 1619 5393 6143
10514 2 2 6 1 5393 6145 6143
10515 2 2 6 1 5393 416 6145
10516 2 2 6 1 6143 6145 1809
10517 2 2 6 1 1807 6144 6139
10518 2 2 6 1 6144 6146 6139
10519 2 2 6 1 6144 1809 6146
10520 2 2 6 1 6139 6146 724
10521 2 2 6 1 721 6141 6102
10522 2 2 6 1 6141 6147 6102
10523 2 2 6 1 6141 1808 6147
10524 2 2 6 1 6102 6147 1798
10525 2 2 6 1 1808 6148 6147
10526 2 2 6 1 6148 6149 6147
10527 2 2 6 1 6148 1810 6149
10528 2 2 6 1 6147 6149 1798
10529 2 2 6 1 1808 6140 6148
10530 2 2 6 1 6140 6150 6148
10531 2 2 6 1 6140 724 6150
10532 2 2 6 1 6148 6150 1810
10533 2 2 6 1 1798 6149 6103
10534 2 2 6 1 6149 6151 6103
10535 2 2 6 1 6149 1810 6151
10536 2 2 6 1 6103 6151 427
10537 2 2 6 1 305 246 6153
10538 2 2 6 1 246 6152 6153
10539 2 2 6 1 246 294 6152
10540 2 2 6 1 6153 6152 1812
10541 2 2 6 1 294 6154 6152
10542 2 2 6 1 6154 6155 6152
10543 2 2 6 1 6154 1811 6155
10544 2 2 6 1 6152 6155 1812
10545 2 2 6 1 294 245 6154
10546 2 2 6 1 245 6156 6154
10547 2 2 6 1 245 315 6156
10548 2 2 6 1 6154 6156 1811
10549 2 2 6 1 1812 6155 6158
10550 2 2 6 1 6155 6157 6158
10551 2 2 6 1 6155 1811 6157
10552 2 2 6 1 6158 6157 726
10553 2 2 6 1 315 6159 6156
10554 2 2 6 1 6159 6160 6156
10555 2 2 6 1 6159 1813 6160
10556 2 2 6 1 6156 6160 1811
10557 2 2 6 1 1813 6161 6160
10558 2 2 6 1 6161 6162 6160
10559 2 2 6 1 6161 1814 6162
10560 2 2 6 1 6160 6162 1811
10561 2 2 6 1 1813 6163 6161
10562 2 2 6 1 6163 6164 6161
10563 2 2 6 1 6163 725 6164
10564 2 2 6 1 6161 6164 1814
10565 2 2 6 1 1811 6162 6157
10566 2 2 6 1 6162 6165 6157
10567 2 2 6 1 6162 1814 6165
10568 2 2 6 1 6157 6165 726
10569 2 2 6 1 315 244 6159
10570 2 2 6 1 244 6166 6159
10571 2 2 6 1 244 293 6166
10572 2 2 6 1 6159 6166 1813
10573 2 2 6 1 293 6167 6166
10574 2 2 6 1 6167 6168 6166
10575 2 2 6 1 6167 1815 6168
10576 2 2 6 1 6166 6168 1813
10577 2 2 6 1 293 243 6167
10578 2 2 6 1 243 6169 6167
10579 2 2 6 1 243 306 6169
10580 2 2 6 1 6167 6169 1815
10581 2 2 6 1 1813 6168 6163
10582 2 2 6 1 6168 6170 6163
10583 2 2 6 1 6168 1815 6170
10584 2 2 6 1 6163 6170 725
10585 2 2 6 1 726 6165 6172
10586 2 2 6 1 6165 6171 6172
10587 2 2 6 1 6165 1814 6171
10588 2 2 6 1 6172 6171 1817
10589 2 2 6 1 1814 6173 6171
10590 2 2 6 1 6173 6174 6171
10591 2 2 6 1 6173 1816 6174
10592 2 2 6 1 6171 6174 1817
10593 2 2 6 1 1814 6164 6173
10594 2 2 6 1 6164 6175 6173
10595 2 2 6 1 6164 725 6175
10596 2 2 6 1 6173 6175 1816
10597 2 2 6 1 1817 6174 6177
10598 2 2 6 1 6174 6176 6177
10599 2 2 6 1 6174 1816 6176
10600 2 2 6 1 6177 6176 374
10601 2 2 6 1 421 5967 5919
10602 2 2 6 1 5967 6178 5919
10603 2 2 6 1 5967 1766 6178
10604 2 2 6 1 5919 6178 1756
10605 2 2 6 1 1766 6179 6178
10606 2 2 6 1 6179 6180 6178
10607 2 2 6 1 6179 1818 6180
10608 2 2 6 1 6178 6180 1756
10609 2 2 6 1 1766 5966 6179
10610 2 2 6 1 5966 6181 6179
10611 2 2 6 1 5966 714 6181
10612 2 2 6 1 6179 6181 1818
10613 2 2 6 1 1756 6180 5920
10614 2 2 6 1 6180 6182 5920
10615 2 2 6 1 6180 1818 6182
10616 2 2 6 1 5920 6182 712
10617 2 2 6 1 714 6183 6181
10618 2 2 6 1 6183 6184 6181
10619 2 2 6 1 6183 1819 6184
10620 2 2 6 1 6181 6184 1818
10621 2 2 6 1 1819 6185 6184
10622 2 2 6 1 6185 6186 6184
10623 2 2 6 1 6185 1820 6186
10624 2 2 6 1 6184 6186 1818
10625 2 2 6 1 1819 6187 6185
10626 2 2 6 1 6187 6188 6185
10627 2 2 6 1 6187 727 6188
10628 2 2 6 1 6185 6188 1820
10629 2 2 6 1 1818 6186 6182
10630 2 2 6 1 6186 6189 6182
10631 2 2 6 1 6186 1820 6189
10632 2 2 6 1 6182 6189 712
10633 2 2 6 1 714 5962 6183
10634 2 2 6 1 5962 6190 6183
10635 2 2 6 1 5962 1765 6190
10636 2 2 6 1 6183 6190 1819
10637 2 2 6 1 1765 6191 6190
10638 2 2 6 1 6191 6192 6190
10639 2 2 6 1 6191 1821 6192
10640 2 2 6 1 6190 6192 1819
10641 2 2 6 1 1765 5961 6191
10642 2 2 6 1 5961 6193 6191
10643 2 2 6 1 5961 378 6193
10644 2 2 6 1 6191 6193 1821
10645 2 2 6 1 1819 6192 6187
10646 2 2 6 1 6192 6194 6187
10647 2 2 6 1 6192 1821 6194
10648 2 2 6 1 6187 6194 727
10649 2 2 6 1 712 6189 5925
10650 2 2 6 1 6189 6195 5925
10651 2 2 6 1 6189 1820 6195
10652 2 2 6 1 5925 6195 1757
10653 2 2 6 1 1820 6196 6195
10654 2 2 6 1 6196 6197 6195
10655 2 2 6 1 6196 1822 6197
10656 2 2 6 1 6195 6197 1757
10657 2 2 6 1 1820 6188 6196
10658 2 2 6 1 6188 6198 6196
10659 2 2 6 1 6188 727 6198
10660 2 2 6 1 6196 6198 1822
10661 2 2 6 1 1757 6197 5926
10662 2 2 6 1 6197 6199 5926
10663 2 2 6 1 6197 1822 6199
10664 2 2 6 1 5926 6199 426
10665 2 2 6 1 381 5538 6201
10666 2 2 6 1 5538 6200 6201
10667 2 2 6 1 5538 1661 6200
10668 2 2 6 1 6201 6200 1824
10669 2 2 6 1 1661 6202 6200
10670 2 2 6 1 6202 6203 6200
10671 2 2 6 1 6202 1823 6203
10672 2 2 6 1 6200 6203 1824
10673 2 2 6 1 1661 5544 6202
10674 2 2 6 1 5544 6204 6202
10675 2 2 6 1 5544 690 6204
10676 2 2 6 1 6202 6204 1823
10677 2 2 6 1 1824 6203 6206
10678 2 2 6 1 6203 6205 6206
10679 2 2 6 1 6203 1823 6205
10680 2 2 6 1 6206 6205 729
10681 2 2 6 1 690 6207 6204
10682 2 2 6 1 6207 6208 6204
10683 2 2 6 1 6207 1825 6208
10684 2 2 6 1 6204 6208 1823
10685 2 2 6 1 1825 6209 6208
10686 2 2 6 1 6209 6210 6208
10687 2 2 6 1 6209 1826 6210
10688 2 2 6 1 6208 6210 1823
10689 2 2 6 1 1825 6211 6209
10690 2 2 6 1 6211 6212 6209
10691 2 2 6 1 6211 728 6212
10692 2 2 6 1 6209 6212 1826
10693 2 2 6 1 1823 6210 6205
10694 2 2 6 1 6210 6213 6205
10695 2 2 6 1 6210 1826 6213
10696 2 2 6 1 6205 6213 729
10697 2 2 6 1 690 5560 6207
10698 2 2 6 1 5560 6214 6207
10699 2 2 6 1 5560 1667 6214
10700 2 2 6 1 6207 6214 1825
10701 2 2 6 1 1667 6215 6214
10702 2 2 6 1 6215 6216 6214
10703 2 2 6 1 6215 1827 6216
10704 2 2 6 1 6214 6216 1825
10705 2 2 6 1 1667 5565 6215
10706 2 2 6 1 5565 6217 6215
10707 2 2 6 1 5565 384 6217
10708 2 2 6 1 6215 6217 1827
10709 2 2 6 1 1825 6216 6211
10710 2 2 6 1 6216 6218 6211
10711 2 2 6 1 6216 1827 6218
10712 2 2 6 1 6211 6218 728
10713 2 2 6 1 729 6213 6220
10714 2 2 6 1 6213 6219 6220
10715 2 2 6 1 6213 1826 6219
10716 2 2 6 1 6220 6219 1829
10717 2 2 6 1 1826 6221 6219
10718 2 2 6 1 6221 6222 6219
10719 2 2 6 1 6221 1828 6222
10720 2 2 6 1 6219 6222 1829
10721 2 2 6 1 1826 6212 6221
10722 2 2 6 1 6212 6223 6221
10723 2 2 6 1 6212 728 6223
10724 2 2 6 1 6221 6223 1828
10725 2 2 6 1 1829 6222 6225
10726 2 2 6 1 6222 6224 6225
10727 2 2 6 1 6222 1828 6224
10728 2 2 6 1 6225 6224 426
10729 2 2 6 1 363 6226 5402
10730 2 2 6 1 6226 6227 5402
10731 2 2 6 1 6226 1830 6227
10732 2 2 6 1 5402 6227 1622
10733 2 2 6 1 1830 6228 6227
10734 2 2 6 1 6228 6229 6227
10735 2 2 6 1 6228 1831 6229
10736 2 2 6 1 6227 6229 1622
10737 2 2 6 1 1830 6230 6228
10738 2 2 6 1 6230 6231 6228
10739 2 2 6 1 6230 730 6231
10740 2 2 6 1 6228 6231 1831
10741 2 2 6 1 1622 6229 5407
10742 2 2 6 1 6229 6232 5407
10743 2 2 6 1 6229 1831 6232
10744 2 2 6 1 5407 6232 677
10745 2 2 6 1 730 6233 6231
10746 2 2 6 1 6233 6234 6231
10747 2 2 6 1 6233 1832 6234
10748 2 2 6 1 6231 6234 1831
10749 2 2 6 1 1832 6235 6234
10750 2 2 6 1 6235 6236 6234
10751 2 2 6 1 6235 1833 6236
10752 2 2 6 1 6234 6236 1831
10753 2 2 6 1 1832 6237 6235
10754 2 2 6 1 6237 6238 6235
10755 2 2 6 1 6237 731 6238
10756 2 2 6 1 6235 6238 1833
10757 2 2 6 1 1831 6236 6232
10758 2 2 6 1 6236 6239 6232
10759 2 2 6 1 6236 1833 6239
10760 2 2 6 1 6232 6239 677
10761 2 2 6 1 730 6240 6233
10762 2 2 6 1 6240 6241 6233
10763 2 2 6 1 6240 1834 6241
10764 2 2 6 1 6233 6241 1832
10765 2 2 6 1 1834 6242 6241
10766 2 2 6 1 6242 6243 6241
10767 2 2 6 1 6242 1835 6243
10768 2 2 6 1 6241 6243 1832
10769 2 2 6 1 1834 6244 6242
10770 2 2 6 1 6244 6245 6242
10771 2 2 6 1 6244 376 6245
10772 2 2 6 1 6242 6245 1835
10773 2 2 6 1 1832 6243 6237
10774 2 2 6 1 6243 6246 6237
10775 2 2 6 1 6243 1835 6246
10776 2 2 6 1 6237 6246 731
10777 2 2 6 1 677 6239 5418
10778 2 2 6 1 6239 6247 5418
10779 2 2 6 1 6239 1833 6247
10780 2 2 6 1 5418 6247 1627
10781 2 2 6 1 1833 6248 6247
10782 2 2 6 1 6248 6249 6247
10783 2 2 6 1 6248 1836 6249
10784 2 2 6 1 6247 6249 1627
10785 2 2 6 1 1833 6238 6248
10786 2 2 6 1 6238 6250 6248
10787 2 2 6 1 6238 731 6250
10788 2 2 6 1 6248 6250 1836
10789 2 2 6 1 1627 6249 5422
10790 2 2 6 1 6249 6251 5422
10791 2 2 6 1 6249 1836 6251
10792 2 2 6 1 5422 6251 377
10793 2 2 6 1 363 5456 6226
10794 2 2 6 1 5456 6252 6226
10795 2 2 6 1 5456 1636 6252
10796 2 2 6 1 6226 6252 1830
10797 2 2 6 1 1636 6253 6252
10798 2 2 6 1 6253 6254 6252
10799 2 2 6 1 6253 1837 6254
10800 2 2 6 1 6252 6254 1830
10801 2 2 6 1 1636 5455 6253
10802 2 2 6 1 5455 6255 6253
10803 2 2 6 1 5455 680 6255
10804 2 2 6 1 6253 6255 1837
10805 2 2 6 1 1830 6254 6230
10806 2 2 6 1 6254 6256 6230
10807 2 2 6 1 6254 1837 6256
10808 2 2 6 1 6230 6256 730
10809 2 2 6 1 680 6257 6255
10810 2 2 6 1 6257 6258 6255
10811 2 2 6 1 6257 1838 6258
10812 2 2 6 1 6255 6258 1837
10813 2 2 6 1 1838 6259 6258
10814 2 2 6 1 6259 6260 6258
10815 2 2 6 1 6259 1839 6260
10816 2 2 6 1 6258 6260 1837
10817 2 2 6 1 1838 6261 6259
10818 2 2 6 1 6261 6262 6259
10819 2 2 6 1 6261 662 6262
10820 2 2 6 1 6259 6262 1839
10821 2 2 6 1 1837 6260 6256
10822 2 2 6 1 6260 6263 6256
10823 2 2 6 1 6260 1839 6263
10824 2 2 6 1 6256 6263 730
10825 2 2 6 1 680 5450 6257
10826 2 2 6 1 5450 6264 6257
10827 2 2 6 1 5450 1635 6264
10828 2 2 6 1 6257 6264 1838
10829 2 2 6 1 1635 6265 6264
10830 2 2 6 1 6265 6266 6264
10831 2 2 6 1 6265 1551 6266
10832 2 2 6 1 6264 6266 1838
10833 2 2 6 1 1635 5449 6265
10834 2 2 6 1 5449 5091 6265
10835 2 2 6 1 5449 227 5091
10836 2 2 6 1 6265 5091 1551
10837 2 2 6 1 1838 6266 6261
10838 2 2 6 1 6266 5096 6261
10839 2 2 6 1 6266 1551 5096
10840 2 2 6 1 6261 5096 662
10841 2 2 6 1 730 6263 6240
10842 2 2 6 1 6263 6267 6240
10843 2 2 6 1 6263 1839 6267
10844 2 2 6 1 6240 6267 1834
10845 2 2 6 1 1839 6268 6267
10846 2 2 6 1 6268 6269 6267
10847 2 2 6 1 6268 1554 6269
10848 2 2 6 1 6267 6269 1834
10849 2 2 6 1 1839 6262 6268
10850 2 2 6 1 6262 5108 6268
10851 2 2 6 1 6262 662 5108
10852 2 2 6 1 6268 5108 1554
10853 2 2 6 1 1834 6269 6244
10854 2 2 6 1 6269 5111 6244
10855 2 2 6 1 6269 1554 5111
10856 2 2 6 1 6244 5111 376
10857 2 2 6 1 368 6010 3388
10858 2 2 6 1 6010 6270 3388
10859 2 2 6 1 6010 1775 6270
10860 2 2 6 1 3388 6270 1113
10861 2 2 6 1 1775 6271 6270
10862 2 2 6 1 6271 6272 6270
10863 2 2 6 1 6271 1840 6272
10864 2 2 6 1 6270 6272 1113
10865 2 2 6 1 1775 6009 6271
10866 2 2 6 1 6009 6273 6271
10867 2 2 6 1 6009 715 6273
10868 2 2 6 1 6271 6273 1840
10869 2 2 6 1 1113 6272 3392
10870 2 2 6 1 6272 6274 3392
10871 2 2 6 1 6272 1840 6274
10872 2 2 6 1 3392 6274 547
10873 2 2 6 1 715 6275 6273
10874 2 2 6 1 6275 6276 6273
10875 2 2 6 1 6275 1841 6276
10876 2 2 6 1 6273 6276 1840
10877 2 2 6 1 1841 6277 6276
10878 2 2 6 1 6277 6278 6276
10879 2 2 6 1 6277 1842 6278
10880 2 2 6 1 6276 6278 1840
10881 2 2 6 1 1841 6279 6277
10882 2 2 6 1 6279 6280 6277
10883 2 2 6 1 6279 723 6280
10884 2 2 6 1 6277 6280 1842
10885 2 2 6 1 1840 6278 6274
10886 2 2 6 1 6278 6281 6274
10887 2 2 6 1 6278 1842 6281
10888 2 2 6 1 6274 6281 547
10889 2 2 6 1 715 6004 6275
10890 2 2 6 1 6004 6282 6275
10891 2 2 6 1 6004 1774 6282
10892 2 2 6 1 6275 6282 1841
10893 2 2 6 1 1774 6283 6282
10894 2 2 6 1 6283 6284 6282
10895 2 2 6 1 6283 1800 6284
10896 2 2 6 1 6282 6284 1841
10897 2 2 6 1 1774 6003 6283
10898 2 2 6 1 6003 6105 6283
10899 2 2 6 1 6003 304 6105
10900 2 2 6 1 6283 6105 1800
10901 2 2 6 1 1841 6284 6279
10902 2 2 6 1 6284 6110 6279
10903 2 2 6 1 6284 1800 6110
10904 2 2 6 1 6279 6110 723
10905 2 2 6 1 547 6281 3402
10906 2 2 6 1 6281 6285 3402
10907 2 2 6 1 6281 1842 6285
10908 2 2 6 1 3402 6285 1117
10909 2 2 6 1 1842 6286 6285
10910 2 2 6 1 6286 6287 6285
10911 2 2 6 1 6286 1805 6287
10912 2 2 6 1 6285 6287 1117
10913 2 2 6 1 1842 6280 6286
10914 2 2 6 1 6280 6124 6286
10915 2 2 6 1 6280 723 6124
10916 2 2 6 1 6286 6124 1805
10917 2 2 6 1 1117 6287 3406
10918 2 2 6 1 6287 6129 3406
10919 2 2 6 1 6287 1805 6129
10920 2 2 6 1 3406 6129 423
10921 2 2 6 1 416 4913 6145
10922 2 2 6 1 4913 6288 6145
10923 2 2 6 1 4913 1509 6288
10924 2 2 6 1 6145 6288 1809
10925 2 2 6 1 1509 6289 6288
10926 2 2 6 1 6289 6290 6288
10927 2 2 6 1 6289 1843 6290
10928 2 2 6 1 6288 6290 1809
10929 2 2 6 1 1509 4912 6289
10930 2 2 6 1 4912 6291 6289
10931 2 2 6 1 4912 653 6291
10932 2 2 6 1 6289 6291 1843
10933 2 2 6 1 1809 6290 6146
10934 2 2 6 1 6290 6292 6146
10935 2 2 6 1 6290 1843 6292
10936 2 2 6 1 6146 6292 724
10937 2 2 6 1 653 6293 6291
10938 2 2 6 1 6293 6294 6291
10939 2 2 6 1 6293 1844 6294
10940 2 2 6 1 6291 6294 1843
10941 2 2 6 1 1844 6295 6294
10942 2 2 6 1 6295 6296 6294
10943 2 2 6 1 6295 1845 6296
10944 2 2 6 1 6294 6296 1843
10945 2 2 6 1 1844 6297 6295
10946 2 2 6 1 6297 6298 6295
10947 2 2 6 1 6297 732 6298
10948 2 2 6 1 6295 6298 1845
10949 2 2 6 1 1843 6296 6292
10950 2 2 6 1 6296 6299 6292
10951 2 2 6 1 6296 1845 6299
10952 2 2 6 1 6292 6299 724
10953 2 2 6 1 653 4908 6293
10954 2 2 6 1 4908 6300 6293
10955 2 2 6 1 4908 1508 6300
10956 2 2 6 1 6293 6300 1844
10957 2 2 6 1 1508 6301 6300
10958 2 2 6 1 6301 6302 6300
10959 2 2 6 1 6301 1846 6302
10960 2 2 6 1 6300 6302 1844
10961 2 2 6 1 1508 4907 6301
10962 2 2 6 1 4907 6303 6301
10963 2 2 6 1 4907 405 6303
10964 2 2 6 1 6301 6303 1846
10965 2 2 6 1 1844 6302 6297
10966 2 2 6 1 6302 6304 6297
10967 2 2 6 1 6302 1846 6304
10968 2 2 6 1 6297 6304 732
10969 2 2 6 1 724 6299 6150
10970 2 2 6 1 6299 6305 6150
10971 2 2 6 1 6299 1845 6305
10972 2 2 6 1 6150 6305 1810
10973 2 2 6 1 1845 6306 6305
10974 2 2 6 1 6306 6307 6305
10975 2 2 6 1 6306 1847 6307
10976 2 2 6 1 6305 6307 1810
10977 2 2 6 1 1845 6298 6306
10978 2 2 6 1 6298 6308 6306
10979 2 2 6 1 6298 732 6308
10980 2 2 6 1 6306 6308 1847
10981 2 2 6 1 1810 6307 6151
10982 2 2 6 1 6307 6309 6151
10983 2 2 6 1 6307 1847 6309
10984 2 2 6 1 6151 6309 427
10985 2 2 6 1 378 5760 6193
10986 2 2 6 1 5760 6310 6193
10987 2 2 6 1 5760 1718 6310
10988 2 2 6 1 6193 6310 1821
10989 2 2 6 1 1718 6311 6310
10990 2 2 6 1 6311 6312 6310
10991 2 2 6 1 6311 1848 6312
10992 2 2 6 1 6310 6312 1821
10993 2 2 6 1 1718 5766 6311
10994 2 2 6 1 5766 6313 6311
10995 2 2 6 1 5766 704 6313
10996 2 2 6 1 6311 6313 1848
10997 2 2 6 1 1821 6312 6194
10998 2 2 6 1 6312 6314 6194
10999 2 2 6 1 6312 1848 6314
11000 2 2 6 1 6194 6314 727
11001 2 2 6 1 704 6315 6313
11002 2 2 6 1 6315 6316 6313
11003 2 2 6 1 6315 1849 6316
11004 2 2 6 1 6313 6316 1848
11005 2 2 6 1 1849 6317 6316
11006 2 2 6 1 6317 6318 6316
11007 2 2 6 1 6317 1850 6318
11008 2 2 6 1 6316 6318 1848
11009 2 2 6 1 1849 6319 6317
11010 2 2 6 1 6319 6320 6317
11011 2 2 6 1 6319 729 6320
11012 2 2 6 1 6317 6320 1850
11013 2 2 6 1 1848 6318 6314
11014 2 2 6 1 6318 6321 6314
11015 2 2 6 1 6318 1850 6321
11016 2 2 6 1 6314 6321 727
11017 2 2 6 1 704 5780 6315
11018 2 2 6 1 5780 6322 6315
11019 2 2 6 1 5780 1722 6322
11020 2 2 6 1 6315 6322 1849
11021 2 2 6 1 1722 6323 6322
11022 2 2 6 1 6323 6324 6322
11023 2 2 6 1 6323 1824 6324
11024 2 2 6 1 6322 6324 1849
11025 2 2 6 1 1722 5783 6323
11026 2 2 6 1 5783 6201 6323
11027 2 2 6 1 5783 381 6201
11028 2 2 6 1 6323 6201 1824
11029 2 2 6 1 1849 6324 6319
11030 2 2 6 1 6324 6206 6319
11031 2 2 6 1 6324 1824 6206
11032 2 2 6 1 6319 6206 729
11033 2 2 6 1 727 6321 6198
11034 2 2 6 1 6321 6325 6198
11035 2 2 6 1 6321 1850 6325
11036 2 2 6 1 6198 6325 1822
11037 2 2 6 1 1850 6326 6325
11038 2 2 6 1 6326 6327 6325
11039 2 2 6 1 6326 1829 6327
11040 2 2 6 1 6325 6327 1822
11041 2 2 6 1 1850 6320 6326
11042 2 2 6 1 6320 6220 6326
11043 2 2 6 1 6320 729 6220
11044 2 2 6 1 6326 6220 1829
11045 2 2 6 1 1822 6327 6199
11046 2 2 6 1 6327 6225 6199
11047 2 2 6 1 6327 1829 6225
11048 2 2 6 1 6199 6225 426
11049 2 2 6 1 377 6251 6329
11050 2 2 6 1 6251 6328 6329
11051 2 2 6 1 6251 1836 6328
11052 2 2 6 1 6329 6328 1852
11053 2 2 6 1 1836 6330 6328
11054 2 2 6 1 6330 6331 6328
11055 2 2 6 1 6330 1851 6331
11056 2 2 6 1 6328 6331 1852
11057 2 2 6 1 1836 6250 6330
11058 2 2 6 1 6250 6332 6330
11059 2 2 6 1 6250 731 6332
11060 2 2 6 1 6330 6332 1851
11061 2 2 6 1 1852 6331 6334
11062 2 2 6 1 6331 6333 6334
11063 2 2 6 1 6331 1851 6333
11064 2 2 6 1 6334 6333 733
11065 2 2 6 1 731 6335 6332
11066 2 2 6 1 6335 6336 6332
11067 2 2 6 1 6335 1853 6336
11068 2 2 6 1 6332 6336 1851
11069 2 2 6 1 1853 6337 6336
11070 2 2 6 1 6337 6338 6336
11071 2 2 6 1 6337 1854 6338
11072 2 2 6 1 6336 6338 1851
11073 2 2 6 1 1853 6339 6337
11074 2 2 6 1 6339 6340 6337
11075 2 2 6 1 6339 663 6340
11076 2 2 6 1 6337 6340 1854
11077 2 2 6 1 1851 6338 6333
11078 2 2 6 1 6338 6341 6333
11079 2 2 6 1 6338 1854 6341
11080 2 2 6 1 6333 6341 733
11081 2 2 6 1 731 6246 6335
11082 2 2 6 1 6246 6342 6335
11083 2 2 6 1 6246 1835 6342
11084 2 2 6 1 6335 6342 1853
11085 2 2 6 1 1835 6343 6342
11086 2 2 6 1 6343 6344 6342
11087 2 2 6 1 6343 1556 6344
11088 2 2 6 1 6342 6344 1853
11089 2 2 6 1 1835 6245 6343
11090 2 2 6 1 6245 5113 6343
11091 2 2 6 1 6245 376 5113
11092 2 2 6 1 6343 5113 1556
11093 2 2 6 1 1853 6344 6339
11094 2 2 6 1 6344 5118 6339
11095 2 2 6 1 6344 1556 5118
11096 2 2 6 1 6339 5118 663
11097 2 2 6 1 733 6341 6346
11098 2 2 6 1 6341 6345 6346
11099 2 2 6 1 6341 1854 6345
11100 2 2 6 1 6346 6345 1855
11101 2 2 6 1 1854 6347 6345
11102 2 2 6 1 6347 6348 6345
11103 2 2 6 1 6347 1559 6348
11104 2 2 6 1 6345 6348 1855
11105 2 2 6 1 1854 6340 6347
11106 2 2 6 1 6340 5130 6347
11107 2 2 6 1 6340 663 5130
11108 2 2 6 1 6347 5130 1559
11109 2 2 6 1 1855 6348 6349
11110 2 2 6 1 6348 5133 6349
11111 2 2 6 1 6348 1559 5133
11112 2 2 6 1 6349 5133 428
11113 2 2 6 1 380 5857 3659
11114 2 2 6 1 5857 6350 3659
11115 2 2 6 1 5857 1741 6350
11116 2 2 6 1 3659 6350 1184
11117 2 2 6 1 1741 6351 6350
11118 2 2 6 1 6351 6352 6350
11119 2 2 6 1 6351 1856 6352
11120 2 2 6 1 6350 6352 1184
11121 2 2 6 1 1741 5856 6351
11122 2 2 6 1 5856 6353 6351
11123 2 2 6 1 5856 709 6353
11124 2 2 6 1 6351 6353 1856
11125 2 2 6 1 1184 6352 3660
11126 2 2 6 1 6352 6354 3660
11127 2 2 6 1 6352 1856 6354
11128 2 2 6 1 3660 6354 566
11129 2 2 6 1 709 6355 6353
11130 2 2 6 1 6355 6356 6353
11131 2 2 6 1 6355 1857 6356
11132 2 2 6 1 6353 6356 1856
11133 2 2 6 1 1857 6357 6356
11134 2 2 6 1 6357 6358 6356
11135 2 2 6 1 6357 1858 6358
11136 2 2 6 1 6356 6358 1856
11137 2 2 6 1 1857 6359 6357
11138 2 2 6 1 6359 6360 6357
11139 2 2 6 1 6359 733 6360
11140 2 2 6 1 6357 6360 1858
11141 2 2 6 1 1856 6358 6354
11142 2 2 6 1 6358 6361 6354
11143 2 2 6 1 6358 1858 6361
11144 2 2 6 1 6354 6361 566
11145 2 2 6 1 709 5852 6355
11146 2 2 6 1 5852 6362 6355
11147 2 2 6 1 5852 1740 6362
11148 2 2 6 1 6355 6362 1857
11149 2 2 6 1 1740 6363 6362
11150 2 2 6 1 6363 6364 6362
11151 2 2 6 1 6363 1852 6364
11152 2 2 6 1 6362 6364 1857
11153 2 2 6 1 1740 5851 6363
11154 2 2 6 1 5851 6329 6363
11155 2 2 6 1 5851 377 6329
11156 2 2 6 1 6363 6329 1852
11157 2 2 6 1 1857 6364 6359
11158 2 2 6 1 6364 6334 6359
11159 2 2 6 1 6364 1852 6334
11160 2 2 6 1 6359 6334 733
11161 2 2 6 1 566 6361 3664
11162 2 2 6 1 6361 6365 3664
11163 2 2 6 1 6361 1858 6365
11164 2 2 6 1 3664 6365 1185
11165 2 2 6 1 1858 6366 6365
11166 2 2 6 1 6366 6367 6365
11167 2 2 6 1 6366 1855 6367
11168 2 2 6 1 6365 6367 1185
11169 2 2 6 1 1858 6360 6366
11170 2 2 6 1 6360 6346 6366
11171 2 2 6 1 6360 733 6346
11172 2 2 6 1 6366 6346 1855
11173 2 2 6 1 1185 6367 3665
11174 2 2 6 1 6367 6349 3665
11175 2 2 6 1 6367 1855 6349
11176 2 2 6 1 3665 6349 428
11177 2 2 6 1 305 6153 6121
11178 2 2 6 1 6153 6368 6121
11179 2 2 6 1 6153 1812 6368
11180 2 2 6 1 6121 6368 1803
11181 2 2 6 1 1812 6369 6368
11182 2 2 6 1 6369 6370 6368
11183 2 2 6 1 6369 1859 6370
11184 2 2 6 1 6368 6370 1803
11185 2 2 6 1 1812 6158 6369
11186 2 2 6 1 6158 6371 6369
11187 2 2 6 1 6158 726 6371
11188 2 2 6 1 6369 6371 1859
11189 2 2 6 1 1803 6370 6122
11190 2 2 6 1 6370 6372 6122
11191 2 2 6 1 6370 1859 6372
11192 2 2 6 1 6122 6372 722
11193 2 2 6 1 726 6373 6371
11194 2 2 6 1 6373 6374 6371
11195 2 2 6 1 6373 1860 6374
11196 2 2 6 1 6371 6374 1859
11197 2 2 6 1 1860 6375 6374
11198 2 2 6 1 6375 6376 6374
11199 2 2 6 1 6375 1861 6376
11200 2 2 6 1 6374 6376 1859
11201 2 2 6 1 1860 6377 6375
11202 2 2 6 1 6377 6378 6375
11203 2 2 6 1 6377 734 6378
11204 2 2 6 1 6375 6378 1861
11205 2 2 6 1 1859 6376 6372
11206 2 2 6 1 6376 6379 6372
11207 2 2 6 1 6376 1861 6379
11208 2 2 6 1 6372 6379 722
11209 2 2 6 1 726 6172 6373
11210 2 2 6 1 6172 6380 6373
11211 2 2 6 1 6172 1817 6380
11212 2 2 6 1 6373 6380 1860
11213 2 2 6 1 1817 6381 6380
11214 2 2 6 1 6381 6382 6380
11215 2 2 6 1 6381 1862 6382
11216 2 2 6 1 6380 6382 1860
11217 2 2 6 1 1817 6177 6381
11218 2 2 6 1 6177 6383 6381
11219 2 2 6 1 6177 374 6383
11220 2 2 6 1 6381 6383 1862
11221 2 2 6 1 1860 6382 6377
11222 2 2 6 1 6382 6384 6377
11223 2 2 6 1 6382 1862 6384
11224 2 2 6 1 6377 6384 734
11225 2 2 6 1 722 6379 6127
11226 2 2 6 1 6379 6385 6127
11227 2 2 6 1 6379 1861 6385
11228 2 2 6 1 6127 6385 1804
11229 2 2 6 1 1861 6386 6385
11230 2 2 6 1 6386 6387 6385
11231 2 2 6 1 6386 1863 6387
11232 2 2 6 1 6385 6387 1804
11233 2 2 6 1 1861 6378 6386
11234 2 2 6 1 6378 6388 6386
11235 2 2 6 1 6378 734 6388
11236 2 2 6 1 6386 6388 1863
11237 2 2 6 1 1804 6387 6128
11238 2 2 6 1 6387 6389 6128
11239 2 2 6 1 6387 1863 6389
11240 2 2 6 1 6128 6389 423
11241 2 2 6 1 374 6176 6391
11242 2 2 6 1 6176 6390 6391
11243 2 2 6 1 6176 1816 6390
11244 2 2 6 1 6391 6390 1865
11245 2 2 6 1 1816 6392 6390
11246 2 2 6 1 6392 6393 6390
11247 2 2 6 1 6392 1864 6393
11248 2 2 6 1 6390 6393 1865
11249 2 2 6 1 1816 6175 6392
11250 2 2 6 1 6175 6394 6392
11251 2 2 6 1 6175 725 6394
11252 2 2 6 1 6392 6394 1864
11253 2 2 6 1 1865 6393 6396
11254 2 2 6 1 6393 6395 6396
11255 2 2 6 1 6393 1864 6395
11256 2 2 6 1 6396 6395 735
11257 2 2 6 1 725 6397 6394
11258 2 2 6 1 6397 6398 6394
11259 2 2 6 1 6397 1866 6398
11260 2 2 6 1 6394 6398 1864
11261 2 2 6 1 1866 6399 6398
11262 2 2 6 1 6399 6400 6398
11263 2 2 6 1 6399 1867 6400
11264 2 2 6 1 6398 6400 1864
11265 2 2 6 1 1866 6401 6399
11266 2 2 6 1 6401 6402 6399
11267 2 2 6 1 6401 666 6402
11268 2 2 6 1 6399 6402 1867
11269 2 2 6 1 1864 6400 6395
11270 2 2 6 1 6400 6403 6395
11271 2 2 6 1 6400 1867 6403
11272 2 2 6 1 6395 6403 735
11273 2 2 6 1 725 6170 6397
11274 2 2 6 1 6170 6404 6397
11275 2 2 6 1 6170 1815 6404
11276 2 2 6 1 6397 6404 1866
11277 2 2 6 1 1815 6405 6404
11278 2 2 6 1 6405 6406 6404
11279 2 2 6 1 6405 1574 6406
11280 2 2 6 1 6404 6406 1866
11281 2 2 6 1 1815 6169 6405
11282 2 2 6 1 6169 5197 6405
11283 2 2 6 1 6169 306 5197
11284 2 2 6 1 6405 5197 1574
11285 2 2 6 1 1866 6406 6401
11286 2 2 6 1 6406 5202 6401
11287 2 2 6 1 6406 1574 5202
11288 2 2 6 1 6401 5202 666
11289 2 2 6 1 735 6403 6408
11290 2 2 6 1 6403 6407 6408
11291 2 2 6 1 6403 1867 6407
11292 2 2 6 1 6408 6407 1868
11293 2 2 6 1 1867 6409 6407
11294 2 2 6 1 6409 6410 6407
11295 2 2 6 1 6409 1577 6410
11296 2 2 6 1 6407 6410 1868
11297 2 2 6 1 1867 6402 6409
11298 2 2 6 1 6402 5214 6409
11299 2 2 6 1 6402 666 5214
11300 2 2 6 1 6409 5214 1577
11301 2 2 6 1 1868 6410 6411
11302 2 2 6 1 6410 5217 6411
11303 2 2 6 1 6410 1577 5217
11304 2 2 6 1 6411 5217 420
11305 2 2 6 1 362 5903 6413
11306 2 2 6 1 5903 6412 6413
11307 2 2 6 1 5903 1753 6412
11308 2 2 6 1 6413 6412 1870
11309 2 2 6 1 1753 6414 6412
11310 2 2 6 1 6414 6415 6412
11311 2 2 6 1 6414 1869 6415
11312 2 2 6 1 6412 6415 1870
11313 2 2 6 1 1753 5908 6414
11314 2 2 6 1 5908 6416 6414
11315 2 2 6 1 5908 713 6416
11316 2 2 6 1 6414 6416 1869
11317 2 2 6 1 1870 6415 6418
11318 2 2 6 1 6415 6417 6418
11319 2 2 6 1 6415 1869 6417
11320 2 2 6 1 6418 6417 737
11321 2 2 6 1 713 6419 6416
11322 2 2 6 1 6419 6420 6416
11323 2 2 6 1 6419 1871 6420
11324 2 2 6 1 6416 6420 1869
11325 2 2 6 1 1871 6421 6420
11326 2 2 6 1 6421 6422 6420
11327 2 2 6 1 6421 1872 6422
11328 2 2 6 1 6420 6422 1869
11329 2 2 6 1 1871 6423 6421
11330 2 2 6 1 6423 6424 6421
11331 2 2 6 1 6423 736 6424
11332 2 2 6 1 6421 6424 1872
11333 2 2 6 1 1869 6422 6417
11334 2 2 6 1 6422 6425 6417
11335 2 2 6 1 6422 1872 6425
11336 2 2 6 1 6417 6425 737
11337 2 2 6 1 713 5922 6419
11338 2 2 6 1 5922 6426 6419
11339 2 2 6 1 5922 1758 6426
11340 2 2 6 1 6419 6426 1871
11341 2 2 6 1 1758 6427 6426
11342 2 2 6 1 6427 6428 6426
11343 2 2 6 1 6427 1873 6428
11344 2 2 6 1 6426 6428 1871
11345 2 2 6 1 1758 5927 6427
11346 2 2 6 1 5927 6429 6427
11347 2 2 6 1 5927 426 6429
11348 2 2 6 1 6427 6429 1873
11349 2 2 6 1 1871 6428 6423
11350 2 2 6 1 6428 6430 6423
11351 2 2 6 1 6428 1873 6430
11352 2 2 6 1 6423 6430 736
11353 2 2 6 1 737 6425 6432
11354 2 2 6 1 6425 6431 6432
11355 2 2 6 1 6425 1872 6431
11356 2 2 6 1 6432 6431 1875
11357 2 2 6 1 1872 6433 6431
11358 2 2 6 1 6433 6434 6431
11359 2 2 6 1 6433 1874 6434
11360 2 2 6 1 6431 6434 1875
11361 2 2 6 1 1872 6424 6433
11362 2 2 6 1 6424 6435 6433
11363 2 2 6 1 6424 736 6435
11364 2 2 6 1 6433 6435 1874
11365 2 2 6 1 1875 6434 6437
11366 2 2 6 1 6434 6436 6437
11367 2 2 6 1 6434 1874 6436
11368 2 2 6 1 6437 6436 429
11369 2 2 6 1 426 6224 6429
11370 2 2 6 1 6224 6438 6429
11371 2 2 6 1 6224 1828 6438
11372 2 2 6 1 6429 6438 1873
11373 2 2 6 1 1828 6439 6438
11374 2 2 6 1 6439 6440 6438
11375 2 2 6 1 6439 1876 6440
11376 2 2 6 1 6438 6440 1873
11377 2 2 6 1 1828 6223 6439
11378 2 2 6 1 6223 6441 6439
11379 2 2 6 1 6223 728 6441
11380 2 2 6 1 6439 6441 1876
11381 2 2 6 1 1873 6440 6430
11382 2 2 6 1 6440 6442 6430
11383 2 2 6 1 6440 1876 6442
11384 2 2 6 1 6430 6442 736
11385 2 2 6 1 728 6443 6441
11386 2 2 6 1 6443 6444 6441
11387 2 2 6 1 6443 1877 6444
11388 2 2 6 1 6441 6444 1876
11389 2 2 6 1 1877 6445 6444
11390 2 2 6 1 6445 6446 6444
11391 2 2 6 1 6445 1878 6446
11392 2 2 6 1 6444 6446 1876
11393 2 2 6 1 1877 6447 6445
11394 2 2 6 1 6447 6448 6445
11395 2 2 6 1 6447 738 6448
11396 2 2 6 1 6445 6448 1878
11397 2 2 6 1 1876 6446 6442
11398 2 2 6 1 6446 6449 6442
11399 2 2 6 1 6446 1878 6449
11400 2 2 6 1 6442 6449 736
11401 2 2 6 1 728 6218 6443
11402 2 2 6 1 6218 6450 6443
11403 2 2 6 1 6218 1827 6450
11404 2 2 6 1 6443 6450 1877
11405 2 2 6 1 1827 6451 6450
11406 2 2 6 1 6451 6452 6450
11407 2 2 6 1 6451 1879 6452
11408 2 2 6 1 6450 6452 1877
11409 2 2 6 1 1827 6217 6451
11410 2 2 6 1 6217 6453 6451
11411 2 2 6 1 6217 384 6453
11412 2 2 6 1 6451 6453 1879
11413 2 2 6 1 1877 6452 6447
11414 2 2 6 1 6452 6454 6447
11415 2 2 6 1 6452 1879 6454
11416 2 2 6 1 6447 6454 738
11417 2 2 6 1 736 6449 6435
11418 2 2 6 1 6449 6455 6435
11419 2 2 6 1 6449 1878 6455
11420 2 2 6 1 6435 6455 1874
11421 2 2 6 1 1878 6456 6455
11422 2 2 6 1 6456 6457 6455
11423 2 2 6 1 6456 1880 6457
11424 2 2 6 1 6455 6457 1874
11425 2 2 6 1 1878 6448 6456
11426 2 2 6 1 6448 6458 6456
11427 2 2 6 1 6448 738 6458
11428 2 2 6 1 6456 6458 1880
11429 2 2 6 1 1874 6457 6436
11430 2 2 6 1 6457 6459 6436
11431 2 2 6 1 6457 1880 6459
11432 2 2 6 1 6436 6459 429
11433 2 2 6 1 223 178 6461
11434 2 2 6 1 178 6460 6461
11435 2 2 6 1 178 220 6460
11436 2 2 6 1 6461 6460 1882
11437 2 2 6 1 220 6462 6460
11438 2 2 6 1 6462 6463 6460
11439 2 2 6 1 6462 1881 6463
11440 2 2 6 1 6460 6463 1882
11441 2 2 6 1 220 177 6462
11442 2 2 6 1 177 6464 6462
11443 2 2 6 1 177 233 6464
11444 2 2 6 1 6462 6464 1881
11445 2 2 6 1 1882 6463 6466
11446 2 2 6 1 6463 6465 6466
11447 2 2 6 1 6463 1881 6465
11448 2 2 6 1 6466 6465 740
11449 2 2 6 1 233 6467 6464
11450 2 2 6 1 6467 6468 6464
11451 2 2 6 1 6467 1883 6468
11452 2 2 6 1 6464 6468 1881
11453 2 2 6 1 1883 6469 6468
11454 2 2 6 1 6469 6470 6468
11455 2 2 6 1 6469 1884 6470
11456 2 2 6 1 6468 6470 1881
11457 2 2 6 1 1883 6471 6469
11458 2 2 6 1 6471 6472 6469
11459 2 2 6 1 6471 739 6472
11460 2 2 6 1 6469 6472 1884
11461 2 2 6 1 1881 6470 6465
11462 2 2 6 1 6470 6473 6465
11463 2 2 6 1 6470 1884 6473
11464 2 2 6 1 6465 6473 740
11465 2 2 6 1 233 176 6467
11466 2 2 6 1 176 6474 6467
11467 2 2 6 1 176 219 6474
11468 2 2 6 1 6467 6474 1883
11469 2 2 6 1 219 6475 6474
11470 2 2 6 1 6475 6476 6474
11471 2 2 6 1 6475 1885 6476
11472 2 2 6 1 6474 6476 1883
11473 2 2 6 1 219 175 6475
11474 2 2 6 1 175 6477 6475
11475 2 2 6 1 175 224 6477
11476 2 2 6 1 6475 6477 1885
11477 2 2 6 1 1883 6476 6471
11478 2 2 6 1 6476 6478 6471
11479 2 2 6 1 6476 1885 6478
11480 2 2 6 1 6471 6478 739
11481 2 2 6 1 740 6473 6480
11482 2 2 6 1 6473 6479 6480
11483 2 2 6 1 6473 1884 6479
11484 2 2 6 1 6480 6479 1887
11485 2 2 6 1 1884 6481 6479
11486 2 2 6 1 6481 6482 6479
11487 2 2 6 1 6481 1886 6482
11488 2 2 6 1 6479 6482 1887
11489 2 2 6 1 1884 6472 6481
11490 2 2 6 1 6472 6483 6481
11491 2 2 6 1 6472 739 6483
11492 2 2 6 1 6481 6483 1886
11493 2 2 6 1 1887 6482 6485
11494 2 2 6 1 6482 6484 6485
11495 2 2 6 1 6482 1886 6484
11496 2 2 6 1 6485 6484 430
11497 2 2 6 1 292 258 6487
11498 2 2 6 1 258 6486 6487
11499 2 2 6 1 258 300 6486
11500 2 2 6 1 6487 6486 1889
11501 2 2 6 1 300 6488 6486
11502 2 2 6 1 6488 6489 6486
11503 2 2 6 1 6488 1888 6489
11504 2 2 6 1 6486 6489 1889
11505 2 2 6 1 300 257 6488
11506 2 2 6 1 257 6490 6488
11507 2 2 6 1 257 302 6490
11508 2 2 6 1 6488 6490 1888
11509 2 2 6 1 1889 6489 6492
11510 2 2 6 1 6489 6491 6492
11511 2 2 6 1 6489 1888 6491
11512 2 2 6 1 6492 6491 742
11513 2 2 6 1 302 6493 6490
11514 2 2 6 1 6493 6494 6490
11515 2 2 6 1 6493 1890 6494
11516 2 2 6 1 6490 6494 1888
11517 2 2 6 1 1890 6495 6494
11518 2 2 6 1 6495 6496 6494
11519 2 2 6 1 6495 1891 6496
11520 2 2 6 1 6494 6496 1888
11521 2 2 6 1 1890 6497 6495
11522 2 2 6 1 6497 6498 6495
11523 2 2 6 1 6497 741 6498
11524 2 2 6 1 6495 6498 1891
11525 2 2 6 1 1888 6496 6491
11526 2 2 6 1 6496 6499 6491
11527 2 2 6 1 6496 1891 6499
11528 2 2 6 1 6491 6499 742
11529 2 2 6 1 302 256 6493
11530 2 2 6 1 256 6500 6493
11531 2 2 6 1 256 299 6500
11532 2 2 6 1 6493 6500 1890
11533 2 2 6 1 299 6501 6500
11534 2 2 6 1 6501 6502 6500
11535 2 2 6 1 6501 1892 6502
11536 2 2 6 1 6500 6502 1890
11537 2 2 6 1 299 255 6501
11538 2 2 6 1 255 6503 6501
11539 2 2 6 1 255 303 6503
11540 2 2 6 1 6501 6503 1892
11541 2 2 6 1 1890 6502 6497
11542 2 2 6 1 6502 6504 6497
11543 2 2 6 1 6502 1892 6504
11544 2 2 6 1 6497 6504 741
11545 2 2 6 1 742 6499 6506
11546 2 2 6 1 6499 6505 6506
11547 2 2 6 1 6499 1891 6505
11548 2 2 6 1 6506 6505 1894
11549 2 2 6 1 1891 6507 6505
11550 2 2 6 1 6507 6508 6505
11551 2 2 6 1 6507 1893 6508
11552 2 2 6 1 6505 6508 1894
11553 2 2 6 1 1891 6498 6507
11554 2 2 6 1 6498 6509 6507
11555 2 2 6 1 6498 741 6509
11556 2 2 6 1 6507 6509 1893
11557 2 2 6 1 1894 6508 6511
11558 2 2 6 1 6508 6510 6511
11559 2 2 6 1 6508 1893 6510
11560 2 2 6 1 6511 6510 431
11561 2 2 6 1 309 270 6513
11562 2 2 6 1 270 6512 6513
11563 2 2 6 1 270 286 6512
11564 2 2 6 1 6513 6512 1896
11565 2 2 6 1 286 6514 6512
11566 2 2 6 1 6514 6515 6512
11567 2 2 6 1 6514 1895 6515
11568 2 2 6 1 6512 6515 1896
11569 2 2 6 1 286 269 6514
11570 2 2 6 1 269 6516 6514
11571 2 2 6 1 269 319 6516
11572 2 2 6 1 6514 6516 1895
11573 2 2 6 1 1896 6515 6518
11574 2 2 6 1 6515 6517 6518
11575 2 2 6 1 6515 1895 6517
11576 2 2 6 1 6518 6517 744
11577 2 2 6 1 319 6519 6516
11578 2 2 6 1 6519 6520 6516
11579 2 2 6 1 6519 1897 6520
11580 2 2 6 1 6516 6520 1895
11581 2 2 6 1 1897 6521 6520
11582 2 2 6 1 6521 6522 6520
11583 2 2 6 1 6521 1898 6522
11584 2 2 6 1 6520 6522 1895
11585 2 2 6 1 1897 6523 6521
11586 2 2 6 1 6523 6524 6521
11587 2 2 6 1 6523 743 6524
11588 2 2 6 1 6521 6524 1898
11589 2 2 6 1 1895 6522 6517
11590 2 2 6 1 6522 6525 6517
11591 2 2 6 1 6522 1898 6525
11592 2 2 6 1 6517 6525 744
11593 2 2 6 1 319 268 6519
11594 2 2 6 1 268 6526 6519
11595 2 2 6 1 268 285 6526
11596 2 2 6 1 6519 6526 1897
11597 2 2 6 1 285 6527 6526
11598 2 2 6 1 6527 6528 6526
11599 2 2 6 1 6527 1899 6528
11600 2 2 6 1 6526 6528 1897
11601 2 2 6 1 285 267 6527
11602 2 2 6 1 267 6529 6527
11603 2 2 6 1 267 310 6529
11604 2 2 6 1 6527 6529 1899
11605 2 2 6 1 1897 6528 6523
11606 2 2 6 1 6528 6530 6523
11607 2 2 6 1 6528 1899 6530
11608 2 2 6 1 6523 6530 743
11609 2 2 6 1 744 6525 6532
11610 2 2 6 1 6525 6531 6532
11611 2 2 6 1 6525 1898 6531
11612 2 2 6 1 6532 6531 1901
11613 2 2 6 1 1898 6533 6531
11614 2 2 6 1 6533 6534 6531
11615 2 2 6 1 6533 1900 6534
11616 2 2 6 1 6531 6534 1901
11617 2 2 6 1 1898 6524 6533
11618 2 2 6 1 6524 6535 6533
11619 2 2 6 1 6524 743 6535
11620 2 2 6 1 6533 6535 1900
11621 2 2 6 1 1901 6534 6537
11622 2 2 6 1 6534 6536 6537
11623 2 2 6 1 6534 1900 6536
11624 2 2 6 1 6537 6536 432
11625 2 2 6 1 143 98 6539
11626 2 2 6 1 98 6538 6539
11627 2 2 6 1 98 140 6538
11628 2 2 6 1 6539 6538 1903
11629 2 2 6 1 140 6540 6538
11630 2 2 6 1 6540 6541 6538
11631 2 2 6 1 6540 1902 6541
11632 2 2 6 1 6538 6541 1903
11633 2 2 6 1 140 97 6540
11634 2 2 6 1 97 6542 6540
11635 2 2 6 1 97 153 6542
11636 2 2 6 1 6540 6542 1902
11637 2 2 6 1 1903 6541 6544
11638 2 2 6 1 6541 6543 6544
11639 2 2 6 1 6541 1902 6543
11640 2 2 6 1 6544 6543 746
11641 2 2 6 1 153 6545 6542
11642 2 2 6 1 6545 6546 6542
11643 2 2 6 1 6545 1904 6546
11644 2 2 6 1 6542 6546 1902
11645 2 2 6 1 1904 6547 6546
11646 2 2 6 1 6547 6548 6546
11647 2 2 6 1 6547 1905 6548
11648 2 2 6 1 6546 6548 1902
11649 2 2 6 1 1904 6549 6547
11650 2 2 6 1 6549 6550 6547
11651 2 2 6 1 6549 745 6550
11652 2 2 6 1 6547 6550 1905
11653 2 2 6 1 1902 6548 6543
11654 2 2 6 1 6548 6551 6543
11655 2 2 6 1 6548 1905 6551
11656 2 2 6 1 6543 6551 746
11657 2 2 6 1 153 96 6545
11658 2 2 6 1 96 6552 6545
11659 2 2 6 1 96 139 6552
11660 2 2 6 1 6545 6552 1904
11661 2 2 6 1 139 6553 6552
11662 2 2 6 1 6553 6554 6552
11663 2 2 6 1 6553 1906 6554
11664 2 2 6 1 6552 6554 1904
11665 2 2 6 1 139 95 6553
11666 2 2 6 1 95 6555 6553
11667 2 2 6 1 95 144 6555
11668 2 2 6 1 6553 6555 1906
11669 2 2 6 1 1904 6554 6549
11670 2 2 6 1 6554 6556 6549
11671 2 2 6 1 6554 1906 6556
11672 2 2 6 1 6549 6556 745
11673 2 2 6 1 746 6551 6558
11674 2 2 6 1 6551 6557 6558
11675 2 2 6 1 6551 1905 6557
11676 2 2 6 1 6558 6557 1908
11677 2 2 6 1 1905 6559 6557
11678 2 2 6 1 6559 6560 6557
11679 2 2 6 1 6559 1907 6560
11680 2 2 6 1 6557 6560 1908
11681 2 2 6 1 1905 6550 6559
11682 2 2 6 1 6550 6561 6559
11683 2 2 6 1 6550 745 6561
11684 2 2 6 1 6559 6561 1907
11685 2 2 6 1 1908 6560 6563
11686 2 2 6 1 6560 6562 6563
11687 2 2 6 1 6560 1907 6562
11688 2 2 6 1 6563 6562 433
11689 2 2 6 1 362 6413 6565
11690 2 2 6 1 6413 6564 6565
11691 2 2 6 1 6413 1870 6564
11692 2 2 6 1 6565 6564 1910
11693 2 2 6 1 1870 6566 6564
11694 2 2 6 1 6566 6567 6564
11695 2 2 6 1 6566 1909 6567
11696 2 2 6 1 6564 6567 1910
11697 2 2 6 1 1870 6418 6566
11698 2 2 6 1 6418 6568 6566
11699 2 2 6 1 6418 737 6568
11700 2 2 6 1 6566 6568 1909
11701 2 2 6 1 1910 6567 6570
11702 2 2 6 1 6567 6569 6570
11703 2 2 6 1 6567 1909 6569
11704 2 2 6 1 6570 6569 747
11705 2 2 6 1 737 6571 6568
11706 2 2 6 1 6571 6572 6568
11707 2 2 6 1 6571 1911 6572
11708 2 2 6 1 6568 6572 1909
11709 2 2 6 1 1911 6573 6572
11710 2 2 6 1 6573 6574 6572
11711 2 2 6 1 6573 1912 6574
11712 2 2 6 1 6572 6574 1909
11713 2 2 6 1 1911 6575 6573
11714 2 2 6 1 6575 6576 6573
11715 2 2 6 1 6575 531 6576
11716 2 2 6 1 6573 6576 1912
11717 2 2 6 1 1909 6574 6569
11718 2 2 6 1 6574 6577 6569
11719 2 2 6 1 6574 1912 6577
11720 2 2 6 1 6569 6577 747
11721 2 2 6 1 737 6432 6571
11722 2 2 6 1 6432 6578 6571
11723 2 2 6 1 6432 1875 6578
11724 2 2 6 1 6571 6578 1911
11725 2 2 6 1 1875 6579 6578
11726 2 2 6 1 6579 6580 6578
11727 2 2 6 1 6579 1050 6580
11728 2 2 6 1 6578 6580 1911
11729 2 2 6 1 1875 6437 6579
11730 2 2 6 1 6437 3141 6579
11731 2 2 6 1 6437 429 3141
11732 2 2 6 1 6579 3141 1050
11733 2 2 6 1 1911 6580 6575
11734 2 2 6 1 6580 3146 6575
11735 2 2 6 1 6580 1050 3146
11736 2 2 6 1 6575 3146 531
11737 2 2 6 1 747 6577 6582
11738 2 2 6 1 6577 6581 6582
11739 2 2 6 1 6577 1912 6581
11740 2 2 6 1 6582 6581 1913
11741 2 2 6 1 1912 6583 6581
11742 2 2 6 1 6583 6584 6581
11743 2 2 6 1 6583 1055 6584
11744 2 2 6 1 6581 6584 1913
11745 2 2 6 1 1912 6576 6583
11746 2 2 6 1 6576 3160 6583
11747 2 2 6 1 6576 531 3160
11748 2 2 6 1 6583 3160 1055
11749 2 2 6 1 1913 6584 6585
11750 2 2 6 1 6584 3165 6585
11751 2 2 6 1 6584 1055 3165
11752 2 2 6 1 6585 3165 430
11753 2 2 6 1 224 5459 6477
11754 2 2 6 1 5459 6586 6477
11755 2 2 6 1 5459 1639 6586
11756 2 2 6 1 6477 6586 1885
11757 2 2 6 1 1639 6587 6586
11758 2 2 6 1 6587 6588 6586
11759 2 2 6 1 6587 1914 6588
11760 2 2 6 1 6586 6588 1885
11761 2 2 6 1 1639 5464 6587
11762 2 2 6 1 5464 6589 6587
11763 2 2 6 1 5464 683 6589
11764 2 2 6 1 6587 6589 1914
11765 2 2 6 1 1885 6588 6478
11766 2 2 6 1 6588 6590 6478
11767 2 2 6 1 6588 1914 6590
11768 2 2 6 1 6478 6590 739
11769 2 2 6 1 683 6591 6589
11770 2 2 6 1 6591 6592 6589
11771 2 2 6 1 6591 1915 6592
11772 2 2 6 1 6589 6592 1914
11773 2 2 6 1 1915 6593 6592
11774 2 2 6 1 6593 6594 6592
11775 2 2 6 1 6593 1916 6594
11776 2 2 6 1 6592 6594 1914
11777 2 2 6 1 1915 6595 6593
11778 2 2 6 1 6595 6596 6593
11779 2 2 6 1 6595 747 6596
11780 2 2 6 1 6593 6596 1916
11781 2 2 6 1 1914 6594 6590
11782 2 2 6 1 6594 6597 6590
11783 2 2 6 1 6594 1916 6597
11784 2 2 6 1 6590 6597 739
11785 2 2 6 1 683 5478 6591
11786 2 2 6 1 5478 6598 6591
11787 2 2 6 1 5478 1644 6598
11788 2 2 6 1 6591 6598 1915
11789 2 2 6 1 1644 6599 6598
11790 2 2 6 1 6599 6600 6598
11791 2 2 6 1 6599 1910 6600
11792 2 2 6 1 6598 6600 1915
11793 2 2 6 1 1644 5483 6599
11794 2 2 6 1 5483 6565 6599
11795 2 2 6 1 5483 362 6565
11796 2 2 6 1 6599 6565 1910
11797 2 2 6 1 1915 6600 6595
11798 2 2 6 1 6600 6570 6595
11799 2 2 6 1 6600 1910 6570
11800 2 2 6 1 6595 6570 747
11801 2 2 6 1 739 6597 6483
11802 2 2 6 1 6597 6601 6483
11803 2 2 6 1 6597 1916 6601
11804 2 2 6 1 6483 6601 1886
11805 2 2 6 1 1916 6602 6601
11806 2 2 6 1 6602 6603 6601
11807 2 2 6 1 6602 1913 6603
11808 2 2 6 1 6601 6603 1886
11809 2 2 6 1 1916 6596 6602
11810 2 2 6 1 6596 6582 6602
11811 2 2 6 1 6596 747 6582
11812 2 2 6 1 6602 6582 1913
11813 2 2 6 1 1886 6603 6484
11814 2 2 6 1 6603 6585 6484
11815 2 2 6 1 6603 1913 6585
11816 2 2 6 1 6484 6585 430
11817 2 2 6 1 303 5987 6503
11818 2 2 6 1 5987 6604 6503
11819 2 2 6 1 5987 1771 6604
11820 2 2 6 1 6503 6604 1892
11821 2 2 6 1 1771 6605 6604
11822 2 2 6 1 6605 6606 6604
11823 2 2 6 1 6605 1917 6606
11824 2 2 6 1 6604 6606 1892
11825 2 2 6 1 1771 5992 6605
11826 2 2 6 1 5992 6607 6605
11827 2 2 6 1 5992 716 6607
11828 2 2 6 1 6605 6607 1917
11829 2 2 6 1 1892 6606 6504
11830 2 2 6 1 6606 6608 6504
11831 2 2 6 1 6606 1917 6608
11832 2 2 6 1 6504 6608 741
11833 2 2 6 1 716 6609 6607
11834 2 2 6 1 6609 6610 6607
11835 2 2 6 1 6609 1918 6610
11836 2 2 6 1 6607 6610 1917
11837 2 2 6 1 1918 6611 6610
11838 2 2 6 1 6611 6612 6610
11839 2 2 6 1 6611 1919 6612
11840 2 2 6 1 6610 6612 1917
11841 2 2 6 1 1918 6613 6611
11842 2 2 6 1 6613 6614 6611
11843 2 2 6 1 6613 465 6614
11844 2 2 6 1 6611 6614 1919
11845 2 2 6 1 1917 6612 6608
11846 2 2 6 1 6612 6615 6608
11847 2 2 6 1 6612 1919 6615
11848 2 2 6 1 6608 6615 741
11849 2 2 6 1 716 6006 6609
11850 2 2 6 1 6006 6616 6609
11851 2 2 6 1 6006 1776 6616
11852 2 2 6 1 6609 6616 1918
11853 2 2 6 1 1776 6617 6616
11854 2 2 6 1 6617 6618 6616
11855 2 2 6 1 6617 815 6618
11856 2 2 6 1 6616 6618 1918
11857 2 2 6 1 1776 6011 6617
11858 2 2 6 1 6011 2262 6617
11859 2 2 6 1 6011 368 2262
11860 2 2 6 1 6617 2262 815
11861 2 2 6 1 1918 6618 6613
11862 2 2 6 1 6618 2268 6613
11863 2 2 6 1 6618 815 2268
11864 2 2 6 1 6613 2268 465
11865 2 2 6 1 741 6615 6509
11866 2 2 6 1 6615 6619 6509
11867 2 2 6 1 6615 1919 6619
11868 2 2 6 1 6509 6619 1893
11869 2 2 6 1 1919 6620 6619
11870 2 2 6 1 6620 6621 6619
11871 2 2 6 1 6620 821 6621
11872 2 2 6 1 6619 6621 1893
11873 2 2 6 1 1919 6614 6620
11874 2 2 6 1 6614 2284 6620
11875 2 2 6 1 6614 465 2284
11876 2 2 6 1 6620 2284 821
11877 2 2 6 1 1893 6621 6510
11878 2 2 6 1 6621 2289 6510
11879 2 2 6 1 6621 821 2289
11880 2 2 6 1 6510 2289 431
11881 2 2 6 1 369 4795 2341
11882 2 2 6 1 4795 6622 2341
11883 2 2 6 1 4795 1480 6622
11884 2 2 6 1 2341 6622 837
11885 2 2 6 1 1480 6623 6622
11886 2 2 6 1 6623 6624 6622
11887 2 2 6 1 6623 1920 6624
11888 2 2 6 1 6622 6624 837
11889 2 2 6 1 1480 4794 6623
11890 2 2 6 1 4794 6625 6623
11891 2 2 6 1 4794 646 6625
11892 2 2 6 1 6623 6625 1920
11893 2 2 6 1 837 6624 2342
11894 2 2 6 1 6624 6626 2342
11895 2 2 6 1 6624 1920 6626
11896 2 2 6 1 2342 6626 470
11897 2 2 6 1 646 6627 6625
11898 2 2 6 1 6627 6628 6625
11899 2 2 6 1 6627 1921 6628
11900 2 2 6 1 6625 6628 1920
11901 2 2 6 1 1921 6629 6628
11902 2 2 6 1 6629 6630 6628
11903 2 2 6 1 6629 1922 6630
11904 2 2 6 1 6628 6630 1920
11905 2 2 6 1 1921 6631 6629
11906 2 2 6 1 6631 6632 6629
11907 2 2 6 1 6631 744 6632
11908 2 2 6 1 6629 6632 1922
11909 2 2 6 1 1920 6630 6626
11910 2 2 6 1 6630 6633 6626
11911 2 2 6 1 6630 1922 6633
11912 2 2 6 1 6626 6633 470
11913 2 2 6 1 646 4790 6627
11914 2 2 6 1 4790 6634 6627
11915 2 2 6 1 4790 1479 6634
11916 2 2 6 1 6627 6634 1921
11917 2 2 6 1 1479 6635 6634
11918 2 2 6 1 6635 6636 6634
11919 2 2 6 1 6635 1896 6636
11920 2 2 6 1 6634 6636 1921
11921 2 2 6 1 1479 4789 6635
11922 2 2 6 1 4789 6513 6635
11923 2 2 6 1 4789 309 6513
11924 2 2 6 1 6635 6513 1896
11925 2 2 6 1 1921 6636 6631
11926 2 2 6 1 6636 6518 6631
11927 2 2 6 1 6636 1896 6518
11928 2 2 6 1 6631 6518 744
11929 2 2 6 1 470 6633 2347
11930 2 2 6 1 6633 6637 2347
11931 2 2 6 1 6633 1922 6637
11932 2 2 6 1 2347 6637 838
11933 2 2 6 1 1922 6638 6637
11934 2 2 6 1 6638 6639 6637
11935 2 2 6 1 6638 1901 6639
11936 2 2 6 1 6637 6639 838
11937 2 2 6 1 1922 6632 6638
11938 2 2 6 1 6632 6532 6638
11939 2 2 6 1 6632 744 6532
11940 2 2 6 1 6638 6532 1901
11941 2 2 6 1 838 6639 2348
11942 2 2 6 1 6639 6537 2348
11943 2 2 6 1 6639 1901 6537
11944 2 2 6 1 2348 6537 432
11945 2 2 6 1 144 5711 6555
11946 2 2 6 1 5711 6640 6555
11947 2 2 6 1 5711 1705 6640
11948 2 2 6 1 6555 6640 1906
11949 2 2 6 1 1705 6641 6640
11950 2 2 6 1 6641 6642 6640
11951 2 2 6 1 6641 1923 6642
11952 2 2 6 1 6640 6642 1906
11953 2 2 6 1 1705 5716 6641
11954 2 2 6 1 5716 6643 6641
11955 2 2 6 1 5716 701 6643
11956 2 2 6 1 6641 6643 1923
11957 2 2 6 1 1906 6642 6556
11958 2 2 6 1 6642 6644 6556
11959 2 2 6 1 6642 1923 6644
11960 2 2 6 1 6556 6644 745
11961 2 2 6 1 701 6645 6643
11962 2 2 6 1 6645 6646 6643
11963 2 2 6 1 6645 1924 6646
11964 2 2 6 1 6643 6646 1923
11965 2 2 6 1 1924 6647 6646
11966 2 2 6 1 6647 6648 6646
11967 2 2 6 1 6647 1925 6648
11968 2 2 6 1 6646 6648 1923
11969 2 2 6 1 1924 6649 6647
11970 2 2 6 1 6649 6650 6647
11971 2 2 6 1 6649 468 6650
11972 2 2 6 1 6647 6650 1925
11973 2 2 6 1 1923 6648 6644
11974 2 2 6 1 6648 6651 6644
11975 2 2 6 1 6648 1925 6651
11976 2 2 6 1 6644 6651 745
11977 2 2 6 1 701 5730 6645
11978 2 2 6 1 5730 6652 6645
11979 2 2 6 1 5730 1710 6652
11980 2 2 6 1 6645 6652 1924
11981 2 2 6 1 1710 6653 6652
11982 2 2 6 1 6653 6654 6652
11983 2 2 6 1 6653 824 6654
11984 2 2 6 1 6652 6654 1924
11985 2 2 6 1 1710 5735 6653
11986 2 2 6 1 5735 2292 6653
11987 2 2 6 1 5735 371 2292
11988 2 2 6 1 6653 2292 824
11989 2 2 6 1 1924 6654 6649
11990 2 2 6 1 6654 2298 6649
11991 2 2 6 1 6654 824 2298
11992 2 2 6 1 6649 2298 468
11993 2 2 6 1 745 6651 6561
11994 2 2 6 1 6651 6655 6561
11995 2 2 6 1 6651 1925 6655
11996 2 2 6 1 6561 6655 1907
11997 2 2 6 1 1925 6656 6655
11998 2 2 6 1 6656 6657 6655
11999 2 2 6 1 6656 830 6657
12000 2 2 6 1 6655 6657 1907
12001 2 2 6 1 1925 6650 6656
12002 2 2 6 1 6650 2314 6656
12003 2 2 6 1 6650 468 2314
12004 2 2 6 1 6656 2314 830
12005 2 2 6 1 1907 6657 6562
12006 2 2 6 1 6657 2319 6562
12007 2 2 6 1 6657 830 2319
12008 2 2 6 1 6562 2319 433
12009 2 2 6 1 408 5069 6659
12010 2 2 6 1 5069 6658 6659
12011 2 2 6 1 5069 1546 6658
12012 2 2 6 1 6659 6658 1927
12013 2 2 6 1 1546 6660 6658
12014 2 2 6 1 6660 6661 6658
12015 2 2 6 1 6660 1926 6661
12016 2 2 6 1 6658 6661 1927
12017 2 2 6 1 1546 5074 6660
12018 2 2 6 1 5074 6662 6660
12019 2 2 6 1 5074 661 6662
12020 2 2 6 1 6660 6662 1926
12021 2 2 6 1 1927 6661 6664
12022 2 2 6 1 6661 6663 6664
12023 2 2 6 1 6661 1926 6663
12024 2 2 6 1 6664 6663 748
12025 2 2 6 1 661 6665 6662
12026 2 2 6 1 6665 6666 6662
12027 2 2 6 1 6665 1928 6666
12028 2 2 6 1 6662 6666 1926
12029 2 2 6 1 1928 6667 6666
12030 2 2 6 1 6667 6668 6666
12031 2 2 6 1 6667 1929 6668
12032 2 2 6 1 6666 6668 1926
12033 2 2 6 1 1928 6669 6667
12034 2 2 6 1 6669 6670 6667
12035 2 2 6 1 6669 477 6670
12036 2 2 6 1 6667 6670 1929
12037 2 2 6 1 1926 6668 6663
12038 2 2 6 1 6668 6671 6663
12039 2 2 6 1 6668 1929 6671
12040 2 2 6 1 6663 6671 748
12041 2 2 6 1 661 5086 6665
12042 2 2 6 1 5086 6672 6665
12043 2 2 6 1 5086 1549 6672
12044 2 2 6 1 6665 6672 1928
12045 2 2 6 1 1549 6673 6672
12046 2 2 6 1 6673 6674 6672
12047 2 2 6 1 6673 855 6674
12048 2 2 6 1 6672 6674 1928
12049 2 2 6 1 1549 5089 6673
12050 2 2 6 1 5089 2403 6673
12051 2 2 6 1 5089 411 2403
12052 2 2 6 1 6673 2403 855
12053 2 2 6 1 1928 6674 6669
12054 2 2 6 1 6674 2408 6669
12055 2 2 6 1 6674 855 2408
12056 2 2 6 1 6669 2408 477
12057 2 2 6 1 748 6671 6676
12058 2 2 6 1 6671 6675 6676
12059 2 2 6 1 6671 1929 6675
12060 2 2 6 1 6676 6675 1930
12061 2 2 6 1 1929 6677 6675
12062 2 2 6 1 6677 6678 6675
12063 2 2 6 1 6677 860 6678
12064 2 2 6 1 6675 6678 1930
12065 2 2 6 1 1929 6670 6677
12066 2 2 6 1 6670 2422 6677
12067 2 2 6 1 6670 477 2422
12068 2 2 6 1 6677 2422 860
12069 2 2 6 1 1930 6678 6679
12070 2 2 6 1 6678 2427 6679
12071 2 2 6 1 6678 860 2427
12072 2 2 6 1 6679 2427 448
12073 2 2 6 1 389 4746 6681
12074 2 2 6 1 4746 6680 6681
12075 2 2 6 1 4746 1467 6680
12076 2 2 6 1 6681 6680 1932
12077 2 2 6 1 1467 6682 6680
12078 2 2 6 1 6682 6683 6680
12079 2 2 6 1 6682 1931 6683
12080 2 2 6 1 6680 6683 1932
12081 2 2 6 1 1467 4745 6682
12082 2 2 6 1 4745 6684 6682
12083 2 2 6 1 4745 642 6684
12084 2 2 6 1 6682 6684 1931
12085 2 2 6 1 1932 6683 6686
12086 2 2 6 1 6683 6685 6686
12087 2 2 6 1 6683 1931 6685
12088 2 2 6 1 6686 6685 749
12089 2 2 6 1 642 6687 6684
12090 2 2 6 1 6687 6688 6684
12091 2 2 6 1 6687 1933 6688
12092 2 2 6 1 6684 6688 1931
12093 2 2 6 1 1933 6689 6688
12094 2 2 6 1 6689 6690 6688
12095 2 2 6 1 6689 1934 6690
12096 2 2 6 1 6688 6690 1931
12097 2 2 6 1 1933 6691 6689
12098 2 2 6 1 6691 6692 6689
12099 2 2 6 1 6691 475 6692
12100 2 2 6 1 6689 6692 1934
12101 2 2 6 1 1931 6690 6685
12102 2 2 6 1 6690 6693 6685
12103 2 2 6 1 6690 1934 6693
12104 2 2 6 1 6685 6693 749
12105 2 2 6 1 642 4740 6687
12106 2 2 6 1 4740 6694 6687
12107 2 2 6 1 4740 1466 6694
12108 2 2 6 1 6687 6694 1933
12109 2 2 6 1 1466 6695 6694
12110 2 2 6 1 6695 6696 6694
12111 2 2 6 1 6695 848 6696
12112 2 2 6 1 6694 6696 1933
12113 2 2 6 1 1466 4739 6695
12114 2 2 6 1 4739 2377 6695
12115 2 2 6 1 4739 388 2377
12116 2 2 6 1 6695 2377 848
12117 2 2 6 1 1933 6696 6691
12118 2 2 6 1 6696 2382 6691
12119 2 2 6 1 6696 848 2382
12120 2 2 6 1 6691 2382 475
12121 2 2 6 1 749 6693 6698
12122 2 2 6 1 6693 6697 6698
12123 2 2 6 1 6693 1934 6697
12124 2 2 6 1 6698 6697 1935
12125 2 2 6 1 1934 6699 6697
12126 2 2 6 1 6699 6700 6697
12127 2 2 6 1 6699 853 6700
12128 2 2 6 1 6697 6700 1935
12129 2 2 6 1 1934 6692 6699
12130 2 2 6 1 6692 2396 6699
12131 2 2 6 1 6692 475 2396
12132 2 2 6 1 6699 2396 853
12133 2 2 6 1 1935 6700 6701
12134 2 2 6 1 6700 2401 6701
12135 2 2 6 1 6700 853 2401
12136 2 2 6 1 6701 2401 449
12137 2 2 6 1 427 6309 2445
12138 2 2 6 1 6309 6702 2445
12139 2 2 6 1 6309 1847 6702
12140 2 2 6 1 2445 6702 865
12141 2 2 6 1 1847 6703 6702
12142 2 2 6 1 6703 6704 6702
12143 2 2 6 1 6703 1936 6704
12144 2 2 6 1 6702 6704 865
12145 2 2 6 1 1847 6308 6703
12146 2 2 6 1 6308 6705 6703
12147 2 2 6 1 6308 732 6705
12148 2 2 6 1 6703 6705 1936
12149 2 2 6 1 865 6704 2446
12150 2 2 6 1 6704 6706 2446
12151 2 2 6 1 6704 1936 6706
12152 2 2 6 1 2446 6706 478
12153 2 2 6 1 732 6707 6705
12154 2 2 6 1 6707 6708 6705
12155 2 2 6 1 6707 1937 6708
12156 2 2 6 1 6705 6708 1936
12157 2 2 6 1 1937 6709 6708
12158 2 2 6 1 6709 6710 6708
12159 2 2 6 1 6709 1938 6710
12160 2 2 6 1 6708 6710 1936
12161 2 2 6 1 1937 6711 6709
12162 2 2 6 1 6711 6712 6709
12163 2 2 6 1 6711 750 6712
12164 2 2 6 1 6709 6712 1938
12165 2 2 6 1 1936 6710 6706
12166 2 2 6 1 6710 6713 6706
12167 2 2 6 1 6710 1938 6713
12168 2 2 6 1 6706 6713 478
12169 2 2 6 1 732 6304 6707
12170 2 2 6 1 6304 6714 6707
12171 2 2 6 1 6304 1846 6714
12172 2 2 6 1 6707 6714 1937
12173 2 2 6 1 1846 6715 6714
12174 2 2 6 1 6715 6716 6714
12175 2 2 6 1 6715 1939 6716
12176 2 2 6 1 6714 6716 1937
12177 2 2 6 1 1846 6303 6715
12178 2 2 6 1 6303 6717 6715
12179 2 2 6 1 6303 405 6717
12180 2 2 6 1 6715 6717 1939
12181 2 2 6 1 1937 6716 6711
12182 2 2 6 1 6716 6718 6711
12183 2 2 6 1 6716 1939 6718
12184 2 2 6 1 6711 6718 750
12185 2 2 6 1 478 6713 2451
12186 2 2 6 1 6713 6719 2451
12187 2 2 6 1 6713 1938 6719
12188 2 2 6 1 2451 6719 866
12189 2 2 6 1 1938 6720 6719
12190 2 2 6 1 6720 6721 6719
12191 2 2 6 1 6720 1940 6721
12192 2 2 6 1 6719 6721 866
12193 2 2 6 1 1938 6712 6720
12194 2 2 6 1 6712 6722 6720
12195 2 2 6 1 6712 750 6722
12196 2 2 6 1 6720 6722 1940
12197 2 2 6 1 866 6721 2452
12198 2 2 6 1 6721 6723 2452
12199 2 2 6 1 6721 1940 6723
12200 2 2 6 1 2452 6723 451
12201 2 2 6 1 429 6459 2367
12202 2 2 6 1 6459 6724 2367
12203 2 2 6 1 6459 1880 6724
12204 2 2 6 1 2367 6724 844
12205 2 2 6 1 1880 6725 6724
12206 2 2 6 1 6725 6726 6724
12207 2 2 6 1 6725 1941 6726
12208 2 2 6 1 6724 6726 844
12209 2 2 6 1 1880 6458 6725
12210 2 2 6 1 6458 6727 6725
12211 2 2 6 1 6458 738 6727
12212 2 2 6 1 6725 6727 1941
12213 2 2 6 1 844 6726 2368
12214 2 2 6 1 6726 6728 2368
12215 2 2 6 1 6726 1941 6728
12216 2 2 6 1 2368 6728 472
12217 2 2 6 1 738 6729 6727
12218 2 2 6 1 6729 6730 6727
12219 2 2 6 1 6729 1942 6730
12220 2 2 6 1 6727 6730 1941
12221 2 2 6 1 1942 6731 6730
12222 2 2 6 1 6731 6732 6730
12223 2 2 6 1 6731 1943 6732
12224 2 2 6 1 6730 6732 1941
12225 2 2 6 1 1942 6733 6731
12226 2 2 6 1 6733 6734 6731
12227 2 2 6 1 6733 751 6734
12228 2 2 6 1 6731 6734 1943
12229 2 2 6 1 1941 6732 6728
12230 2 2 6 1 6732 6735 6728
12231 2 2 6 1 6732 1943 6735
12232 2 2 6 1 6728 6735 472
12233 2 2 6 1 738 6454 6729
12234 2 2 6 1 6454 6736 6729
12235 2 2 6 1 6454 1879 6736
12236 2 2 6 1 6729 6736 1942
12237 2 2 6 1 1879 6737 6736
12238 2 2 6 1 6737 6738 6736
12239 2 2 6 1 6737 1944 6738
12240 2 2 6 1 6736 6738 1942
12241 2 2 6 1 1879 6453 6737
12242 2 2 6 1 6453 6739 6737
12243 2 2 6 1 6453 384 6739
12244 2 2 6 1 6737 6739 1944
12245 2 2 6 1 1942 6738 6733
12246 2 2 6 1 6738 6740 6733
12247 2 2 6 1 6738 1944 6740
12248 2 2 6 1 6733 6740 751
12249 2 2 6 1 472 6735 2373
12250 2 2 6 1 6735 6741 2373
12251 2 2 6 1 6735 1943 6741
12252 2 2 6 1 2373 6741 845
12253 2 2 6 1 1943 6742 6741
12254 2 2 6 1 6742 6743 6741
12255 2 2 6 1 6742 1945 6743
12256 2 2 6 1 6741 6743 845
12257 2 2 6 1 1943 6734 6742
12258 2 2 6 1 6734 6744 6742
12259 2 2 6 1 6734 751 6744
12260 2 2 6 1 6742 6744 1945
12261 2 2 6 1 845 6743 2374
12262 2 2 6 1 6743 6745 2374
12263 2 2 6 1 6743 1945 6745
12264 2 2 6 1 2374 6745 450
12265 2 2 6 1 415 4411 6747
12266 2 2 6 1 4411 6746 6747
12267 2 2 6 1 4411 1384 6746
12268 2 2 6 1 6747 6746 1947
12269 2 2 6 1 1384 6748 6746
12270 2 2 6 1 6748 6749 6746
12271 2 2 6 1 6748 1946 6749
12272 2 2 6 1 6746 6749 1947
12273 2 2 6 1 1384 4410 6748
12274 2 2 6 1 4410 6750 6748
12275 2 2 6 1 4410 622 6750
12276 2 2 6 1 6748 6750 1946
12277 2 2 6 1 1947 6749 6752
12278 2 2 6 1 6749 6751 6752
12279 2 2 6 1 6749 1946 6751
12280 2 2 6 1 6752 6751 752
12281 2 2 6 1 622 6753 6750
12282 2 2 6 1 6753 6754 6750
12283 2 2 6 1 6753 1948 6754
12284 2 2 6 1 6750 6754 1946
12285 2 2 6 1 1948 6755 6754
12286 2 2 6 1 6755 6756 6754
12287 2 2 6 1 6755 1949 6756
12288 2 2 6 1 6754 6756 1946
12289 2 2 6 1 1948 6757 6755
12290 2 2 6 1 6757 6758 6755
12291 2 2 6 1 6757 555 6758
12292 2 2 6 1 6755 6758 1949
12293 2 2 6 1 1946 6756 6751
12294 2 2 6 1 6756 6759 6751
12295 2 2 6 1 6756 1949 6759
12296 2 2 6 1 6751 6759 752
12297 2 2 6 1 622 4406 6753
12298 2 2 6 1 4406 6760 6753
12299 2 2 6 1 4406 1383 6760
12300 2 2 6 1 6753 6760 1948
12301 2 2 6 1 1383 6761 6760
12302 2 2 6 1 6761 6762 6760
12303 2 2 6 1 6761 1143 6762
12304 2 2 6 1 6760 6762 1948
12305 2 2 6 1 1383 4405 6761
12306 2 2 6 1 4405 3507 6761
12307 2 2 6 1 4405 413 3507
12308 2 2 6 1 6761 3507 1143
12309 2 2 6 1 1948 6762 6757
12310 2 2 6 1 6762 3512 6757
12311 2 2 6 1 6762 1143 3512
12312 2 2 6 1 6757 3512 555
12313 2 2 6 1 752 6759 6764
12314 2 2 6 1 6759 6763 6764
12315 2 2 6 1 6759 1949 6763
12316 2 2 6 1 6764 6763 1950
12317 2 2 6 1 1949 6765 6763
12318 2 2 6 1 6765 6766 6763
12319 2 2 6 1 6765 1148 6766
12320 2 2 6 1 6763 6766 1950
12321 2 2 6 1 1949 6758 6765
12322 2 2 6 1 6758 3526 6765
12323 2 2 6 1 6758 555 3526
12324 2 2 6 1 6765 3526 1148
12325 2 2 6 1 1950 6766 6767
12326 2 2 6 1 6766 3531 6767
12327 2 2 6 1 6766 1148 3531
12328 2 2 6 1 6767 3531 452
12329 2 2 6 1 420 4318 6769
12330 2 2 6 1 4318 6768 6769
12331 2 2 6 1 4318 1361 6768
12332 2 2 6 1 6769 6768 1952
12333 2 2 6 1 1361 6770 6768
12334 2 2 6 1 6770 6771 6768
12335 2 2 6 1 6770 1951 6771
12336 2 2 6 1 6768 6771 1952
12337 2 2 6 1 1361 4317 6770
12338 2 2 6 1 4317 6772 6770
12339 2 2 6 1 4317 616 6772
12340 2 2 6 1 6770 6772 1951
12341 2 2 6 1 1952 6771 6774
12342 2 2 6 1 6771 6773 6774
12343 2 2 6 1 6771 1951 6773
12344 2 2 6 1 6774 6773 753
12345 2 2 6 1 616 6775 6772
12346 2 2 6 1 6775 6776 6772
12347 2 2 6 1 6775 1953 6776
12348 2 2 6 1 6772 6776 1951
12349 2 2 6 1 1953 6777 6776
12350 2 2 6 1 6777 6778 6776
12351 2 2 6 1 6777 1954 6778
12352 2 2 6 1 6776 6778 1951
12353 2 2 6 1 1953 6779 6777
12354 2 2 6 1 6779 6780 6777
12355 2 2 6 1 6779 557 6780
12356 2 2 6 1 6777 6780 1954
12357 2 2 6 1 1951 6778 6773
12358 2 2 6 1 6778 6781 6773
12359 2 2 6 1 6778 1954 6781
12360 2 2 6 1 6773 6781 753
12361 2 2 6 1 616 4312 6775
12362 2 2 6 1 4312 6782 6775
12363 2 2 6 1 4312 1360 6782
12364 2 2 6 1 6775 6782 1953
12365 2 2 6 1 1360 6783 6782
12366 2 2 6 1 6783 6784 6782
12367 2 2 6 1 6783 1150 6784
12368 2 2 6 1 6782 6784 1953
12369 2 2 6 1 1360 4311 6783
12370 2 2 6 1 4311 3533 6783
12371 2 2 6 1 4311 417 3533
12372 2 2 6 1 6783 3533 1150
12373 2 2 6 1 1953 6784 6779
12374 2 2 6 1 6784 3538 6779
12375 2 2 6 1 6784 1150 3538
12376 2 2 6 1 6779 3538 557
12377 2 2 6 1 753 6781 6786
12378 2 2 6 1 6781 6785 6786
12379 2 2 6 1 6781 1954 6785
12380 2 2 6 1 6786 6785 1955
12381 2 2 6 1 1954 6787 6785
12382 2 2 6 1 6787 6788 6785
12383 2 2 6 1 6787 1155 6788
12384 2 2 6 1 6785 6788 1955
12385 2 2 6 1 1954 6780 6787
12386 2 2 6 1 6780 3552 6787
12387 2 2 6 1 6780 557 3552
12388 2 2 6 1 6787 3552 1155
12389 2 2 6 1 1955 6788 6789
12390 2 2 6 1 6788 3557 6789
12391 2 2 6 1 6788 1155 3557
12392 2 2 6 1 6789 3557 453
12393 2 2 6 1 422 5639 3471
12394 2 2 6 1 5639 6790 3471
12395 2 2 6 1 5639 1686 6790
12396 2 2 6 1 3471 6790 1132
12397 2 2 6 1 1686 6791 6790
12398 2 2 6 1 6791 6792 6790
12399 2 2 6 1 6791 1956 6792
12400 2 2 6 1 6790 6792 1132
12401 2 2 6 1 1686 5638 6791
12402 2 2 6 1 5638 6793 6791
12403 2 2 6 1 5638 695 6793
12404 2 2 6 1 6791 6793 1956
12405 2 2 6 1 1132 6792 3472
12406 2 2 6 1 6792 6794 3472
12407 2 2 6 1 6792 1956 6794
12408 2 2 6 1 3472 6794 550
12409 2 2 6 1 695 6795 6793
12410 2 2 6 1 6795 6796 6793
12411 2 2 6 1 6795 1957 6796
12412 2 2 6 1 6793 6796 1956
12413 2 2 6 1 1957 6797 6796
12414 2 2 6 1 6797 6798 6796
12415 2 2 6 1 6797 1958 6798
12416 2 2 6 1 6796 6798 1956
12417 2 2 6 1 1957 6799 6797
12418 2 2 6 1 6799 6800 6797
12419 2 2 6 1 6799 754 6800
12420 2 2 6 1 6797 6800 1958
12421 2 2 6 1 1956 6798 6794
12422 2 2 6 1 6798 6801 6794
12423 2 2 6 1 6798 1958 6801
12424 2 2 6 1 6794 6801 550
12425 2 2 6 1 695 5634 6795
12426 2 2 6 1 5634 6802 6795
12427 2 2 6 1 5634 1685 6802
12428 2 2 6 1 6795 6802 1957
12429 2 2 6 1 1685 6803 6802
12430 2 2 6 1 6803 6804 6802
12431 2 2 6 1 6803 1959 6804
12432 2 2 6 1 6802 6804 1957
12433 2 2 6 1 1685 5633 6803
12434 2 2 6 1 5633 6805 6803
12435 2 2 6 1 5633 375 6805
12436 2 2 6 1 6803 6805 1959
12437 2 2 6 1 1957 6804 6799
12438 2 2 6 1 6804 6806 6799
12439 2 2 6 1 6804 1959 6806
12440 2 2 6 1 6799 6806 754
12441 2 2 6 1 550 6801 3477
12442 2 2 6 1 6801 6807 3477
12443 2 2 6 1 6801 1958 6807
12444 2 2 6 1 3477 6807 1133
12445 2 2 6 1 1958 6808 6807
12446 2 2 6 1 6808 6809 6807
12447 2 2 6 1 6808 1960 6809
12448 2 2 6 1 6807 6809 1133
12449 2 2 6 1 1958 6800 6808
12450 2 2 6 1 6800 6810 6808
12451 2 2 6 1 6800 754 6810
12452 2 2 6 1 6808 6810 1960
12453 2 2 6 1 1133 6809 3478
12454 2 2 6 1 6809 6811 3478
12455 2 2 6 1 6809 1960 6811
12456 2 2 6 1 3478 6811 454
12457 2 2 6 1 423 6389 3497
12458 2 2 6 1 6389 6812 3497
12459 2 2 6 1 6389 1863 6812
12460 2 2 6 1 3497 6812 1139
12461 2 2 6 1 1863 6813 6812
12462 2 2 6 1 6813 6814 6812
12463 2 2 6 1 6813 1961 6814
12464 2 2 6 1 6812 6814 1139
12465 2 2 6 1 1863 6388 6813
12466 2 2 6 1 6388 6815 6813
12467 2 2 6 1 6388 734 6815
12468 2 2 6 1 6813 6815 1961
12469 2 2 6 1 1139 6814 3498
12470 2 2 6 1 6814 6816 3498
12471 2 2 6 1 6814 1961 6816
12472 2 2 6 1 3498 6816 552
12473 2 2 6 1 734 6817 6815
12474 2 2 6 1 6817 6818 6815
12475 2 2 6 1 6817 1962 6818
12476 2 2 6 1 6815 6818 1961
12477 2 2 6 1 1962 6819 6818
12478 2 2 6 1 6819 6820 6818
12479 2 2 6 1 6819 1963 6820
12480 2 2 6 1 6818 6820 1961
12481 2 2 6 1 1962 6821 6819
12482 2 2 6 1 6821 6822 6819
12483 2 2 6 1 6821 755 6822
12484 2 2 6 1 6819 6822 1963
12485 2 2 6 1 1961 6820 6816
12486 2 2 6 1 6820 6823 6816
12487 2 2 6 1 6820 1963 6823
12488 2 2 6 1 6816 6823 552
12489 2 2 6 1 734 6384 6817
12490 2 2 6 1 6384 6824 6817
12491 2 2 6 1 6384 1862 6824
12492 2 2 6 1 6817 6824 1962
12493 2 2 6 1 1862 6825 6824
12494 2 2 6 1 6825 6826 6824
12495 2 2 6 1 6825 1964 6826
12496 2 2 6 1 6824 6826 1962
12497 2 2 6 1 1862 6383 6825
12498 2 2 6 1 6383 6827 6825
12499 2 2 6 1 6383 374 6827
12500 2 2 6 1 6825 6827 1964
12501 2 2 6 1 1962 6826 6821
12502 2 2 6 1 6826 6828 6821
12503 2 2 6 1 6826 1964 6828
12504 2 2 6 1 6821 6828 755
12505 2 2 6 1 552 6823 3503
12506 2 2 6 1 6823 6829 3503
12507 2 2 6 1 6823 1963 6829
12508 2 2 6 1 3503 6829 1140
12509 2 2 6 1 1963 6830 6829
12510 2 2 6 1 6830 6831 6829
12511 2 2 6 1 6830 1965 6831
12512 2 2 6 1 6829 6831 1140
12513 2 2 6 1 1963 6822 6830
12514 2 2 6 1 6822 6832 6830
12515 2 2 6 1 6822 755 6832
12516 2 2 6 1 6830 6832 1965
12517 2 2 6 1 1140 6831 3504
12518 2 2 6 1 6831 6833 3504
12519 2 2 6 1 6831 1965 6833
12520 2 2 6 1 3504 6833 455
12521 2 2 6 1 132 192 6835
12522 2 2 6 1 192 6834 6835
12523 2 2 6 1 192 202 6834
12524 2 2 6 1 6835 6834 1967
12525 2 2 6 1 202 6836 6834
12526 2 2 6 1 6836 6837 6834
12527 2 2 6 1 6836 1966 6837
12528 2 2 6 1 6834 6837 1967
12529 2 2 6 1 202 181 6836
12530 2 2 6 1 181 6838 6836
12531 2 2 6 1 181 222 6838
12532 2 2 6 1 6836 6838 1966
12533 2 2 6 1 1967 6837 6840
12534 2 2 6 1 6837 6839 6840
12535 2 2 6 1 6837 1966 6839
12536 2 2 6 1 6840 6839 757
12537 2 2 6 1 222 6841 6838
12538 2 2 6 1 6841 6842 6838
12539 2 2 6 1 6841 1968 6842
12540 2 2 6 1 6838 6842 1966
12541 2 2 6 1 1968 6843 6842
12542 2 2 6 1 6843 6844 6842
12543 2 2 6 1 6843 1969 6844
12544 2 2 6 1 6842 6844 1966
12545 2 2 6 1 1968 6845 6843
12546 2 2 6 1 6845 6846 6843
12547 2 2 6 1 6845 756 6846
12548 2 2 6 1 6843 6846 1969
12549 2 2 6 1 1966 6844 6839
12550 2 2 6 1 6844 6847 6839
12551 2 2 6 1 6844 1969 6847
12552 2 2 6 1 6839 6847 757
12553 2 2 6 1 222 180 6841
12554 2 2 6 1 180 6848 6841
12555 2 2 6 1 180 221 6848
12556 2 2 6 1 6841 6848 1968
12557 2 2 6 1 221 6849 6848
12558 2 2 6 1 6849 6850 6848
12559 2 2 6 1 6849 1970 6850
12560 2 2 6 1 6848 6850 1968
12561 2 2 6 1 221 179 6849
12562 2 2 6 1 179 6851 6849
12563 2 2 6 1 179 223 6851
12564 2 2 6 1 6849 6851 1970
12565 2 2 6 1 1968 6850 6845
12566 2 2 6 1 6850 6852 6845
12567 2 2 6 1 6850 1970 6852
12568 2 2 6 1 6845 6852 756
12569 2 2 6 1 757 6847 6854
12570 2 2 6 1 6847 6853 6854
12571 2 2 6 1 6847 1969 6853
12572 2 2 6 1 6854 6853 1972
12573 2 2 6 1 1969 6855 6853
12574 2 2 6 1 6855 6856 6853
12575 2 2 6 1 6855 1971 6856
12576 2 2 6 1 6853 6856 1972
12577 2 2 6 1 1969 6846 6855
12578 2 2 6 1 6846 6857 6855
12579 2 2 6 1 6846 756 6857
12580 2 2 6 1 6855 6857 1971
12581 2 2 6 1 1972 6856 6859
12582 2 2 6 1 6856 6858 6859
12583 2 2 6 1 6856 1971 6858
12584 2 2 6 1 6859 6858 456
12585 2 2 6 1 212 272 6861
12586 2 2 6 1 272 6860 6861
12587 2 2 6 1 272 282 6860
12588 2 2 6 1 6861 6860 1974
12589 2 2 6 1 282 6862 6860
12590 2 2 6 1 6862 6863 6860
12591 2 2 6 1 6862 1973 6863
12592 2 2 6 1 6860 6863 1974
12593 2 2 6 1 282 261 6862
12594 2 2 6 1 261 6864 6862
12595 2 2 6 1 261 311 6864
12596 2 2 6 1 6862 6864 1973
12597 2 2 6 1 1974 6863 6866
12598 2 2 6 1 6863 6865 6866
12599 2 2 6 1 6863 1973 6865
12600 2 2 6 1 6866 6865 759
12601 2 2 6 1 311 6867 6864
12602 2 2 6 1 6867 6868 6864
12603 2 2 6 1 6867 1975 6868
12604 2 2 6 1 6864 6868 1973
12605 2 2 6 1 1975 6869 6868
12606 2 2 6 1 6869 6870 6868
12607 2 2 6 1 6869 1976 6870
12608 2 2 6 1 6868 6870 1973
12609 2 2 6 1 1975 6871 6869
12610 2 2 6 1 6871 6872 6869
12611 2 2 6 1 6871 758 6872
12612 2 2 6 1 6869 6872 1976
12613 2 2 6 1 1973 6870 6865
12614 2 2 6 1 6870 6873 6865
12615 2 2 6 1 6870 1976 6873
12616 2 2 6 1 6865 6873 759
12617 2 2 6 1 311 260 6867
12618 2 2 6 1 260 6874 6867
12619 2 2 6 1 260 301 6874
12620 2 2 6 1 6867 6874 1975
12621 2 2 6 1 301 6875 6874
12622 2 2 6 1 6875 6876 6874
12623 2 2 6 1 6875 1977 6876
12624 2 2 6 1 6874 6876 1975
12625 2 2 6 1 301 259 6875
12626 2 2 6 1 259 6877 6875
12627 2 2 6 1 259 292 6877
12628 2 2 6 1 6875 6877 1977
12629 2 2 6 1 1975 6876 6871
12630 2 2 6 1 6876 6878 6871
12631 2 2 6 1 6876 1977 6878
12632 2 2 6 1 6871 6878 758
12633 2 2 6 1 759 6873 6880
12634 2 2 6 1 6873 6879 6880
12635 2 2 6 1 6873 1976 6879
12636 2 2 6 1 6880 6879 1979
12637 2 2 6 1 1976 6881 6879
12638 2 2 6 1 6881 6882 6879
12639 2 2 6 1 6881 1978 6882
12640 2 2 6 1 6879 6882 1979
12641 2 2 6 1 1976 6872 6881
12642 2 2 6 1 6872 6883 6881
12643 2 2 6 1 6872 758 6883
12644 2 2 6 1 6881 6883 1978
12645 2 2 6 1 1979 6882 6885
12646 2 2 6 1 6882 6884 6885
12647 2 2 6 1 6882 1978 6884
12648 2 2 6 1 6885 6884 457
12649 2 2 6 1 51 112 6887
12650 2 2 6 1 112 6886 6887
12651 2 2 6 1 112 122 6886
12652 2 2 6 1 6887 6886 1981
12653 2 2 6 1 122 6888 6886
12654 2 2 6 1 6888 6889 6886
12655 2 2 6 1 6888 1980 6889
12656 2 2 6 1 6886 6889 1981
12657 2 2 6 1 122 101 6888
12658 2 2 6 1 101 6890 6888
12659 2 2 6 1 101 142 6890
12660 2 2 6 1 6888 6890 1980
12661 2 2 6 1 1981 6889 6892
12662 2 2 6 1 6889 6891 6892
12663 2 2 6 1 6889 1980 6891
12664 2 2 6 1 6892 6891 761
12665 2 2 6 1 142 6893 6890
12666 2 2 6 1 6893 6894 6890
12667 2 2 6 1 6893 1982 6894
12668 2 2 6 1 6890 6894 1980
12669 2 2 6 1 1982 6895 6894
12670 2 2 6 1 6895 6896 6894
12671 2 2 6 1 6895 1983 6896
12672 2 2 6 1 6894 6896 1980
12673 2 2 6 1 1982 6897 6895
12674 2 2 6 1 6897 6898 6895
12675 2 2 6 1 6897 760 6898
12676 2 2 6 1 6895 6898 1983
12677 2 2 6 1 1980 6896 6891
12678 2 2 6 1 6896 6899 6891
12679 2 2 6 1 6896 1983 6899
12680 2 2 6 1 6891 6899 761
12681 2 2 6 1 142 100 6893
12682 2 2 6 1 100 6900 6893
12683 2 2 6 1 100 141 6900
12684 2 2 6 1 6893 6900 1982
12685 2 2 6 1 141 6901 6900
12686 2 2 6 1 6901 6902 6900
12687 2 2 6 1 6901 1984 6902
12688 2 2 6 1 6900 6902 1982
12689 2 2 6 1 141 99 6901
12690 2 2 6 1 99 6903 6901
12691 2 2 6 1 99 143 6903
12692 2 2 6 1 6901 6903 1984
12693 2 2 6 1 1982 6902 6897
12694 2 2 6 1 6902 6904 6897
12695 2 2 6 1 6902 1984 6904
12696 2 2 6 1 6897 6904 760
12697 2 2 6 1 761 6899 6906
12698 2 2 6 1 6899 6905 6906
12699 2 2 6 1 6899 1983 6905
12700 2 2 6 1 6906 6905 1986
12701 2 2 6 1 1983 6907 6905
12702 2 2 6 1 6907 6908 6905
12703 2 2 6 1 6907 1985 6908
12704 2 2 6 1 6905 6908 1986
12705 2 2 6 1 1983 6898 6907
12706 2 2 6 1 6898 6909 6907
12707 2 2 6 1 6898 760 6909
12708 2 2 6 1 6907 6909 1985
12709 2 2 6 1 1986 6908 6911
12710 2 2 6 1 6908 6910 6911
12711 2 2 6 1 6908 1985 6910
12712 2 2 6 1 6911 6910 458
12713 2 2 6 1 71 26 6913
12714 2 2 6 1 26 6912 6913
12715 2 2 6 1 26 43 6912
12716 2 2 6 1 6913 6912 1988
12717 2 2 6 1 43 6914 6912
12718 2 2 6 1 6914 6915 6912
12719 2 2 6 1 6914 1987 6915
12720 2 2 6 1 6912 6915 1988
12721 2 2 6 1 43 25 6914
12722 2 2 6 1 25 6916 6914
12723 2 2 6 1 25 80 6916
12724 2 2 6 1 6914 6916 1987
12725 2 2 6 1 1988 6915 6918
12726 2 2 6 1 6915 6917 6918
12727 2 2 6 1 6915 1987 6917
12728 2 2 6 1 6918 6917 762
12729 2 2 6 1 80 6919 6916
12730 2 2 6 1 6919 6920 6916
12731 2 2 6 1 6919 1989 6920
12732 2 2 6 1 6916 6920 1987
12733 2 2 6 1 1989 6921 6920
12734 2 2 6 1 6921 6922 6920
12735 2 2 6 1 6921 1990 6922
12736 2 2 6 1 6920 6922 1987
12737 2 2 6 1 1989 6923 6921
12738 2 2 6 1 6923 6924 6921
12739 2 2 6 1 6923 761 6924
12740 2 2 6 1 6921 6924 1990
12741 2 2 6 1 1987 6922 6917
12742 2 2 6 1 6922 6925 6917
12743 2 2 6 1 6922 1990 6925
12744 2 2 6 1 6917 6925 762
12745 2 2 6 1 80 24 6919
12746 2 2 6 1 24 6926 6919
12747 2 2 6 1 24 52 6926
12748 2 2 6 1 6919 6926 1989
12749 2 2 6 1 52 6927 6926
12750 2 2 6 1 6927 6928 6926
12751 2 2 6 1 6927 1981 6928
12752 2 2 6 1 6926 6928 1989
12753 2 2 6 1 52 23 6927
12754 2 2 6 1 23 6887 6927
12755 2 2 6 1 23 51 6887
12756 2 2 6 1 6927 6887 1981
12757 2 2 6 1 1989 6928 6923
12758 2 2 6 1 6928 6892 6923
12759 2 2 6 1 6928 1981 6892
12760 2 2 6 1 6923 6892 761
12761 2 2 6 1 762 6925 6930
12762 2 2 6 1 6925 6929 6930
12763 2 2 6 1 6925 1990 6929
12764 2 2 6 1 6930 6929 1991
12765 2 2 6 1 1990 6931 6929
12766 2 2 6 1 6931 6932 6929
12767 2 2 6 1 6931 1986 6932
12768 2 2 6 1 6929 6932 1991
12769 2 2 6 1 1990 6924 6931
12770 2 2 6 1 6924 6906 6931
12771 2 2 6 1 6924 761 6906
12772 2 2 6 1 6931 6906 1986
12773 2 2 6 1 1991 6932 6933
12774 2 2 6 1 6932 6911 6933
12775 2 2 6 1 6932 1986 6911
12776 2 2 6 1 6933 6911 458
12777 2 2 6 1 151 106 6935
12778 2 2 6 1 106 6934 6935
12779 2 2 6 1 106 124 6934
12780 2 2 6 1 6935 6934 1993
12781 2 2 6 1 124 6936 6934
12782 2 2 6 1 6936 6937 6934
12783 2 2 6 1 6936 1992 6937
12784 2 2 6 1 6934 6937 1993
12785 2 2 6 1 124 105 6936
12786 2 2 6 1 105 6938 6936
12787 2 2 6 1 105 161 6938
12788 2 2 6 1 6936 6938 1992
12789 2 2 6 1 1993 6937 6940
12790 2 2 6 1 6937 6939 6940
12791 2 2 6 1 6937 1992 6939
12792 2 2 6 1 6940 6939 763
12793 2 2 6 1 161 6941 6938
12794 2 2 6 1 6941 6942 6938
12795 2 2 6 1 6941 1994 6942
12796 2 2 6 1 6938 6942 1992
12797 2 2 6 1 1994 6943 6942
12798 2 2 6 1 6943 6944 6942
12799 2 2 6 1 6943 1995 6944
12800 2 2 6 1 6942 6944 1992
12801 2 2 6 1 1994 6945 6943
12802 2 2 6 1 6945 6946 6943
12803 2 2 6 1 6945 757 6946
12804 2 2 6 1 6943 6946 1995
12805 2 2 6 1 1992 6944 6939
12806 2 2 6 1 6944 6947 6939
12807 2 2 6 1 6944 1995 6947
12808 2 2 6 1 6939 6947 763
12809 2 2 6 1 161 104 6941
12810 2 2 6 1 104 6948 6941
12811 2 2 6 1 104 123 6948
12812 2 2 6 1 6941 6948 1994
12813 2 2 6 1 123 6949 6948
12814 2 2 6 1 6949 6950 6948
12815 2 2 6 1 6949 1967 6950
12816 2 2 6 1 6948 6950 1994
12817 2 2 6 1 123 103 6949
12818 2 2 6 1 103 6835 6949
12819 2 2 6 1 103 132 6835
12820 2 2 6 1 6949 6835 1967
12821 2 2 6 1 1994 6950 6945
12822 2 2 6 1 6950 6840 6945
12823 2 2 6 1 6950 1967 6840
12824 2 2 6 1 6945 6840 757
12825 2 2 6 1 763 6947 6952
12826 2 2 6 1 6947 6951 6952
12827 2 2 6 1 6947 1995 6951
12828 2 2 6 1 6952 6951 1996
12829 2 2 6 1 1995 6953 6951
12830 2 2 6 1 6953 6954 6951
12831 2 2 6 1 6953 1972 6954
12832 2 2 6 1 6951 6954 1996
12833 2 2 6 1 1995 6946 6953
12834 2 2 6 1 6946 6854 6953
12835 2 2 6 1 6946 757 6854
12836 2 2 6 1 6953 6854 1972
12837 2 2 6 1 1996 6954 6955
12838 2 2 6 1 6954 6859 6955
12839 2 2 6 1 6954 1972 6859
12840 2 2 6 1 6955 6859 456
12841 2 2 6 1 231 186 6957
12842 2 2 6 1 186 6956 6957
12843 2 2 6 1 186 204 6956
12844 2 2 6 1 6957 6956 1998
12845 2 2 6 1 204 6958 6956
12846 2 2 6 1 6958 6959 6956
12847 2 2 6 1 6958 1997 6959
12848 2 2 6 1 6956 6959 1998
12849 2 2 6 1 204 185 6958
12850 2 2 6 1 185 6960 6958
12851 2 2 6 1 185 241 6960
12852 2 2 6 1 6958 6960 1997
12853 2 2 6 1 1998 6959 6962
12854 2 2 6 1 6959 6961 6962
12855 2 2 6 1 6959 1997 6961
12856 2 2 6 1 6962 6961 764
12857 2 2 6 1 241 6963 6960
12858 2 2 6 1 6963 6964 6960
12859 2 2 6 1 6963 1999 6964
12860 2 2 6 1 6960 6964 1997
12861 2 2 6 1 1999 6965 6964
12862 2 2 6 1 6965 6966 6964
12863 2 2 6 1 6965 2000 6966
12864 2 2 6 1 6964 6966 1997
12865 2 2 6 1 1999 6967 6965
12866 2 2 6 1 6967 6968 6965
12867 2 2 6 1 6967 759 6968
12868 2 2 6 1 6965 6968 2000
12869 2 2 6 1 1997 6966 6961
12870 2 2 6 1 6966 6969 6961
12871 2 2 6 1 6966 2000 6969
12872 2 2 6 1 6961 6969 764
12873 2 2 6 1 241 184 6963
12874 2 2 6 1 184 6970 6963
12875 2 2 6 1 184 203 6970
12876 2 2 6 1 6963 6970 1999
12877 2 2 6 1 203 6971 6970
12878 2 2 6 1 6971 6972 6970
12879 2 2 6 1 6971 1974 6972
12880 2 2 6 1 6970 6972 1999
12881 2 2 6 1 203 183 6971
12882 2 2 6 1 183 6861 6971
12883 2 2 6 1 183 212 6861
12884 2 2 6 1 6971 6861 1974
12885 2 2 6 1 1999 6972 6967
12886 2 2 6 1 6972 6866 6967
12887 2 2 6 1 6972 1974 6866
12888 2 2 6 1 6967 6866 759
12889 2 2 6 1 764 6969 6974
12890 2 2 6 1 6969 6973 6974
12891 2 2 6 1 6969 2000 6973
12892 2 2 6 1 6974 6973 2001
12893 2 2 6 1 2000 6975 6973
12894 2 2 6 1 6975 6976 6973
12895 2 2 6 1 6975 1979 6976
12896 2 2 6 1 6973 6976 2001
12897 2 2 6 1 2000 6968 6975
12898 2 2 6 1 6968 6880 6975
12899 2 2 6 1 6968 759 6880
12900 2 2 6 1 6975 6880 1979
12901 2 2 6 1 2001 6976 6977
12902 2 2 6 1 6976 6885 6977
12903 2 2 6 1 6976 1979 6885
12904 2 2 6 1 6977 6885 457
12905 2 2 6 1 70 21 6979
12906 2 2 6 1 21 6978 6979
12907 2 2 6 1 21 61 6978
12908 2 2 6 1 6979 6978 2003
12909 2 2 6 1 61 6980 6978
12910 2 2 6 1 6980 6981 6978
12911 2 2 6 1 6980 2002 6981
12912 2 2 6 1 6978 6981 2003
12913 2 2 6 1 61 20 6980
12914 2 2 6 1 20 6982 6980
12915 2 2 6 1 20 81 6982
12916 2 2 6 1 6980 6982 2002
12917 2 2 6 1 2003 6981 6984
12918 2 2 6 1 6981 6983 6984
12919 2 2 6 1 6981 2002 6983
12920 2 2 6 1 6984 6983 766
12921 2 2 6 1 81 6985 6982
12922 2 2 6 1 6985 6986 6982
12923 2 2 6 1 6985 2004 6986
12924 2 2 6 1 6982 6986 2002
12925 2 2 6 1 2004 6987 6986
12926 2 2 6 1 6987 6988 6986
12927 2 2 6 1 6987 2005 6988
12928 2 2 6 1 6986 6988 2002
12929 2 2 6 1 2004 6989 6987
12930 2 2 6 1 6989 6990 6987
12931 2 2 6 1 6989 765 6990
12932 2 2 6 1 6987 6990 2005
12933 2 2 6 1 2002 6988 6983
12934 2 2 6 1 6988 6991 6983
12935 2 2 6 1 6988 2005 6991
12936 2 2 6 1 6983 6991 766
12937 2 2 6 1 81 19 6985
12938 2 2 6 1 19 6992 6985
12939 2 2 6 1 19 60 6992
12940 2 2 6 1 6985 6992 2004
12941 2 2 6 1 60 6993 6992
12942 2 2 6 1 6993 6994 6992
12943 2 2 6 1 6993 2006 6994
12944 2 2 6 1 6992 6994 2004
12945 2 2 6 1 60 18 6993
12946 2 2 6 1 18 6995 6993
12947 2 2 6 1 18 32 6995
12948 2 2 6 1 6993 6995 2006
12949 2 2 6 1 2004 6994 6989
12950 2 2 6 1 6994 6996 6989
12951 2 2 6 1 6994 2006 6996
12952 2 2 6 1 6989 6996 765
12953 2 2 6 1 766 6991 6998
12954 2 2 6 1 6991 6997 6998
12955 2 2 6 1 6991 2005 6997
12956 2 2 6 1 6998 6997 2008
12957 2 2 6 1 2005 6999 6997
12958 2 2 6 1 6999 7000 6997
12959 2 2 6 1 6999 2007 7000
12960 2 2 6 1 6997 7000 2008
12961 2 2 6 1 2005 6990 6999
12962 2 2 6 1 6990 7001 6999
12963 2 2 6 1 6990 765 7001
12964 2 2 6 1 6999 7001 2007
12965 2 2 6 1 2008 7000 7003
12966 2 2 6 1 7000 7002 7003
12967 2 2 6 1 7000 2007 7002
12968 2 2 6 1 7003 7002 459
12969 2 2 6 1 310 266 7005
12970 2 2 6 1 266 7004 7005
12971 2 2 6 1 266 284 7004
12972 2 2 6 1 7005 7004 2010
12973 2 2 6 1 284 7006 7004
12974 2 2 6 1 7006 7007 7004
12975 2 2 6 1 7006 2009 7007
12976 2 2 6 1 7004 7007 2010
12977 2 2 6 1 284 265 7006
12978 2 2 6 1 265 7008 7006
12979 2 2 6 1 265 320 7008
12980 2 2 6 1 7006 7008 2009
12981 2 2 6 1 2010 7007 7010
12982 2 2 6 1 7007 7009 7010
12983 2 2 6 1 7007 2009 7009
12984 2 2 6 1 7010 7009 767
12985 2 2 6 1 320 7011 7008
12986 2 2 6 1 7011 7012 7008
12987 2 2 6 1 7011 2011 7012
12988 2 2 6 1 7008 7012 2009
12989 2 2 6 1 2011 7013 7012
12990 2 2 6 1 7013 7014 7012
12991 2 2 6 1 7013 2012 7014
12992 2 2 6 1 7012 7014 2009
12993 2 2 6 1 2011 7015 7013
12994 2 2 6 1 7015 7016 7013
12995 2 2 6 1 7015 766 7016
12996 2 2 6 1 7013 7016 2012
12997 2 2 6 1 2009 7014 7009
12998 2 2 6 1 7014 7017 7009
12999 2 2 6 1 7014 2012 7017
13000 2 2 6 1 7009 7017 767
13001 2 2 6 1 320 264 7011
13002 2 2 6 1 264 7018 7011
13003 2 2 6 1 264 283 7018
13004 2 2 6 1 7011 7018 2011
13005 2 2 6 1 283 7019 7018
13006 2 2 6 1 7019 7020 7018
13007 2 2 6 1 7019 2003 7020
13008 2 2 6 1 7018 7020 2011
13009 2 2 6 1 283 263 7019
13010 2 2 6 1 263 6979 7019
13011 2 2 6 1 263 70 6979
13012 2 2 6 1 7019 6979 2003
13013 2 2 6 1 2011 7020 7015
13014 2 2 6 1 7020 6984 7015
13015 2 2 6 1 7020 2003 6984
13016 2 2 6 1 7015 6984 766
13017 2 2 6 1 767 7017 7022
13018 2 2 6 1 7017 7021 7022
13019 2 2 6 1 7017 2012 7021
13020 2 2 6 1 7022 7021 2013
13021 2 2 6 1 2012 7023 7021
13022 2 2 6 1 7023 7024 7021
13023 2 2 6 1 7023 2008 7024
13024 2 2 6 1 7021 7024 2013
13025 2 2 6 1 2012 7016 7023
13026 2 2 6 1 7016 6998 7023
13027 2 2 6 1 7016 766 6998
13028 2 2 6 1 7023 6998 2008
13029 2 2 6 1 2013 7024 7025
13030 2 2 6 1 7024 7003 7025
13031 2 2 6 1 7024 2008 7003
13032 2 2 6 1 7025 7003 459
13033 2 2 6 1 375 3846 7027
13034 2 2 6 1 3846 7026 7027
13035 2 2 6 1 3846 1235 7026
13036 2 2 6 1 7027 7026 2015
13037 2 2 6 1 1235 7028 7026
13038 2 2 6 1 7028 7029 7026
13039 2 2 6 1 7028 2014 7029
13040 2 2 6 1 7026 7029 2015
13041 2 2 6 1 1235 3852 7028
13042 2 2 6 1 3852 7030 7028
13043 2 2 6 1 3852 581 7030
13044 2 2 6 1 7028 7030 2014
13045 2 2 6 1 2015 7029 7032
13046 2 2 6 1 7029 7031 7032
13047 2 2 6 1 7029 2014 7031
13048 2 2 6 1 7032 7031 769
13049 2 2 6 1 581 7033 7030
13050 2 2 6 1 7033 7034 7030
13051 2 2 6 1 7033 2016 7034
13052 2 2 6 1 7030 7034 2014
13053 2 2 6 1 2016 7035 7034
13054 2 2 6 1 7035 7036 7034
13055 2 2 6 1 7035 2017 7036
13056 2 2 6 1 7034 7036 2014
13057 2 2 6 1 2016 7037 7035
13058 2 2 6 1 7037 7038 7035
13059 2 2 6 1 7037 768 7038
13060 2 2 6 1 7035 7038 2017
13061 2 2 6 1 2014 7036 7031
13062 2 2 6 1 7036 7039 7031
13063 2 2 6 1 7036 2017 7039
13064 2 2 6 1 7031 7039 769
13065 2 2 6 1 581 3866 7033
13066 2 2 6 1 3866 7040 7033
13067 2 2 6 1 3866 1239 7040
13068 2 2 6 1 7033 7040 2016
13069 2 2 6 1 1239 7041 7040
13070 2 2 6 1 7041 7042 7040
13071 2 2 6 1 7041 2018 7042
13072 2 2 6 1 7040 7042 2016
13073 2 2 6 1 1239 3869 7041
13074 2 2 6 1 3869 7043 7041
13075 2 2 6 1 3869 415 7043
13076 2 2 6 1 7041 7043 2018
13077 2 2 6 1 2016 7042 7037
13078 2 2 6 1 7042 7044 7037
13079 2 2 6 1 7042 2018 7044
13080 2 2 6 1 7037 7044 768
13081 2 2 6 1 769 7039 7046
13082 2 2 6 1 7039 7045 7046
13083 2 2 6 1 7039 2017 7045
13084 2 2 6 1 7046 7045 2020
13085 2 2 6 1 2017 7047 7045
13086 2 2 6 1 7047 7048 7045
13087 2 2 6 1 7047 2019 7048
13088 2 2 6 1 7045 7048 2020
13089 2 2 6 1 2017 7038 7047
13090 2 2 6 1 7038 7049 7047
13091 2 2 6 1 7038 768 7049
13092 2 2 6 1 7047 7049 2019
13093 2 2 6 1 2020 7048 7051
13094 2 2 6 1 7048 7050 7051
13095 2 2 6 1 7048 2019 7050
13096 2 2 6 1 7051 7050 434
13097 2 2 6 1 374 6391 7053
13098 2 2 6 1 6391 7052 7053
13099 2 2 6 1 6391 1865 7052
13100 2 2 6 1 7053 7052 2022
13101 2 2 6 1 1865 7054 7052
13102 2 2 6 1 7054 7055 7052
13103 2 2 6 1 7054 2021 7055
13104 2 2 6 1 7052 7055 2022
13105 2 2 6 1 1865 6396 7054
13106 2 2 6 1 6396 7056 7054
13107 2 2 6 1 6396 735 7056
13108 2 2 6 1 7054 7056 2021
13109 2 2 6 1 2022 7055 7058
13110 2 2 6 1 7055 7057 7058
13111 2 2 6 1 7055 2021 7057
13112 2 2 6 1 7058 7057 771
13113 2 2 6 1 735 7059 7056
13114 2 2 6 1 7059 7060 7056
13115 2 2 6 1 7059 2023 7060
13116 2 2 6 1 7056 7060 2021
13117 2 2 6 1 2023 7061 7060
13118 2 2 6 1 7061 7062 7060
13119 2 2 6 1 7061 2024 7062
13120 2 2 6 1 7060 7062 2021
13121 2 2 6 1 2023 7063 7061
13122 2 2 6 1 7063 7064 7061
13123 2 2 6 1 7063 770 7064
13124 2 2 6 1 7061 7064 2024
13125 2 2 6 1 2021 7062 7057
13126 2 2 6 1 7062 7065 7057
13127 2 2 6 1 7062 2024 7065
13128 2 2 6 1 7057 7065 771
13129 2 2 6 1 735 6408 7059
13130 2 2 6 1 6408 7066 7059
13131 2 2 6 1 6408 1868 7066
13132 2 2 6 1 7059 7066 2023
13133 2 2 6 1 1868 7067 7066
13134 2 2 6 1 7067 7068 7066
13135 2 2 6 1 7067 2025 7068
13136 2 2 6 1 7066 7068 2023
13137 2 2 6 1 1868 6411 7067
13138 2 2 6 1 6411 7069 7067
13139 2 2 6 1 6411 420 7069
13140 2 2 6 1 7067 7069 2025
13141 2 2 6 1 2023 7068 7063
13142 2 2 6 1 7068 7070 7063
13143 2 2 6 1 7068 2025 7070
13144 2 2 6 1 7063 7070 770
13145 2 2 6 1 771 7065 7072
13146 2 2 6 1 7065 7071 7072
13147 2 2 6 1 7065 2024 7071
13148 2 2 6 1 7072 7071 2027
13149 2 2 6 1 2024 7073 7071
13150 2 2 6 1 7073 7074 7071
13151 2 2 6 1 7073 2026 7074
13152 2 2 6 1 7071 7074 2027
13153 2 2 6 1 2024 7064 7073
13154 2 2 6 1 7064 7075 7073
13155 2 2 6 1 7064 770 7075
13156 2 2 6 1 7073 7075 2026
13157 2 2 6 1 2027 7074 7077
13158 2 2 6 1 7074 7076 7077
13159 2 2 6 1 7074 2026 7076
13160 2 2 6 1 7077 7076 435
13161 2 2 6 1 438 7078 2627
13162 2 2 6 1 7078 7079 2627
13163 2 2 6 1 7078 2028 7079
13164 2 2 6 1 2627 7079 914
13165 2 2 6 1 2028 7080 7079
13166 2 2 6 1 7080 7081 7079
13167 2 2 6 1 7080 2029 7081
13168 2 2 6 1 7079 7081 914
13169 2 2 6 1 2028 7082 7080
13170 2 2 6 1 7082 7083 7080
13171 2 2 6 1 7082 772 7083
13172 2 2 6 1 7080 7083 2029
13173 2 2 6 1 914 7081 2628
13174 2 2 6 1 7081 7084 2628
13175 2 2 6 1 7081 2029 7084
13176 2 2 6 1 2628 7084 492
13177 2 2 6 1 772 7085 7083
13178 2 2 6 1 7085 7086 7083
13179 2 2 6 1 7085 2030 7086
13180 2 2 6 1 7083 7086 2029
13181 2 2 6 1 2030 7087 7086
13182 2 2 6 1 7087 7088 7086
13183 2 2 6 1 7087 2031 7088
13184 2 2 6 1 7086 7088 2029
13185 2 2 6 1 2030 7089 7087
13186 2 2 6 1 7089 7090 7087
13187 2 2 6 1 7089 773 7090
13188 2 2 6 1 7087 7090 2031
13189 2 2 6 1 2029 7088 7084
13190 2 2 6 1 7088 7091 7084
13191 2 2 6 1 7088 2031 7091
13192 2 2 6 1 7084 7091 492
13193 2 2 6 1 772 7092 7085
13194 2 2 6 1 7092 7093 7085
13195 2 2 6 1 7092 2032 7093
13196 2 2 6 1 7085 7093 2030
13197 2 2 6 1 2032 7094 7093
13198 2 2 6 1 7094 7095 7093
13199 2 2 6 1 7094 2033 7095
13200 2 2 6 1 7093 7095 2030
13201 2 2 6 1 2032 7096 7094
13202 2 2 6 1 7096 7097 7094
13203 2 2 6 1 7096 394 7097
13204 2 2 6 1 7094 7097 2033
13205 2 2 6 1 2030 7095 7089
13206 2 2 6 1 7095 7098 7089
13207 2 2 6 1 7095 2033 7098
13208 2 2 6 1 7089 7098 773
13209 2 2 6 1 492 7091 2633
13210 2 2 6 1 7091 7099 2633
13211 2 2 6 1 7091 2031 7099
13212 2 2 6 1 2633 7099 915
13213 2 2 6 1 2031 7100 7099
13214 2 2 6 1 7100 7101 7099
13215 2 2 6 1 7100 2034 7101
13216 2 2 6 1 7099 7101 915
13217 2 2 6 1 2031 7090 7100
13218 2 2 6 1 7090 7102 7100
13219 2 2 6 1 7090 773 7102
13220 2 2 6 1 7100 7102 2034
13221 2 2 6 1 915 7101 2634
13222 2 2 6 1 7101 7103 2634
13223 2 2 6 1 7101 2034 7103
13224 2 2 6 1 2634 7103 442
13225 2 2 6 1 382 3668 7105
13226 2 2 6 1 3668 7104 7105
13227 2 2 6 1 3668 1188 7104
13228 2 2 6 1 7105 7104 2036
13229 2 2 6 1 1188 7106 7104
13230 2 2 6 1 7106 7107 7104
13231 2 2 6 1 7106 2035 7107
13232 2 2 6 1 7104 7107 2036
13233 2 2 6 1 1188 3674 7106
13234 2 2 6 1 3674 7108 7106
13235 2 2 6 1 3674 569 7108
13236 2 2 6 1 7106 7108 2035
13237 2 2 6 1 2036 7107 7110
13238 2 2 6 1 7107 7109 7110
13239 2 2 6 1 7107 2035 7109
13240 2 2 6 1 7110 7109 774
13241 2 2 6 1 569 7111 7108
13242 2 2 6 1 7111 7112 7108
13243 2 2 6 1 7111 2037 7112
13244 2 2 6 1 7108 7112 2035
13245 2 2 6 1 2037 7113 7112
13246 2 2 6 1 7113 7114 7112
13247 2 2 6 1 7113 2038 7114
13248 2 2 6 1 7112 7114 2035
13249 2 2 6 1 2037 7115 7113
13250 2 2 6 1 7115 7116 7113
13251 2 2 6 1 7115 772 7116
13252 2 2 6 1 7113 7116 2038
13253 2 2 6 1 2035 7114 7109
13254 2 2 6 1 7114 7117 7109
13255 2 2 6 1 7114 2038 7117
13256 2 2 6 1 7109 7117 774
13257 2 2 6 1 569 3690 7111
13258 2 2 6 1 3690 7118 7111
13259 2 2 6 1 3690 1194 7118
13260 2 2 6 1 7111 7118 2037
13261 2 2 6 1 1194 7119 7118
13262 2 2 6 1 7119 7120 7118
13263 2 2 6 1 7119 2032 7120
13264 2 2 6 1 7118 7120 2037
13265 2 2 6 1 1194 3695 7119
13266 2 2 6 1 3695 7096 7119
13267 2 2 6 1 3695 394 7096
13268 2 2 6 1 7119 7096 2032
13269 2 2 6 1 2037 7120 7115
13270 2 2 6 1 7120 7092 7115
13271 2 2 6 1 7120 2032 7092
13272 2 2 6 1 7115 7092 772
13273 2 2 6 1 774 7117 7122
13274 2 2 6 1 7117 7121 7122
13275 2 2 6 1 7117 2038 7121
13276 2 2 6 1 7122 7121 2039
13277 2 2 6 1 2038 7123 7121
13278 2 2 6 1 7123 7124 7121
13279 2 2 6 1 7123 2028 7124
13280 2 2 6 1 7121 7124 2039
13281 2 2 6 1 2038 7116 7123
13282 2 2 6 1 7116 7082 7123
13283 2 2 6 1 7116 772 7082
13284 2 2 6 1 7123 7082 2028
13285 2 2 6 1 2039 7124 7125
13286 2 2 6 1 7124 7078 7125
13287 2 2 6 1 7124 2028 7078
13288 2 2 6 1 7125 7078 438
13289 2 2 6 1 385 5616 7127
13290 2 2 6 1 5616 7126 7127
13291 2 2 6 1 5616 1680 7126
13292 2 2 6 1 7127 7126 2041
13293 2 2 6 1 1680 7128 7126
13294 2 2 6 1 7128 7129 7126
13295 2 2 6 1 7128 2040 7129
13296 2 2 6 1 7126 7129 2041
13297 2 2 6 1 1680 5615 7128
13298 2 2 6 1 5615 7130 7128
13299 2 2 6 1 5615 693 7130
13300 2 2 6 1 7128 7130 2040
13301 2 2 6 1 2041 7129 7132
13302 2 2 6 1 7129 7131 7132
13303 2 2 6 1 7129 2040 7131
13304 2 2 6 1 7132 7131 776
13305 2 2 6 1 693 7133 7130
13306 2 2 6 1 7133 7134 7130
13307 2 2 6 1 7133 2042 7134
13308 2 2 6 1 7130 7134 2040
13309 2 2 6 1 2042 7135 7134
13310 2 2 6 1 7135 7136 7134
13311 2 2 6 1 7135 2043 7136
13312 2 2 6 1 7134 7136 2040
13313 2 2 6 1 2042 7137 7135
13314 2 2 6 1 7137 7138 7135
13315 2 2 6 1 7137 775 7138
13316 2 2 6 1 7135 7138 2043
13317 2 2 6 1 2040 7136 7131
13318 2 2 6 1 7136 7139 7131
13319 2 2 6 1 7136 2043 7139
13320 2 2 6 1 7131 7139 776
13321 2 2 6 1 693 5610 7133
13322 2 2 6 1 5610 7140 7133
13323 2 2 6 1 5610 1679 7140
13324 2 2 6 1 7133 7140 2042
13325 2 2 6 1 1679 7141 7140
13326 2 2 6 1 7141 7142 7140
13327 2 2 6 1 7141 2044 7142
13328 2 2 6 1 7140 7142 2042
13329 2 2 6 1 1679 5609 7141
13330 2 2 6 1 5609 7143 7141
13331 2 2 6 1 5609 383 7143
13332 2 2 6 1 7141 7143 2044
13333 2 2 6 1 2042 7142 7137
13334 2 2 6 1 7142 7144 7137
13335 2 2 6 1 7142 2044 7144
13336 2 2 6 1 7137 7144 775
13337 2 2 6 1 776 7139 7146
13338 2 2 6 1 7139 7145 7146
13339 2 2 6 1 7139 2043 7145
13340 2 2 6 1 7146 7145 2046
13341 2 2 6 1 2043 7147 7145
13342 2 2 6 1 7147 7148 7145
13343 2 2 6 1 7147 2045 7148
13344 2 2 6 1 7145 7148 2046
13345 2 2 6 1 2043 7138 7147
13346 2 2 6 1 7138 7149 7147
13347 2 2 6 1 7138 775 7149
13348 2 2 6 1 7147 7149 2045
13349 2 2 6 1 2046 7148 7151
13350 2 2 6 1 7148 7150 7151
13351 2 2 6 1 7148 2045 7150
13352 2 2 6 1 7151 7150 436
13353 2 2 6 1 436 7150 2599
13354 2 2 6 1 7150 7152 2599
13355 2 2 6 1 7150 2045 7152
13356 2 2 6 1 2599 7152 906
13357 2 2 6 1 2045 7153 7152
13358 2 2 6 1 7153 7154 7152
13359 2 2 6 1 7153 2047 7154
13360 2 2 6 1 7152 7154 906
13361 2 2 6 1 2045 7149 7153
13362 2 2 6 1 7149 7155 7153
13363 2 2 6 1 7149 775 7155
13364 2 2 6 1 7153 7155 2047
13365 2 2 6 1 906 7154 2600
13366 2 2 6 1 7154 7156 2600
13367 2 2 6 1 7154 2047 7156
13368 2 2 6 1 2600 7156 490
13369 2 2 6 1 775 7157 7155
13370 2 2 6 1 7157 7158 7155
13371 2 2 6 1 7157 2048 7158
13372 2 2 6 1 7155 7158 2047
13373 2 2 6 1 2048 7159 7158
13374 2 2 6 1 7159 7160 7158
13375 2 2 6 1 7159 2049 7160
13376 2 2 6 1 7158 7160 2047
13377 2 2 6 1 2048 7161 7159
13378 2 2 6 1 7161 7162 7159
13379 2 2 6 1 7161 777 7162
13380 2 2 6 1 7159 7162 2049
13381 2 2 6 1 2047 7160 7156
13382 2 2 6 1 7160 7163 7156
13383 2 2 6 1 7160 2049 7163
13384 2 2 6 1 7156 7163 490
13385 2 2 6 1 775 7144 7157
13386 2 2 6 1 7144 7164 7157
13387 2 2 6 1 7144 2044 7164
13388 2 2 6 1 7157 7164 2048
13389 2 2 6 1 2044 7165 7164
13390 2 2 6 1 7165 7166 7164
13391 2 2 6 1 7165 2050 7166
13392 2 2 6 1 7164 7166 2048
13393 2 2 6 1 2044 7143 7165
13394 2 2 6 1 7143 7167 7165
13395 2 2 6 1 7143 383 7167
13396 2 2 6 1 7165 7167 2050
13397 2 2 6 1 2048 7166 7161
13398 2 2 6 1 7166 7168 7161
13399 2 2 6 1 7166 2050 7168
13400 2 2 6 1 7161 7168 777
13401 2 2 6 1 490 7163 2604
13402 2 2 6 1 7163 7169 2604
13403 2 2 6 1 7163 2049 7169
13404 2 2 6 1 2604 7169 907
13405 2 2 6 1 2049 7170 7169
13406 2 2 6 1 7170 7171 7169
13407 2 2 6 1 7170 2051 7171
13408 2 2 6 1 7169 7171 907
13409 2 2 6 1 2049 7162 7170
13410 2 2 6 1 7162 7172 7170
13411 2 2 6 1 7162 777 7172
13412 2 2 6 1 7170 7172 2051
13413 2 2 6 1 907 7171 2605
13414 2 2 6 1 7171 7173 2605
13415 2 2 6 1 7171 2051 7173
13416 2 2 6 1 2605 7173 437
13417 2 2 6 1 442 7174 2505
13418 2 2 6 1 7174 7175 2505
13419 2 2 6 1 7174 2052 7175
13420 2 2 6 1 2505 7175 883
13421 2 2 6 1 2052 7176 7175
13422 2 2 6 1 7176 7177 7175
13423 2 2 6 1 7176 2053 7177
13424 2 2 6 1 7175 7177 883
13425 2 2 6 1 2052 7178 7176
13426 2 2 6 1 7178 7179 7176
13427 2 2 6 1 7178 778 7179
13428 2 2 6 1 7176 7179 2053
13429 2 2 6 1 883 7177 2506
13430 2 2 6 1 7177 7180 2506
13431 2 2 6 1 7177 2053 7180
13432 2 2 6 1 2506 7180 484
13433 2 2 6 1 778 7181 7179
13434 2 2 6 1 7181 7182 7179
13435 2 2 6 1 7181 2054 7182
13436 2 2 6 1 7179 7182 2053
13437 2 2 6 1 2054 7183 7182
13438 2 2 6 1 7183 7184 7182
13439 2 2 6 1 7183 2055 7184
13440 2 2 6 1 7182 7184 2053
13441 2 2 6 1 2054 7185 7183
13442 2 2 6 1 7185 7186 7183
13443 2 2 6 1 7185 779 7186
13444 2 2 6 1 7183 7186 2055
13445 2 2 6 1 2053 7184 7180
13446 2 2 6 1 7184 7187 7180
13447 2 2 6 1 7184 2055 7187
13448 2 2 6 1 7180 7187 484
13449 2 2 6 1 778 7188 7181
13450 2 2 6 1 7188 7189 7181
13451 2 2 6 1 7188 2056 7189
13452 2 2 6 1 7181 7189 2054
13453 2 2 6 1 2056 7190 7189
13454 2 2 6 1 7190 7191 7189
13455 2 2 6 1 7190 2057 7191
13456 2 2 6 1 7189 7191 2054
13457 2 2 6 1 2056 7192 7190
13458 2 2 6 1 7192 7193 7190
13459 2 2 6 1 7192 393 7193
13460 2 2 6 1 7190 7193 2057
13461 2 2 6 1 2054 7191 7185
13462 2 2 6 1 7191 7194 7185
13463 2 2 6 1 7191 2057 7194
13464 2 2 6 1 7185 7194 779
13465 2 2 6 1 484 7187 2511
13466 2 2 6 1 7187 7195 2511
13467 2 2 6 1 7187 2055 7195
13468 2 2 6 1 2511 7195 884
13469 2 2 6 1 2055 7196 7195
13470 2 2 6 1 7196 7197 7195
13471 2 2 6 1 7196 2058 7197
13472 2 2 6 1 7195 7197 884
13473 2 2 6 1 2055 7186 7196
13474 2 2 6 1 7186 7198 7196
13475 2 2 6 1 7186 779 7198
13476 2 2 6 1 7196 7198 2058
13477 2 2 6 1 884 7197 2512
13478 2 2 6 1 7197 7199 2512
13479 2 2 6 1 7197 2058 7199
13480 2 2 6 1 2512 7199 446
13481 2 2 6 1 383 5591 7167
13482 2 2 6 1 5591 7200 7167
13483 2 2 6 1 5591 1674 7200
13484 2 2 6 1 7167 7200 2050
13485 2 2 6 1 1674 7201 7200
13486 2 2 6 1 7201 7202 7200
13487 2 2 6 1 7201 2059 7202
13488 2 2 6 1 7200 7202 2050
13489 2 2 6 1 1674 5590 7201
13490 2 2 6 1 5590 7203 7201
13491 2 2 6 1 5590 692 7203
13492 2 2 6 1 7201 7203 2059
13493 2 2 6 1 2050 7202 7168
13494 2 2 6 1 7202 7204 7168
13495 2 2 6 1 7202 2059 7204
13496 2 2 6 1 7168 7204 777
13497 2 2 6 1 692 7205 7203
13498 2 2 6 1 7205 7206 7203
13499 2 2 6 1 7205 2060 7206
13500 2 2 6 1 7203 7206 2059
13501 2 2 6 1 2060 7207 7206
13502 2 2 6 1 7207 7208 7206
13503 2 2 6 1 7207 2061 7208
13504 2 2 6 1 7206 7208 2059
13505 2 2 6 1 2060 7209 7207
13506 2 2 6 1 7209 7210 7207
13507 2 2 6 1 7209 780 7210
13508 2 2 6 1 7207 7210 2061
13509 2 2 6 1 2059 7208 7204
13510 2 2 6 1 7208 7211 7204
13511 2 2 6 1 7208 2061 7211
13512 2 2 6 1 7204 7211 777
13513 2 2 6 1 692 5586 7205
13514 2 2 6 1 5586 7212 7205
13515 2 2 6 1 5586 1673 7212
13516 2 2 6 1 7205 7212 2060
13517 2 2 6 1 1673 7213 7212
13518 2 2 6 1 7213 7214 7212
13519 2 2 6 1 7213 2062 7214
13520 2 2 6 1 7212 7214 2060
13521 2 2 6 1 1673 5585 7213
13522 2 2 6 1 5585 7215 7213
13523 2 2 6 1 5585 382 7215
13524 2 2 6 1 7213 7215 2062
13525 2 2 6 1 2060 7214 7209
13526 2 2 6 1 7214 7216 7209
13527 2 2 6 1 7214 2062 7216
13528 2 2 6 1 7209 7216 780
13529 2 2 6 1 777 7211 7172
13530 2 2 6 1 7211 7217 7172
13531 2 2 6 1 7211 2061 7217
13532 2 2 6 1 7172 7217 2051
13533 2 2 6 1 2061 7218 7217
13534 2 2 6 1 7218 7219 7217
13535 2 2 6 1 7218 2063 7219
13536 2 2 6 1 7217 7219 2051
13537 2 2 6 1 2061 7210 7218
13538 2 2 6 1 7210 7220 7218
13539 2 2 6 1 7210 780 7220
13540 2 2 6 1 7218 7220 2063
13541 2 2 6 1 2051 7219 7173
13542 2 2 6 1 7219 7221 7173
13543 2 2 6 1 7219 2063 7221
13544 2 2 6 1 7173 7221 437
13545 2 2 6 1 394 3612 7097
13546 2 2 6 1 3612 7222 7097
13547 2 2 6 1 3612 1170 7222
13548 2 2 6 1 7097 7222 2033
13549 2 2 6 1 1170 7223 7222
13550 2 2 6 1 7223 7224 7222
13551 2 2 6 1 7223 2064 7224
13552 2 2 6 1 7222 7224 2033
13553 2 2 6 1 1170 3611 7223
13554 2 2 6 1 3611 7225 7223
13555 2 2 6 1 3611 561 7225
13556 2 2 6 1 7223 7225 2064
13557 2 2 6 1 2033 7224 7098
13558 2 2 6 1 7224 7226 7098
13559 2 2 6 1 7224 2064 7226
13560 2 2 6 1 7098 7226 773
13561 2 2 6 1 561 7227 7225
13562 2 2 6 1 7227 7228 7225
13563 2 2 6 1 7227 2065 7228
13564 2 2 6 1 7225 7228 2064
13565 2 2 6 1 2065 7229 7228
13566 2 2 6 1 7229 7230 7228
13567 2 2 6 1 7229 2066 7230
13568 2 2 6 1 7228 7230 2064
13569 2 2 6 1 2065 7231 7229
13570 2 2 6 1 7231 7232 7229
13571 2 2 6 1 7231 778 7232
13572 2 2 6 1 7229 7232 2066
13573 2 2 6 1 2064 7230 7226
13574 2 2 6 1 7230 7233 7226
13575 2 2 6 1 7230 2066 7233
13576 2 2 6 1 7226 7233 773
13577 2 2 6 1 561 3606 7227
13578 2 2 6 1 3606 7234 7227
13579 2 2 6 1 3606 1169 7234
13580 2 2 6 1 7227 7234 2065
13581 2 2 6 1 1169 7235 7234
13582 2 2 6 1 7235 7236 7234
13583 2 2 6 1 7235 2056 7236
13584 2 2 6 1 7234 7236 2065
13585 2 2 6 1 1169 3605 7235
13586 2 2 6 1 3605 7192 7235
13587 2 2 6 1 3605 393 7192
13588 2 2 6 1 7235 7192 2056
13589 2 2 6 1 2065 7236 7231
13590 2 2 6 1 7236 7188 7231
13591 2 2 6 1 7236 2056 7188
13592 2 2 6 1 7231 7188 778
13593 2 2 6 1 773 7233 7102
13594 2 2 6 1 7233 7237 7102
13595 2 2 6 1 7233 2066 7237
13596 2 2 6 1 7102 7237 2034
13597 2 2 6 1 2066 7238 7237
13598 2 2 6 1 7238 7239 7237
13599 2 2 6 1 7238 2052 7239
13600 2 2 6 1 7237 7239 2034
13601 2 2 6 1 2066 7232 7238
13602 2 2 6 1 7232 7178 7238
13603 2 2 6 1 7232 778 7178
13604 2 2 6 1 7238 7178 2052
13605 2 2 6 1 2034 7239 7103
13606 2 2 6 1 7239 7174 7103
13607 2 2 6 1 7239 2052 7174
13608 2 2 6 1 7103 7174 442
13609 2 2 6 1 437 7221 2819
13610 2 2 6 1 7221 7240 2819
13611 2 2 6 1 7221 2063 7240
13612 2 2 6 1 2819 7240 962
13613 2 2 6 1 2063 7241 7240
13614 2 2 6 1 7241 7242 7240
13615 2 2 6 1 7241 2067 7242
13616 2 2 6 1 7240 7242 962
13617 2 2 6 1 2063 7220 7241
13618 2 2 6 1 7220 7243 7241
13619 2 2 6 1 7220 780 7243
13620 2 2 6 1 7241 7243 2067
13621 2 2 6 1 962 7242 2820
13622 2 2 6 1 7242 7244 2820
13623 2 2 6 1 7242 2067 7244
13624 2 2 6 1 2820 7244 504
13625 2 2 6 1 780 7245 7243
13626 2 2 6 1 7245 7246 7243
13627 2 2 6 1 7245 2068 7246
13628 2 2 6 1 7243 7246 2067
13629 2 2 6 1 2068 7247 7246
13630 2 2 6 1 7247 7248 7246
13631 2 2 6 1 7247 2069 7248
13632 2 2 6 1 7246 7248 2067
13633 2 2 6 1 2068 7249 7247
13634 2 2 6 1 7249 7250 7247
13635 2 2 6 1 7249 774 7250
13636 2 2 6 1 7247 7250 2069
13637 2 2 6 1 2067 7248 7244
13638 2 2 6 1 7248 7251 7244
13639 2 2 6 1 7248 2069 7251
13640 2 2 6 1 7244 7251 504
13641 2 2 6 1 780 7216 7245
13642 2 2 6 1 7216 7252 7245
13643 2 2 6 1 7216 2062 7252
13644 2 2 6 1 7245 7252 2068
13645 2 2 6 1 2062 7253 7252
13646 2 2 6 1 7253 7254 7252
13647 2 2 6 1 7253 2036 7254
13648 2 2 6 1 7252 7254 2068
13649 2 2 6 1 2062 7215 7253
13650 2 2 6 1 7215 7105 7253
13651 2 2 6 1 7215 382 7105
13652 2 2 6 1 7253 7105 2036
13653 2 2 6 1 2068 7254 7249
13654 2 2 6 1 7254 7110 7249
13655 2 2 6 1 7254 2036 7110
13656 2 2 6 1 7249 7110 774
13657 2 2 6 1 504 7251 2825
13658 2 2 6 1 7251 7255 2825
13659 2 2 6 1 7251 2069 7255
13660 2 2 6 1 2825 7255 963
13661 2 2 6 1 2069 7256 7255
13662 2 2 6 1 7256 7257 7255
13663 2 2 6 1 7256 2039 7257
13664 2 2 6 1 7255 7257 963
13665 2 2 6 1 2069 7250 7256
13666 2 2 6 1 7250 7122 7256
13667 2 2 6 1 7250 774 7122
13668 2 2 6 1 7256 7122 2039
13669 2 2 6 1 963 7257 2826
13670 2 2 6 1 7257 7125 2826
13671 2 2 6 1 7257 2039 7125
13672 2 2 6 1 2826 7125 438
13673 2 2 6 1 439 7258 2773
13674 2 2 6 1 7258 7259 2773
13675 2 2 6 1 7258 2070 7259
13676 2 2 6 1 2773 7259 951
13677 2 2 6 1 2070 7260 7259
13678 2 2 6 1 7260 7261 7259
13679 2 2 6 1 7260 2071 7261
13680 2 2 6 1 7259 7261 951
13681 2 2 6 1 2070 7262 7260
13682 2 2 6 1 7262 7263 7260
13683 2 2 6 1 7262 781 7263
13684 2 2 6 1 7260 7263 2071
13685 2 2 6 1 951 7261 2774
13686 2 2 6 1 7261 7264 2774
13687 2 2 6 1 7261 2071 7264
13688 2 2 6 1 2774 7264 502
13689 2 2 6 1 781 7265 7263
13690 2 2 6 1 7265 7266 7263
13691 2 2 6 1 7265 2072 7266
13692 2 2 6 1 7263 7266 2071
13693 2 2 6 1 2072 7267 7266
13694 2 2 6 1 7267 7268 7266
13695 2 2 6 1 7267 2073 7268
13696 2 2 6 1 7266 7268 2071
13697 2 2 6 1 2072 7269 7267
13698 2 2 6 1 7269 7270 7267
13699 2 2 6 1 7269 782 7270
13700 2 2 6 1 7267 7270 2073
13701 2 2 6 1 2071 7268 7264
13702 2 2 6 1 7268 7271 7264
13703 2 2 6 1 7268 2073 7271
13704 2 2 6 1 7264 7271 502
13705 2 2 6 1 781 7272 7265
13706 2 2 6 1 7272 7273 7265
13707 2 2 6 1 7272 2074 7273
13708 2 2 6 1 7265 7273 2072
13709 2 2 6 1 2074 7274 7273
13710 2 2 6 1 7274 7275 7273
13711 2 2 6 1 7274 2075 7275
13712 2 2 6 1 7273 7275 2072
13713 2 2 6 1 2074 7276 7274
13714 2 2 6 1 7276 7277 7274
13715 2 2 6 1 7276 401 7277
13716 2 2 6 1 7274 7277 2075
13717 2 2 6 1 2072 7275 7269
13718 2 2 6 1 7275 7278 7269
13719 2 2 6 1 7275 2075 7278
13720 2 2 6 1 7269 7278 782
13721 2 2 6 1 502 7271 2778
13722 2 2 6 1 7271 7279 2778
13723 2 2 6 1 7271 2073 7279
13724 2 2 6 1 2778 7279 952
13725 2 2 6 1 2073 7280 7279
13726 2 2 6 1 7280 7281 7279
13727 2 2 6 1 7280 2076 7281
13728 2 2 6 1 7279 7281 952
13729 2 2 6 1 2073 7270 7280
13730 2 2 6 1 7270 7282 7280
13731 2 2 6 1 7270 782 7282
13732 2 2 6 1 7280 7282 2076
13733 2 2 6 1 952 7281 2779
13734 2 2 6 1 7281 7283 2779
13735 2 2 6 1 7281 2076 7283
13736 2 2 6 1 2779 7283 441
13737 2 2 6 1 402 5352 7285
13738 2 2 6 1 5352 7284 7285
13739 2 2 6 1 5352 1608 7284
13740 2 2 6 1 7285 7284 2078
13741 2 2 6 1 1608 7286 7284
13742 2 2 6 1 7286 7287 7284
13743 2 2 6 1 7286 2077 7287
13744 2 2 6 1 7284 7287 2078
13745 2 2 6 1 1608 5351 7286
13746 2 2 6 1 5351 7288 7286
13747 2 2 6 1 5351 672 7288
13748 2 2 6 1 7286 7288 2077
13749 2 2 6 1 2078 7287 7290
13750 2 2 6 1 7287 7289 7290
13751 2 2 6 1 7287 2077 7289
13752 2 2 6 1 7290 7289 783
13753 2 2 6 1 672 7291 7288
13754 2 2 6 1 7291 7292 7288
13755 2 2 6 1 7291 2079 7292
13756 2 2 6 1 7288 7292 2077
13757 2 2 6 1 2079 7293 7292
13758 2 2 6 1 7293 7294 7292
13759 2 2 6 1 7293 2080 7294
13760 2 2 6 1 7292 7294 2077
13761 2 2 6 1 2079 7295 7293
13762 2 2 6 1 7295 7296 7293
13763 2 2 6 1 7295 781 7296
13764 2 2 6 1 7293 7296 2080
13765 2 2 6 1 2077 7294 7289
13766 2 2 6 1 7294 7297 7289
13767 2 2 6 1 7294 2080 7297
13768 2 2 6 1 7289 7297 783
13769 2 2 6 1 672 5346 7291
13770 2 2 6 1 5346 7298 7291
13771 2 2 6 1 5346 1607 7298
13772 2 2 6 1 7291 7298 2079
13773 2 2 6 1 1607 7299 7298
13774 2 2 6 1 7299 7300 7298
13775 2 2 6 1 7299 2074 7300
13776 2 2 6 1 7298 7300 2079
13777 2 2 6 1 1607 5345 7299
13778 2 2 6 1 5345 7276 7299
13779 2 2 6 1 5345 401 7276
13780 2 2 6 1 7299 7276 2074
13781 2 2 6 1 2079 7300 7295
13782 2 2 6 1 7300 7272 7295
13783 2 2 6 1 7300 2074 7272
13784 2 2 6 1 7295 7272 781
13785 2 2 6 1 783 7297 7302
13786 2 2 6 1 7297 7301 7302
13787 2 2 6 1 7297 2080 7301
13788 2 2 6 1 7302 7301 2081
13789 2 2 6 1 2080 7303 7301
13790 2 2 6 1 7303 7304 7301
13791 2 2 6 1 7303 2070 7304
13792 2 2 6 1 7301 7304 2081
13793 2 2 6 1 2080 7296 7303
13794 2 2 6 1 7296 7262 7303
13795 2 2 6 1 7296 781 7262
13796 2 2 6 1 7303 7262 2070
13797 2 2 6 1 2081 7304 7305
13798 2 2 6 1 7304 7258 7305
13799 2 2 6 1 7304 2070 7258
13800 2 2 6 1 7305 7258 439
13801 2 2 6 1 402 7285 7307
13802 2 2 6 1 7285 7306 7307
13803 2 2 6 1 7285 2078 7306
13804 2 2 6 1 7307 7306 2083
13805 2 2 6 1 2078 7308 7306
13806 2 2 6 1 7308 7309 7306
13807 2 2 6 1 7308 2082 7309
13808 2 2 6 1 7306 7309 2083
13809 2 2 6 1 2078 7290 7308
13810 2 2 6 1 7290 7310 7308
13811 2 2 6 1 7290 783 7310
13812 2 2 6 1 7308 7310 2082
13813 2 2 6 1 2083 7309 7312
13814 2 2 6 1 7309 7311 7312
13815 2 2 6 1 7309 2082 7311
13816 2 2 6 1 7312 7311 784
13817 2 2 6 1 783 7313 7310
13818 2 2 6 1 7313 7314 7310
13819 2 2 6 1 7313 2084 7314
13820 2 2 6 1 7310 7314 2082
13821 2 2 6 1 2084 7315 7314
13822 2 2 6 1 7315 7316 7314
13823 2 2 6 1 7315 2085 7316
13824 2 2 6 1 7314 7316 2082
13825 2 2 6 1 2084 7317 7315
13826 2 2 6 1 7317 7318 7315
13827 2 2 6 1 7317 503 7318
13828 2 2 6 1 7315 7318 2085
13829 2 2 6 1 2082 7316 7311
13830 2 2 6 1 7316 7319 7311
13831 2 2 6 1 7316 2085 7319
13832 2 2 6 1 7311 7319 784
13833 2 2 6 1 783 7302 7313
13834 2 2 6 1 7302 7320 7313
13835 2 2 6 1 7302 2081 7320
13836 2 2 6 1 7313 7320 2084
13837 2 2 6 1 2081 7321 7320
13838 2 2 6 1 7321 7322 7320
13839 2 2 6 1 7321 954 7322
13840 2 2 6 1 7320 7322 2084
13841 2 2 6 1 2081 7305 7321
13842 2 2 6 1 7305 2781 7321
13843 2 2 6 1 7305 439 2781
13844 2 2 6 1 7321 2781 954
13845 2 2 6 1 2084 7322 7317
13846 2 2 6 1 7322 2786 7317
13847 2 2 6 1 7322 954 2786
13848 2 2 6 1 7317 2786 503
13849 2 2 6 1 784 7319 7324
13850 2 2 6 1 7319 7323 7324
13851 2 2 6 1 7319 2085 7323
13852 2 2 6 1 7324 7323 2086
13853 2 2 6 1 2085 7325 7323
13854 2 2 6 1 7325 7326 7323
13855 2 2 6 1 7325 957 7326
13856 2 2 6 1 7323 7326 2086
13857 2 2 6 1 2085 7318 7325
13858 2 2 6 1 7318 2798 7325
13859 2 2 6 1 7318 503 2798
13860 2 2 6 1 7325 2798 957
13861 2 2 6 1 2086 7326 7327
13862 2 2 6 1 7326 2801 7327
13863 2 2 6 1 7326 957 2801
13864 2 2 6 1 7327 2801 440
13865 2 2 6 1 401 5859 7277
13866 2 2 6 1 5859 7328 7277
13867 2 2 6 1 5859 1743 7328
13868 2 2 6 1 7277 7328 2075
13869 2 2 6 1 1743 7329 7328
13870 2 2 6 1 7329 7330 7328
13871 2 2 6 1 7329 2087 7330
13872 2 2 6 1 7328 7330 2075
13873 2 2 6 1 1743 5864 7329
13874 2 2 6 1 5864 7331 7329
13875 2 2 6 1 5864 710 7331
13876 2 2 6 1 7329 7331 2087
13877 2 2 6 1 2075 7330 7278
13878 2 2 6 1 7330 7332 7278
13879 2 2 6 1 7330 2087 7332
13880 2 2 6 1 7278 7332 782
13881 2 2 6 1 710 7333 7331
13882 2 2 6 1 7333 7334 7331
13883 2 2 6 1 7333 2088 7334
13884 2 2 6 1 7331 7334 2087
13885 2 2 6 1 2088 7335 7334
13886 2 2 6 1 7335 7336 7334
13887 2 2 6 1 7335 2089 7336
13888 2 2 6 1 7334 7336 2087
13889 2 2 6 1 2088 7337 7335
13890 2 2 6 1 7337 7338 7335
13891 2 2 6 1 7337 785 7338
13892 2 2 6 1 7335 7338 2089
13893 2 2 6 1 2087 7336 7332
13894 2 2 6 1 7336 7339 7332
13895 2 2 6 1 7336 2089 7339
13896 2 2 6 1 7332 7339 782
13897 2 2 6 1 710 5876 7333
13898 2 2 6 1 5876 7340 7333
13899 2 2 6 1 5876 1746 7340
13900 2 2 6 1 7333 7340 2088
13901 2 2 6 1 1746 7341 7340
13902 2 2 6 1 7341 7342 7340
13903 2 2 6 1 7341 2090 7342
13904 2 2 6 1 7340 7342 2088
13905 2 2 6 1 1746 5879 7341
13906 2 2 6 1 5879 7343 7341
13907 2 2 6 1 5879 425 7343
13908 2 2 6 1 7341 7343 2090
13909 2 2 6 1 2088 7342 7337
13910 2 2 6 1 7342 7344 7337
13911 2 2 6 1 7342 2090 7344
13912 2 2 6 1 7337 7344 785
13913 2 2 6 1 782 7339 7282
13914 2 2 6 1 7339 7345 7282
13915 2 2 6 1 7339 2089 7345
13916 2 2 6 1 7282 7345 2076
13917 2 2 6 1 2089 7346 7345
13918 2 2 6 1 7346 7347 7345
13919 2 2 6 1 7346 2091 7347
13920 2 2 6 1 7345 7347 2076
13921 2 2 6 1 2089 7338 7346
13922 2 2 6 1 7338 7348 7346
13923 2 2 6 1 7338 785 7348
13924 2 2 6 1 7346 7348 2091
13925 2 2 6 1 2076 7347 7283
13926 2 2 6 1 7347 7349 7283
13927 2 2 6 1 7347 2091 7349
13928 2 2 6 1 7283 7349 441
13929 2 2 6 1 404 6055 7351
13930 2 2 6 1 6055 7350 7351
13931 2 2 6 1 6055 1786 7350
13932 2 2 6 1 7351 7350 2093
13933 2 2 6 1 1786 7352 7350
13934 2 2 6 1 7352 7353 7350
13935 2 2 6 1 7352 2092 7353
13936 2 2 6 1 7350 7353 2093
13937 2 2 6 1 1786 6054 7352
13938 2 2 6 1 6054 7354 7352
13939 2 2 6 1 6054 718 7354
13940 2 2 6 1 7352 7354 2092
13941 2 2 6 1 2093 7353 7356
13942 2 2 6 1 7353 7355 7356
13943 2 2 6 1 7353 2092 7355
13944 2 2 6 1 7356 7355 786
13945 2 2 6 1 718 7357 7354
13946 2 2 6 1 7357 7358 7354
13947 2 2 6 1 7357 2094 7358
13948 2 2 6 1 7354 7358 2092
13949 2 2 6 1 2094 7359 7358
13950 2 2 6 1 7359 7360 7358
13951 2 2 6 1 7359 2095 7360
13952 2 2 6 1 7358 7360 2092
13953 2 2 6 1 2094 7361 7359
13954 2 2 6 1 7361 7362 7359
13955 2 2 6 1 7361 784 7362
13956 2 2 6 1 7359 7362 2095
13957 2 2 6 1 2092 7360 7355
13958 2 2 6 1 7360 7363 7355
13959 2 2 6 1 7360 2095 7363
13960 2 2 6 1 7355 7363 786
13961 2 2 6 1 718 6050 7357
13962 2 2 6 1 6050 7364 7357
13963 2 2 6 1 6050 1785 7364
13964 2 2 6 1 7357 7364 2094
13965 2 2 6 1 1785 7365 7364
13966 2 2 6 1 7365 7366 7364
13967 2 2 6 1 7365 2083 7366
13968 2 2 6 1 7364 7366 2094
13969 2 2 6 1 1785 6049 7365
13970 2 2 6 1 6049 7307 7365
13971 2 2 6 1 6049 402 7307
13972 2 2 6 1 7365 7307 2083
13973 2 2 6 1 2094 7366 7361
13974 2 2 6 1 7366 7312 7361
13975 2 2 6 1 7366 2083 7312
13976 2 2 6 1 7361 7312 784
13977 2 2 6 1 786 7363 7368
13978 2 2 6 1 7363 7367 7368
13979 2 2 6 1 7363 2095 7367
13980 2 2 6 1 7368 7367 2096
13981 2 2 6 1 2095 7369 7367
13982 2 2 6 1 7369 7370 7367
13983 2 2 6 1 7369 2086 7370
13984 2 2 6 1 7367 7370 2096
13985 2 2 6 1 2095 7362 7369
13986 2 2 6 1 7362 7324 7369
13987 2 2 6 1 7362 784 7324
13988 2 2 6 1 7369 7324 2086
13989 2 2 6 1 2096 7370 7371
13990 2 2 6 1 7370 7327 7371
13991 2 2 6 1 7370 2086 7327
13992 2 2 6 1 7371 7327 440
13993 2 2 6 1 425 5242 7373
13994 2 2 6 1 5242 7372 7373
13995 2 2 6 1 5242 1583 7372
13996 2 2 6 1 7373 7372 2098
13997 2 2 6 1 1583 7374 7372
13998 2 2 6 1 7374 7375 7372
13999 2 2 6 1 7374 2097 7375
14000 2 2 6 1 7372 7375 2098
14001 2 2 6 1 1583 5241 7374
14002 2 2 6 1 5241 7376 7374
14003 2 2 6 1 5241 667 7376
14004 2 2 6 1 7374 7376 2097
14005 2 2 6 1 2098 7375 7378
14006 2 2 6 1 7375 7377 7378
14007 2 2 6 1 7375 2097 7377
14008 2 2 6 1 7378 7377 788
14009 2 2 6 1 667 7379 7376
14010 2 2 6 1 7379 7380 7376
14011 2 2 6 1 7379 2099 7380
14012 2 2 6 1 7376 7380 2097
14013 2 2 6 1 2099 7381 7380
14014 2 2 6 1 7381 7382 7380
14015 2 2 6 1 7381 2100 7382
14016 2 2 6 1 7380 7382 2097
14017 2 2 6 1 2099 7383 7381
14018 2 2 6 1 7383 7384 7381
14019 2 2 6 1 7383 787 7384
14020 2 2 6 1 7381 7384 2100
14021 2 2 6 1 2097 7382 7377
14022 2 2 6 1 7382 7385 7377
14023 2 2 6 1 7382 2100 7385
14024 2 2 6 1 7377 7385 788
14025 2 2 6 1 667 5236 7379
14026 2 2 6 1 5236 7386 7379
14027 2 2 6 1 5236 1582 7386
14028 2 2 6 1 7379 7386 2099
14029 2 2 6 1 1582 7387 7386
14030 2 2 6 1 7387 7388 7386
14031 2 2 6 1 7387 2101 7388
14032 2 2 6 1 7386 7388 2099
14033 2 2 6 1 1582 5235 7387
14034 2 2 6 1 5235 7389 7387
14035 2 2 6 1 5235 409 7389
14036 2 2 6 1 7387 7389 2101
14037 2 2 6 1 2099 7388 7383
14038 2 2 6 1 7388 7390 7383
14039 2 2 6 1 7388 2101 7390
14040 2 2 6 1 7383 7390 787
14041 2 2 6 1 788 7385 7392
14042 2 2 6 1 7385 7391 7392
14043 2 2 6 1 7385 2100 7391
14044 2 2 6 1 7392 7391 2103
14045 2 2 6 1 2100 7393 7391
14046 2 2 6 1 7393 7394 7391
14047 2 2 6 1 7393 2102 7394
14048 2 2 6 1 7391 7394 2103
14049 2 2 6 1 2100 7384 7393
14050 2 2 6 1 7384 7395 7393
14051 2 2 6 1 7384 787 7395
14052 2 2 6 1 7393 7395 2102
14053 2 2 6 1 2103 7394 7397
14054 2 2 6 1 7394 7396 7397
14055 2 2 6 1 7394 2102 7396
14056 2 2 6 1 7397 7396 443
14057 2 2 6 1 409 4845 7399
14058 2 2 6 1 4845 7398 7399
14059 2 2 6 1 4845 1494 7398
14060 2 2 6 1 7399 7398 2105
14061 2 2 6 1 1494 7400 7398
14062 2 2 6 1 7400 7401 7398
14063 2 2 6 1 7400 2104 7401
14064 2 2 6 1 7398 7401 2105
14065 2 2 6 1 1494 4850 7400
14066 2 2 6 1 4850 7402 7400
14067 2 2 6 1 4850 651 7402
14068 2 2 6 1 7400 7402 2104
14069 2 2 6 1 2105 7401 7404
14070 2 2 6 1 7401 7403 7404
14071 2 2 6 1 7401 2104 7403
14072 2 2 6 1 7404 7403 790
14073 2 2 6 1 651 7405 7402
14074 2 2 6 1 7405 7406 7402
14075 2 2 6 1 7405 2106 7406
14076 2 2 6 1 7402 7406 2104
14077 2 2 6 1 2106 7407 7406
14078 2 2 6 1 7407 7408 7406
14079 2 2 6 1 7407 2107 7408
14080 2 2 6 1 7406 7408 2104
14081 2 2 6 1 2106 7409 7407
14082 2 2 6 1 7409 7410 7407
14083 2 2 6 1 7409 789 7410
14084 2 2 6 1 7407 7410 2107
14085 2 2 6 1 2104 7408 7403
14086 2 2 6 1 7408 7411 7403
14087 2 2 6 1 7408 2107 7411
14088 2 2 6 1 7403 7411 790
14089 2 2 6 1 651 4864 7405
14090 2 2 6 1 4864 7412 7405
14091 2 2 6 1 4864 1499 7412
14092 2 2 6 1 7405 7412 2106
14093 2 2 6 1 1499 7413 7412
14094 2 2 6 1 7413 7414 7412
14095 2 2 6 1 7413 2108 7414
14096 2 2 6 1 7412 7414 2106
14097 2 2 6 1 1499 4869 7413
14098 2 2 6 1 4869 7415 7413
14099 2 2 6 1 4869 410 7415
14100 2 2 6 1 7413 7415 2108
14101 2 2 6 1 2106 7414 7409
14102 2 2 6 1 7414 7416 7409
14103 2 2 6 1 7414 2108 7416
14104 2 2 6 1 7409 7416 789
14105 2 2 6 1 790 7411 7418
14106 2 2 6 1 7411 7417 7418
14107 2 2 6 1 7411 2107 7417
14108 2 2 6 1 7418 7417 2110
14109 2 2 6 1 2107 7419 7417
14110 2 2 6 1 7419 7420 7417
14111 2 2 6 1 7419 2109 7420
14112 2 2 6 1 7417 7420 2110
14113 2 2 6 1 2107 7410 7419
14114 2 2 6 1 7410 7421 7419
14115 2 2 6 1 7410 789 7421
14116 2 2 6 1 7419 7421 2109
14117 2 2 6 1 2110 7420 7423
14118 2 2 6 1 7420 7422 7423
14119 2 2 6 1 7420 2109 7422
14120 2 2 6 1 7423 7422 445
14121 2 2 6 1 404 7351 7425
14122 2 2 6 1 7351 7424 7425
14123 2 2 6 1 7351 2093 7424
14124 2 2 6 1 7425 7424 2112
14125 2 2 6 1 2093 7426 7424
14126 2 2 6 1 7426 7427 7424
14127 2 2 6 1 7426 2111 7427
14128 2 2 6 1 7424 7427 2112
14129 2 2 6 1 2093 7356 7426
14130 2 2 6 1 7356 7428 7426
14131 2 2 6 1 7356 786 7428
14132 2 2 6 1 7426 7428 2111
14133 2 2 6 1 2112 7427 7430
14134 2 2 6 1 7427 7429 7430
14135 2 2 6 1 7427 2111 7429
14136 2 2 6 1 7430 7429 791
14137 2 2 6 1 786 7431 7428
14138 2 2 6 1 7431 7432 7428
14139 2 2 6 1 7431 2113 7432
14140 2 2 6 1 7428 7432 2111
14141 2 2 6 1 2113 7433 7432
14142 2 2 6 1 7433 7434 7432
14143 2 2 6 1 7433 2114 7434
14144 2 2 6 1 7432 7434 2111
14145 2 2 6 1 2113 7435 7433
14146 2 2 6 1 7435 7436 7433
14147 2 2 6 1 7435 499 7436
14148 2 2 6 1 7433 7436 2114
14149 2 2 6 1 2111 7434 7429
14150 2 2 6 1 7434 7437 7429
14151 2 2 6 1 7434 2114 7437
14152 2 2 6 1 7429 7437 791
14153 2 2 6 1 786 7368 7431
14154 2 2 6 1 7368 7438 7431
14155 2 2 6 1 7368 2096 7438
14156 2 2 6 1 7431 7438 2113
14157 2 2 6 1 2096 7439 7438
14158 2 2 6 1 7439 7440 7438
14159 2 2 6 1 7439 935 7440
14160 2 2 6 1 7438 7440 2113
14161 2 2 6 1 2096 7371 7439
14162 2 2 6 1 7371 2707 7439
14163 2 2 6 1 7371 440 2707
14164 2 2 6 1 7439 2707 935
14165 2 2 6 1 2113 7440 7435
14166 2 2 6 1 7440 2712 7435
14167 2 2 6 1 7440 935 2712
14168 2 2 6 1 7435 2712 499
14169 2 2 6 1 791 7437 7442
14170 2 2 6 1 7437 7441 7442
14171 2 2 6 1 7437 2114 7441
14172 2 2 6 1 7442 7441 2115
14173 2 2 6 1 2114 7443 7441
14174 2 2 6 1 7443 7444 7441
14175 2 2 6 1 7443 940 7444
14176 2 2 6 1 7441 7444 2115
14177 2 2 6 1 2114 7436 7443
14178 2 2 6 1 7436 2726 7443
14179 2 2 6 1 7436 499 2726
14180 2 2 6 1 7443 2726 940
14181 2 2 6 1 2115 7444 7445
14182 2 2 6 1 7444 2731 7445
14183 2 2 6 1 7444 940 2731
14184 2 2 6 1 7445 2731 444
14185 2 2 6 1 393 4703 7193
14186 2 2 6 1 4703 7446 7193
14187 2 2 6 1 4703 1458 7446
14188 2 2 6 1 7193 7446 2057
14189 2 2 6 1 1458 7447 7446
14190 2 2 6 1 7447 7448 7446
14191 2 2 6 1 7447 2116 7448
14192 2 2 6 1 7446 7448 2057
14193 2 2 6 1 1458 4702 7447
14194 2 2 6 1 4702 7449 7447
14195 2 2 6 1 4702 641 7449
14196 2 2 6 1 7447 7449 2116
14197 2 2 6 1 2057 7448 7194
14198 2 2 6 1 7448 7450 7194
14199 2 2 6 1 7448 2116 7450
14200 2 2 6 1 7194 7450 779
14201 2 2 6 1 641 7451 7449
14202 2 2 6 1 7451 7452 7449
14203 2 2 6 1 7451 2117 7452
14204 2 2 6 1 7449 7452 2116
14205 2 2 6 1 2117 7453 7452
14206 2 2 6 1 7453 7454 7452
14207 2 2 6 1 7453 2118 7454
14208 2 2 6 1 7452 7454 2116
14209 2 2 6 1 2117 7455 7453
14210 2 2 6 1 7455 7456 7453
14211 2 2 6 1 7455 792 7456
14212 2 2 6 1 7453 7456 2118
14213 2 2 6 1 2116 7454 7450
14214 2 2 6 1 7454 7457 7450
14215 2 2 6 1 7454 2118 7457
14216 2 2 6 1 7450 7457 779
14217 2 2 6 1 641 4698 7451
14218 2 2 6 1 4698 7458 7451
14219 2 2 6 1 4698 1457 7458
14220 2 2 6 1 7451 7458 2117
14221 2 2 6 1 1457 7459 7458
14222 2 2 6 1 7459 7460 7458
14223 2 2 6 1 7459 2119 7460
14224 2 2 6 1 7458 7460 2117
14225 2 2 6 1 1457 4697 7459
14226 2 2 6 1 4697 7461 7459
14227 2 2 6 1 4697 391 7461
14228 2 2 6 1 7459 7461 2119
14229 2 2 6 1 2117 7460 7455
14230 2 2 6 1 7460 7462 7455
14231 2 2 6 1 7460 2119 7462
14232 2 2 6 1 7455 7462 792
14233 2 2 6 1 779 7457 7198
14234 2 2 6 1 7457 7463 7198
14235 2 2 6 1 7457 2118 7463
14236 2 2 6 1 7198 7463 2058
14237 2 2 6 1 2118 7464 7463
14238 2 2 6 1 7464 7465 7463
14239 2 2 6 1 7464 2120 7465
14240 2 2 6 1 7463 7465 2058
14241 2 2 6 1 2118 7456 7464
14242 2 2 6 1 7456 7466 7464
14243 2 2 6 1 7456 792 7466
14244 2 2 6 1 7464 7466 2120
14245 2 2 6 1 2058 7465 7199
14246 2 2 6 1 7465 7467 7199
14247 2 2 6 1 7465 2120 7467
14248 2 2 6 1 7199 7467 446
14249 2 2 6 1 406 6080 7469
14250 2 2 6 1 6080 7468 7469
14251 2 2 6 1 6080 1792 7468
14252 2 2 6 1 7469 7468 2122
14253 2 2 6 1 1792 7470 7468
14254 2 2 6 1 7470 7471 7468
14255 2 2 6 1 7470 2121 7471
14256 2 2 6 1 7468 7471 2122
14257 2 2 6 1 1792 6079 7470
14258 2 2 6 1 6079 7472 7470
14259 2 2 6 1 6079 719 7472
14260 2 2 6 1 7470 7472 2121
14261 2 2 6 1 2122 7471 7474
14262 2 2 6 1 7471 7473 7474
14263 2 2 6 1 7471 2121 7473
14264 2 2 6 1 7474 7473 793
14265 2 2 6 1 719 7475 7472
14266 2 2 6 1 7475 7476 7472
14267 2 2 6 1 7475 2123 7476
14268 2 2 6 1 7472 7476 2121
14269 2 2 6 1 2123 7477 7476
14270 2 2 6 1 7477 7478 7476
14271 2 2 6 1 7477 2124 7478
14272 2 2 6 1 7476 7478 2121
14273 2 2 6 1 2123 7479 7477
14274 2 2 6 1 7479 7480 7477
14275 2 2 6 1 7479 791 7480
14276 2 2 6 1 7477 7480 2124
14277 2 2 6 1 2121 7478 7473
14278 2 2 6 1 7478 7481 7473
14279 2 2 6 1 7478 2124 7481
14280 2 2 6 1 7473 7481 793
14281 2 2 6 1 719 6074 7475
14282 2 2 6 1 6074 7482 7475
14283 2 2 6 1 6074 1791 7482
14284 2 2 6 1 7475 7482 2123
14285 2 2 6 1 1791 7483 7482
14286 2 2 6 1 7483 7484 7482
14287 2 2 6 1 7483 2112 7484
14288 2 2 6 1 7482 7484 2123
14289 2 2 6 1 1791 6073 7483
14290 2 2 6 1 6073 7425 7483
14291 2 2 6 1 6073 404 7425
14292 2 2 6 1 7483 7425 2112
14293 2 2 6 1 2123 7484 7479
14294 2 2 6 1 7484 7430 7479
14295 2 2 6 1 7484 2112 7430
14296 2 2 6 1 7479 7430 791
14297 2 2 6 1 793 7481 7486
14298 2 2 6 1 7481 7485 7486
14299 2 2 6 1 7481 2124 7485
14300 2 2 6 1 7486 7485 2125
14301 2 2 6 1 2124 7487 7485
14302 2 2 6 1 7487 7488 7485
14303 2 2 6 1 7487 2115 7488
14304 2 2 6 1 7485 7488 2125
14305 2 2 6 1 2124 7480 7487
14306 2 2 6 1 7480 7442 7487
14307 2 2 6 1 7480 791 7442
14308 2 2 6 1 7487 7442 2115
14309 2 2 6 1 2125 7488 7489
14310 2 2 6 1 7488 7445 7489
14311 2 2 6 1 7488 2115 7445
14312 2 2 6 1 7489 7445 444
14313 2 2 6 1 443 7396 2935
14314 2 2 6 1 7396 7490 2935
14315 2 2 6 1 7396 2102 7490
14316 2 2 6 1 2935 7490 990
14317 2 2 6 1 2102 7491 7490
14318 2 2 6 1 7491 7492 7490
14319 2 2 6 1 7491 2126 7492
14320 2 2 6 1 7490 7492 990
14321 2 2 6 1 2102 7395 7491
14322 2 2 6 1 7395 7493 7491
14323 2 2 6 1 7395 787 7493
14324 2 2 6 1 7491 7493 2126
14325 2 2 6 1 990 7492 2936
14326 2 2 6 1 7492 7494 2936
14327 2 2 6 1 7492 2126 7494
14328 2 2 6 1 2936 7494 511
14329 2 2 6 1 787 7495 7493
14330 2 2 6 1 7495 7496 7493
14331 2 2 6 1 7495 2127 7496
14332 2 2 6 1 7493 7496 2126
14333 2 2 6 1 2127 7497 7496
14334 2 2 6 1 7497 7498 7496
14335 2 2 6 1 7497 2128 7498
14336 2 2 6 1 7496 7498 2126
14337 2 2 6 1 2127 7499 7497
14338 2 2 6 1 7499 7500 7497
14339 2 2 6 1 7499 790 7500
14340 2 2 6 1 7497 7500 2128
14341 2 2 6 1 2126 7498 7494
14342 2 2 6 1 7498 7501 7494
14343 2 2 6 1 7498 2128 7501
14344 2 2 6 1 7494 7501 511
14345 2 2 6 1 787 7390 7495
14346 2 2 6 1 7390 7502 7495
14347 2 2 6 1 7390 2101 7502
14348 2 2 6 1 7495 7502 2127
14349 2 2 6 1 2101 7503 7502
14350 2 2 6 1 7503 7504 7502
14351 2 2 6 1 7503 2105 7504
14352 2 2 6 1 7502 7504 2127
14353 2 2 6 1 2101 7389 7503
14354 2 2 6 1 7389 7399 7503
14355 2 2 6 1 7389 409 7399
14356 2 2 6 1 7503 7399 2105
14357 2 2 6 1 2127 7504 7499
14358 2 2 6 1 7504 7404 7499
14359 2 2 6 1 7504 2105 7404
14360 2 2 6 1 7499 7404 790
14361 2 2 6 1 511 7501 2940
14362 2 2 6 1 7501 7505 2940
14363 2 2 6 1 7501 2128 7505
14364 2 2 6 1 2940 7505 991
14365 2 2 6 1 2128 7506 7505
14366 2 2 6 1 7506 7507 7505
14367 2 2 6 1 7506 2110 7507
14368 2 2 6 1 7505 7507 991
14369 2 2 6 1 2128 7500 7506
14370 2 2 6 1 7500 7418 7506
14371 2 2 6 1 7500 790 7418
14372 2 2 6 1 7506 7418 2110
14373 2 2 6 1 991 7507 2941
14374 2 2 6 1 7507 7423 2941
14375 2 2 6 1 7507 2110 7423
14376 2 2 6 1 2941 7423 445
14377 2 2 6 1 441 7349 2887
14378 2 2 6 1 7349 7508 2887
14379 2 2 6 1 7349 2091 7508
14380 2 2 6 1 2887 7508 978
14381 2 2 6 1 2091 7509 7508
14382 2 2 6 1 7509 7510 7508
14383 2 2 6 1 7509 2129 7510
14384 2 2 6 1 7508 7510 978
14385 2 2 6 1 2091 7348 7509
14386 2 2 6 1 7348 7511 7509
14387 2 2 6 1 7348 785 7511
14388 2 2 6 1 7509 7511 2129
14389 2 2 6 1 978 7510 2888
14390 2 2 6 1 7510 7512 2888
14391 2 2 6 1 7510 2129 7512
14392 2 2 6 1 2888 7512 508
14393 2 2 6 1 785 7513 7511
14394 2 2 6 1 7513 7514 7511
14395 2 2 6 1 7513 2130 7514
14396 2 2 6 1 7511 7514 2129
14397 2 2 6 1 2130 7515 7514
14398 2 2 6 1 7515 7516 7514
14399 2 2 6 1 7515 2131 7516
14400 2 2 6 1 7514 7516 2129
14401 2 2 6 1 2130 7517 7515
14402 2 2 6 1 7517 7518 7515
14403 2 2 6 1 7517 788 7518
14404 2 2 6 1 7515 7518 2131
14405 2 2 6 1 2129 7516 7512
14406 2 2 6 1 7516 7519 7512
14407 2 2 6 1 7516 2131 7519
14408 2 2 6 1 7512 7519 508
14409 2 2 6 1 785 7344 7513
14410 2 2 6 1 7344 7520 7513
14411 2 2 6 1 7344 2090 7520
14412 2 2 6 1 7513 7520 2130
14413 2 2 6 1 2090 7521 7520
14414 2 2 6 1 7521 7522 7520
14415 2 2 6 1 7521 2098 7522
14416 2 2 6 1 7520 7522 2130
14417 2 2 6 1 2090 7343 7521
14418 2 2 6 1 7343 7373 7521
14419 2 2 6 1 7343 425 7373
14420 2 2 6 1 7521 7373 2098
14421 2 2 6 1 2130 7522 7517
14422 2 2 6 1 7522 7378 7517
14423 2 2 6 1 7522 2098 7378
14424 2 2 6 1 7517 7378 788
14425 2 2 6 1 508 7519 2892
14426 2 2 6 1 7519 7523 2892
14427 2 2 6 1 7519 2131 7523
14428 2 2 6 1 2892 7523 979
14429 2 2 6 1 2131 7524 7523
14430 2 2 6 1 7524 7525 7523
14431 2 2 6 1 7524 2103 7525
14432 2 2 6 1 7523 7525 979
14433 2 2 6 1 2131 7518 7524
14434 2 2 6 1 7518 7392 7524
14435 2 2 6 1 7518 788 7392
14436 2 2 6 1 7524 7392 2103
14437 2 2 6 1 979 7525 2893
14438 2 2 6 1 7525 7397 2893
14439 2 2 6 1 7525 2103 7397
14440 2 2 6 1 2893 7397 443
14441 2 2 6 1 391 4970 7527
14442 2 2 6 1 4970 7526 7527
14443 2 2 6 1 4970 1521 7526
14444 2 2 6 1 7527 7526 2133
14445 2 2 6 1 1521 7528 7526
14446 2 2 6 1 7528 7529 7526
14447 2 2 6 1 7528 2132 7529
14448 2 2 6 1 7526 7529 2133
14449 2 2 6 1 1521 4976 7528
14450 2 2 6 1 4976 7530 7528
14451 2 2 6 1 4976 656 7530
14452 2 2 6 1 7528 7530 2132
14453 2 2 6 1 2133 7529 7532
14454 2 2 6 1 7529 7531 7532
14455 2 2 6 1 7529 2132 7531
14456 2 2 6 1 7532 7531 795
14457 2 2 6 1 656 7533 7530
14458 2 2 6 1 7533 7534 7530
14459 2 2 6 1 7533 2134 7534
14460 2 2 6 1 7530 7534 2132
14461 2 2 6 1 2134 7535 7534
14462 2 2 6 1 7535 7536 7534
14463 2 2 6 1 7535 2135 7536
14464 2 2 6 1 7534 7536 2132
14465 2 2 6 1 2134 7537 7535
14466 2 2 6 1 7537 7538 7535
14467 2 2 6 1 7537 794 7538
14468 2 2 6 1 7535 7538 2135
14469 2 2 6 1 2132 7536 7531
14470 2 2 6 1 7536 7539 7531
14471 2 2 6 1 7536 2135 7539
14472 2 2 6 1 7531 7539 795
14473 2 2 6 1 656 4992 7533
14474 2 2 6 1 4992 7540 7533
14475 2 2 6 1 4992 1527 7540
14476 2 2 6 1 7533 7540 2134
14477 2 2 6 1 1527 7541 7540
14478 2 2 6 1 7541 7542 7540
14479 2 2 6 1 7541 2136 7542
14480 2 2 6 1 7540 7542 2134
14481 2 2 6 1 1527 4997 7541
14482 2 2 6 1 4997 7543 7541
14483 2 2 6 1 4997 392 7543
14484 2 2 6 1 7541 7543 2136
14485 2 2 6 1 2134 7542 7537
14486 2 2 6 1 7542 7544 7537
14487 2 2 6 1 7542 2136 7544
14488 2 2 6 1 7537 7544 794
14489 2 2 6 1 795 7539 7546
14490 2 2 6 1 7539 7545 7546
14491 2 2 6 1 7539 2135 7545
14492 2 2 6 1 7546 7545 2138
14493 2 2 6 1 2135 7547 7545
14494 2 2 6 1 7547 7548 7545
14495 2 2 6 1 7547 2137 7548
14496 2 2 6 1 7545 7548 2138
14497 2 2 6 1 2135 7538 7547
14498 2 2 6 1 7538 7549 7547
14499 2 2 6 1 7538 794 7549
14500 2 2 6 1 7547 7549 2137
14501 2 2 6 1 2138 7548 7551
14502 2 2 6 1 7548 7550 7551
14503 2 2 6 1 7548 2137 7550
14504 2 2 6 1 7551 7550 447
14505 2 2 6 1 446 7467 2475
14506 2 2 6 1 7467 7552 2475
14507 2 2 6 1 7467 2120 7552
14508 2 2 6 1 2475 7552 874
14509 2 2 6 1 2120 7553 7552
14510 2 2 6 1 7553 7554 7552
14511 2 2 6 1 7553 2139 7554
14512 2 2 6 1 7552 7554 874
14513 2 2 6 1 2120 7466 7553
14514 2 2 6 1 7466 7555 7553
14515 2 2 6 1 7466 792 7555
14516 2 2 6 1 7553 7555 2139
14517 2 2 6 1 874 7554 2476
14518 2 2 6 1 7554 7556 2476
14519 2 2 6 1 7554 2139 7556
14520 2 2 6 1 2476 7556 481
14521 2 2 6 1 792 7557 7555
14522 2 2 6 1 7557 7558 7555
14523 2 2 6 1 7557 2140 7558
14524 2 2 6 1 7555 7558 2139
14525 2 2 6 1 2140 7559 7558
14526 2 2 6 1 7559 7560 7558
14527 2 2 6 1 7559 2141 7560
14528 2 2 6 1 7558 7560 2139
14529 2 2 6 1 2140 7561 7559
14530 2 2 6 1 7561 7562 7559
14531 2 2 6 1 7561 795 7562
14532 2 2 6 1 7559 7562 2141
14533 2 2 6 1 2139 7560 7556
14534 2 2 6 1 7560 7563 7556
14535 2 2 6 1 7560 2141 7563
14536 2 2 6 1 7556 7563 481
14537 2 2 6 1 792 7462 7557
14538 2 2 6 1 7462 7564 7557
14539 2 2 6 1 7462 2119 7564
14540 2 2 6 1 7557 7564 2140
14541 2 2 6 1 2119 7565 7564
14542 2 2 6 1 7565 7566 7564
14543 2 2 6 1 7565 2133 7566
14544 2 2 6 1 7564 7566 2140
14545 2 2 6 1 2119 7461 7565
14546 2 2 6 1 7461 7527 7565
14547 2 2 6 1 7461 391 7527
14548 2 2 6 1 7565 7527 2133
14549 2 2 6 1 2140 7566 7561
14550 2 2 6 1 7566 7532 7561
14551 2 2 6 1 7566 2133 7532
14552 2 2 6 1 7561 7532 795
14553 2 2 6 1 481 7563 2481
14554 2 2 6 1 7563 7567 2481
14555 2 2 6 1 7563 2141 7567
14556 2 2 6 1 2481 7567 875
14557 2 2 6 1 2141 7568 7567
14558 2 2 6 1 7568 7569 7567
14559 2 2 6 1 7568 2138 7569
14560 2 2 6 1 7567 7569 875
14561 2 2 6 1 2141 7562 7568
14562 2 2 6 1 7562 7546 7568
14563 2 2 6 1 7562 795 7546
14564 2 2 6 1 7568 7546 2138
14565 2 2 6 1 875 7569 2482
14566 2 2 6 1 7569 7551 2482
14567 2 2 6 1 7569 2138 7551
14568 2 2 6 1 2482 7551 447
14569 2 2 6 1 410 4868 3041
14570 2 2 6 1 4868 7570 3041
14571 2 2 6 1 4868 1498 7570
14572 2 2 6 1 3041 7570 1019
14573 2 2 6 1 1498 7571 7570
14574 2 2 6 1 7571 7572 7570
14575 2 2 6 1 7571 2142 7572
14576 2 2 6 1 7570 7572 1019
14577 2 2 6 1 1498 4867 7571
14578 2 2 6 1 4867 7573 7571
14579 2 2 6 1 4867 650 7573
14580 2 2 6 1 7571 7573 2142
14581 2 2 6 1 1019 7572 3042
14582 2 2 6 1 7572 7574 3042
14583 2 2 6 1 7572 2142 7574
14584 2 2 6 1 3042 7574 519
14585 2 2 6 1 650 7575 7573
14586 2 2 6 1 7575 7576 7573
14587 2 2 6 1 7575 2143 7576
14588 2 2 6 1 7573 7576 2142
14589 2 2 6 1 2143 7577 7576
14590 2 2 6 1 7577 7578 7576
14591 2 2 6 1 7577 2144 7578
14592 2 2 6 1 7576 7578 2142
14593 2 2 6 1 2143 7579 7577
14594 2 2 6 1 7579 7580 7577
14595 2 2 6 1 7579 748 7580
14596 2 2 6 1 7577 7580 2144
14597 2 2 6 1 2142 7578 7574
14598 2 2 6 1 7578 7581 7574
14599 2 2 6 1 7578 2144 7581
14600 2 2 6 1 7574 7581 519
14601 2 2 6 1 650 4862 7575
14602 2 2 6 1 4862 7582 7575
14603 2 2 6 1 4862 1497 7582
14604 2 2 6 1 7575 7582 2143
14605 2 2 6 1 1497 7583 7582
14606 2 2 6 1 7583 7584 7582
14607 2 2 6 1 7583 1927 7584
14608 2 2 6 1 7582 7584 2143
14609 2 2 6 1 1497 4861 7583
14610 2 2 6 1 4861 6659 7583
14611 2 2 6 1 4861 408 6659
14612 2 2 6 1 7583 6659 1927
14613 2 2 6 1 2143 7584 7579
14614 2 2 6 1 7584 6664 7579
14615 2 2 6 1 7584 1927 6664
14616 2 2 6 1 7579 6664 748
14617 2 2 6 1 519 7581 3047
14618 2 2 6 1 7581 7585 3047
14619 2 2 6 1 7581 2144 7585
14620 2 2 6 1 3047 7585 1020
14621 2 2 6 1 2144 7586 7585
14622 2 2 6 1 7586 7587 7585
14623 2 2 6 1 7586 1930 7587
14624 2 2 6 1 7585 7587 1020
14625 2 2 6 1 2144 7580 7586
14626 2 2 6 1 7580 6676 7586
14627 2 2 6 1 7580 748 6676
14628 2 2 6 1 7586 6676 1930
14629 2 2 6 1 1020 7587 3048
14630 2 2 6 1 7587 6679 3048
14631 2 2 6 1 7587 1930 6679
14632 2 2 6 1 3048 6679 448
14633 2 2 6 1 392 4996 3071
14634 2 2 6 1 4996 7588 3071
14635 2 2 6 1 4996 1526 7588
14636 2 2 6 1 3071 7588 1028
14637 2 2 6 1 1526 7589 7588
14638 2 2 6 1 7589 7590 7588
14639 2 2 6 1 7589 2145 7590
14640 2 2 6 1 7588 7590 1028
14641 2 2 6 1 1526 4995 7589
14642 2 2 6 1 4995 7591 7589
14643 2 2 6 1 4995 655 7591
14644 2 2 6 1 7589 7591 2145
14645 2 2 6 1 1028 7590 3072
14646 2 2 6 1 7590 7592 3072
14647 2 2 6 1 7590 2145 7592
14648 2 2 6 1 3072 7592 522
14649 2 2 6 1 655 7593 7591
14650 2 2 6 1 7593 7594 7591
14651 2 2 6 1 7593 2146 7594
14652 2 2 6 1 7591 7594 2145
14653 2 2 6 1 2146 7595 7594
14654 2 2 6 1 7595 7596 7594
14655 2 2 6 1 7595 2147 7596
14656 2 2 6 1 7594 7596 2145
14657 2 2 6 1 2146 7597 7595
14658 2 2 6 1 7597 7598 7595
14659 2 2 6 1 7597 749 7598
14660 2 2 6 1 7595 7598 2147
14661 2 2 6 1 2145 7596 7592
14662 2 2 6 1 7596 7599 7592
14663 2 2 6 1 7596 2147 7599
14664 2 2 6 1 7592 7599 522
14665 2 2 6 1 655 4990 7593
14666 2 2 6 1 4990 7600 7593
14667 2 2 6 1 4990 1525 7600
14668 2 2 6 1 7593 7600 2146
14669 2 2 6 1 1525 7601 7600
14670 2 2 6 1 7601 7602 7600
14671 2 2 6 1 7601 1932 7602
14672 2 2 6 1 7600 7602 2146
14673 2 2 6 1 1525 4989 7601
14674 2 2 6 1 4989 6681 7601
14675 2 2 6 1 4989 389 6681
14676 2 2 6 1 7601 6681 1932
14677 2 2 6 1 2146 7602 7597
14678 2 2 6 1 7602 6686 7597
14679 2 2 6 1 7602 1932 6686
14680 2 2 6 1 7597 6686 749
14681 2 2 6 1 522 7599 3077
14682 2 2 6 1 7599 7603 3077
14683 2 2 6 1 7599 2147 7603
14684 2 2 6 1 3077 7603 1029
14685 2 2 6 1 2147 7604 7603
14686 2 2 6 1 7604 7605 7603
14687 2 2 6 1 7604 1935 7605
14688 2 2 6 1 7603 7605 1029
14689 2 2 6 1 2147 7598 7604
14690 2 2 6 1 7598 6698 7604
14691 2 2 6 1 7598 749 6698
14692 2 2 6 1 7604 6698 1935
14693 2 2 6 1 1029 7605 3078
14694 2 2 6 1 7605 6701 3078
14695 2 2 6 1 7605 1935 6701
14696 2 2 6 1 3078 6701 449
14697 2 2 6 1 384 5593 6739
14698 2 2 6 1 5593 7606 6739
14699 2 2 6 1 5593 1676 7606
14700 2 2 6 1 6739 7606 1944
14701 2 2 6 1 1676 7607 7606
14702 2 2 6 1 7607 7608 7606
14703 2 2 6 1 7607 2148 7608
14704 2 2 6 1 7606 7608 1944
14705 2 2 6 1 1676 5598 7607
14706 2 2 6 1 5598 7609 7607
14707 2 2 6 1 5598 694 7609
14708 2 2 6 1 7607 7609 2148
14709 2 2 6 1 1944 7608 6740
14710 2 2 6 1 7608 7610 6740
14711 2 2 6 1 7608 2148 7610
14712 2 2 6 1 6740 7610 751
14713 2 2 6 1 694 7611 7609
14714 2 2 6 1 7611 7612 7609
14715 2 2 6 1 7611 2149 7612
14716 2 2 6 1 7609 7612 2148
14717 2 2 6 1 2149 7613 7612
14718 2 2 6 1 7613 7614 7612
14719 2 2 6 1 7613 2150 7614
14720 2 2 6 1 7612 7614 2148
14721 2 2 6 1 2149 7615 7613
14722 2 2 6 1 7615 7616 7613
14723 2 2 6 1 7615 526 7616
14724 2 2 6 1 7613 7616 2150
14725 2 2 6 1 2148 7614 7610
14726 2 2 6 1 7614 7617 7610
14727 2 2 6 1 7614 2150 7617
14728 2 2 6 1 7610 7617 751
14729 2 2 6 1 694 5612 7611
14730 2 2 6 1 5612 7618 7611
14731 2 2 6 1 5612 1681 7618
14732 2 2 6 1 7611 7618 2149
14733 2 2 6 1 1681 7619 7618
14734 2 2 6 1 7619 7620 7618
14735 2 2 6 1 7619 1033 7620
14736 2 2 6 1 7618 7620 2149
14737 2 2 6 1 1681 5617 7619
14738 2 2 6 1 5617 3082 7619
14739 2 2 6 1 5617 385 3082
14740 2 2 6 1 7619 3082 1033
14741 2 2 6 1 2149 7620 7615
14742 2 2 6 1 7620 3088 7615
14743 2 2 6 1 7620 1033 3088
14744 2 2 6 1 7615 3088 526
14745 2 2 6 1 751 7617 6744
14746 2 2 6 1 7617 7621 6744
14747 2 2 6 1 7617 2150 7621
14748 2 2 6 1 6744 7621 1945
14749 2 2 6 1 2150 7622 7621
14750 2 2 6 1 7622 7623 7621
14751 2 2 6 1 7622 1039 7623
14752 2 2 6 1 7621 7623 1945
14753 2 2 6 1 2150 7616 7622
14754 2 2 6 1 7616 3104 7622
14755 2 2 6 1 7616 526 3104
14756 2 2 6 1 7622 3104 1039
14757 2 2 6 1 1945 7623 6745
14758 2 2 6 1 7623 3109 6745
14759 2 2 6 1 7623 1039 3109
14760 2 2 6 1 6745 3109 450
14761 2 2 6 1 405 6057 6717
14762 2 2 6 1 6057 7624 6717
14763 2 2 6 1 6057 1788 7624
14764 2 2 6 1 6717 7624 1939
14765 2 2 6 1 1788 7625 7624
14766 2 2 6 1 7625 7626 7624
14767 2 2 6 1 7625 2151 7626
14768 2 2 6 1 7624 7626 1939
14769 2 2 6 1 1788 6062 7625
14770 2 2 6 1 6062 7627 7625
14771 2 2 6 1 6062 720 7627
14772 2 2 6 1 7625 7627 2151
14773 2 2 6 1 1939 7626 6718
14774 2 2 6 1 7626 7628 6718
14775 2 2 6 1 7626 2151 7628
14776 2 2 6 1 6718 7628 750
14777 2 2 6 1 720 7629 7627
14778 2 2 6 1 7629 7630 7627
14779 2 2 6 1 7629 2152 7630
14780 2 2 6 1 7627 7630 2151
14781 2 2 6 1 2152 7631 7630
14782 2 2 6 1 7631 7632 7630
14783 2 2 6 1 7631 2153 7632
14784 2 2 6 1 7630 7632 2151
14785 2 2 6 1 2152 7633 7631
14786 2 2 6 1 7633 7634 7631
14787 2 2 6 1 7633 529 7634
14788 2 2 6 1 7631 7634 2153
14789 2 2 6 1 2151 7632 7628
14790 2 2 6 1 7632 7635 7628
14791 2 2 6 1 7632 2153 7635
14792 2 2 6 1 7628 7635 750
14793 2 2 6 1 720 6076 7629
14794 2 2 6 1 6076 7636 7629
14795 2 2 6 1 6076 1793 7636
14796 2 2 6 1 7629 7636 2152
14797 2 2 6 1 1793 7637 7636
14798 2 2 6 1 7637 7638 7636
14799 2 2 6 1 7637 1042 7638
14800 2 2 6 1 7636 7638 2152
14801 2 2 6 1 1793 6081 7637
14802 2 2 6 1 6081 3112 7637
14803 2 2 6 1 6081 406 3112
14804 2 2 6 1 7637 3112 1042
14805 2 2 6 1 2152 7638 7633
14806 2 2 6 1 7638 3118 7633
14807 2 2 6 1 7638 1042 3118
14808 2 2 6 1 7633 3118 529
14809 2 2 6 1 750 7635 6722
14810 2 2 6 1 7635 7639 6722
14811 2 2 6 1 7635 2153 7639
14812 2 2 6 1 6722 7639 1940
14813 2 2 6 1 2153 7640 7639
14814 2 2 6 1 7640 7641 7639
14815 2 2 6 1 7640 1048 7641
14816 2 2 6 1 7639 7641 1940
14817 2 2 6 1 2153 7634 7640
14818 2 2 6 1 7634 3134 7640
14819 2 2 6 1 7634 529 3134
14820 2 2 6 1 7640 3134 1048
14821 2 2 6 1 1940 7641 6723
14822 2 2 6 1 7641 3139 6723
14823 2 2 6 1 7641 1048 3139
14824 2 2 6 1 6723 3139 451
14825 2 2 6 1 432 6536 7643
14826 2 2 6 1 6536 7642 7643
14827 2 2 6 1 6536 1900 7642
14828 2 2 6 1 7643 7642 2155
14829 2 2 6 1 1900 7644 7642
14830 2 2 6 1 7644 7645 7642
14831 2 2 6 1 7644 2154 7645
14832 2 2 6 1 7642 7645 2155
14833 2 2 6 1 1900 6535 7644
14834 2 2 6 1 6535 7646 7644
14835 2 2 6 1 6535 743 7646
14836 2 2 6 1 7644 7646 2154
14837 2 2 6 1 2155 7645 7648
14838 2 2 6 1 7645 7647 7648
14839 2 2 6 1 7645 2154 7647
14840 2 2 6 1 7648 7647 796
14841 2 2 6 1 743 7649 7646
14842 2 2 6 1 7649 7650 7646
14843 2 2 6 1 7649 2156 7650
14844 2 2 6 1 7646 7650 2154
14845 2 2 6 1 2156 7651 7650
14846 2 2 6 1 7651 7652 7650
14847 2 2 6 1 7651 2157 7652
14848 2 2 6 1 7650 7652 2154
14849 2 2 6 1 2156 7653 7651
14850 2 2 6 1 7653 7654 7651
14851 2 2 6 1 7653 767 7654
14852 2 2 6 1 7651 7654 2157
14853 2 2 6 1 2154 7652 7647
14854 2 2 6 1 7652 7655 7647
14855 2 2 6 1 7652 2157 7655
14856 2 2 6 1 7647 7655 796
14857 2 2 6 1 743 6530 7649
14858 2 2 6 1 6530 7656 7649
14859 2 2 6 1 6530 1899 7656
14860 2 2 6 1 7649 7656 2156
14861 2 2 6 1 1899 7657 7656
14862 2 2 6 1 7657 7658 7656
14863 2 2 6 1 7657 2010 7658
14864 2 2 6 1 7656 7658 2156
14865 2 2 6 1 1899 6529 7657
14866 2 2 6 1 6529 7005 7657
14867 2 2 6 1 6529 310 7005
14868 2 2 6 1 7657 7005 2010
14869 2 2 6 1 2156 7658 7653
14870 2 2 6 1 7658 7010 7653
14871 2 2 6 1 7658 2010 7010
14872 2 2 6 1 7653 7010 767
14873 2 2 6 1 796 7655 7660
14874 2 2 6 1 7655 7659 7660
14875 2 2 6 1 7655 2157 7659
14876 2 2 6 1 7660 7659 2158
14877 2 2 6 1 2157 7661 7659
14878 2 2 6 1 7661 7662 7659
14879 2 2 6 1 7661 2013 7662
14880 2 2 6 1 7659 7662 2158
14881 2 2 6 1 2157 7654 7661
14882 2 2 6 1 7654 7022 7661
14883 2 2 6 1 7654 767 7022
14884 2 2 6 1 7661 7022 2013
14885 2 2 6 1 2158 7662 7663
14886 2 2 6 1 7662 7025 7663
14887 2 2 6 1 7662 2013 7025
14888 2 2 6 1 7663 7025 459
14889 2 2 6 1 143 6539 6903
14890 2 2 6 1 6539 7664 6903
14891 2 2 6 1 6539 1903 7664
14892 2 2 6 1 6903 7664 1984
14893 2 2 6 1 1903 7665 7664
14894 2 2 6 1 7665 7666 7664
14895 2 2 6 1 7665 2159 7666
14896 2 2 6 1 7664 7666 1984
14897 2 2 6 1 1903 6544 7665
14898 2 2 6 1 6544 7667 7665
14899 2 2 6 1 6544 746 7667
14900 2 2 6 1 7665 7667 2159
14901 2 2 6 1 1984 7666 6904
14902 2 2 6 1 7666 7668 6904
14903 2 2 6 1 7666 2159 7668
14904 2 2 6 1 6904 7668 760
14905 2 2 6 1 746 7669 7667
14906 2 2 6 1 7669 7670 7667
14907 2 2 6 1 7669 2160 7670
14908 2 2 6 1 7667 7670 2159
14909 2 2 6 1 2160 7671 7670
14910 2 2 6 1 7671 7672 7670
14911 2 2 6 1 7671 2161 7672
14912 2 2 6 1 7670 7672 2159
14913 2 2 6 1 2160 7673 7671
14914 2 2 6 1 7673 7674 7671
14915 2 2 6 1 7673 797 7674
14916 2 2 6 1 7671 7674 2161
14917 2 2 6 1 2159 7672 7668
14918 2 2 6 1 7672 7675 7668
14919 2 2 6 1 7672 2161 7675
14920 2 2 6 1 7668 7675 760
14921 2 2 6 1 746 6558 7669
14922 2 2 6 1 6558 7676 7669
14923 2 2 6 1 6558 1908 7676
14924 2 2 6 1 7669 7676 2160
14925 2 2 6 1 1908 7677 7676
14926 2 2 6 1 7677 7678 7676
14927 2 2 6 1 7677 2162 7678
14928 2 2 6 1 7676 7678 2160
14929 2 2 6 1 1908 6563 7677
14930 2 2 6 1 6563 7679 7677
14931 2 2 6 1 6563 433 7679
14932 2 2 6 1 7677 7679 2162
14933 2 2 6 1 2160 7678 7673
14934 2 2 6 1 7678 7680 7673
14935 2 2 6 1 7678 2162 7680
14936 2 2 6 1 7673 7680 797
14937 2 2 6 1 760 7675 6909
14938 2 2 6 1 7675 7681 6909
14939 2 2 6 1 7675 2161 7681
14940 2 2 6 1 6909 7681 1985
14941 2 2 6 1 2161 7682 7681
14942 2 2 6 1 7682 7683 7681
14943 2 2 6 1 7682 2163 7683
14944 2 2 6 1 7681 7683 1985
14945 2 2 6 1 2161 7674 7682
14946 2 2 6 1 7674 7684 7682
14947 2 2 6 1 7674 797 7684
14948 2 2 6 1 7682 7684 2163
14949 2 2 6 1 1985 7683 6910
14950 2 2 6 1 7683 7685 6910
14951 2 2 6 1 7683 2163 7685
14952 2 2 6 1 6910 7685 458
14953 2 2 6 1 223 6461 6851
14954 2 2 6 1 6461 7686 6851
14955 2 2 6 1 6461 1882 7686
14956 2 2 6 1 6851 7686 1970
14957 2 2 6 1 1882 7687 7686
14958 2 2 6 1 7687 7688 7686
14959 2 2 6 1 7687 2164 7688
14960 2 2 6 1 7686 7688 1970
14961 2 2 6 1 1882 6466 7687
14962 2 2 6 1 6466 7689 7687
14963 2 2 6 1 6466 740 7689
14964 2 2 6 1 7687 7689 2164
14965 2 2 6 1 1970 7688 6852
14966 2 2 6 1 7688 7690 6852
14967 2 2 6 1 7688 2164 7690
14968 2 2 6 1 6852 7690 756
14969 2 2 6 1 740 7691 7689
14970 2 2 6 1 7691 7692 7689
14971 2 2 6 1 7691 2165 7692
14972 2 2 6 1 7689 7692 2164
14973 2 2 6 1 2165 7693 7692
14974 2 2 6 1 7693 7694 7692
14975 2 2 6 1 7693 2166 7694
14976 2 2 6 1 7692 7694 2164
14977 2 2 6 1 2165 7695 7693
14978 2 2 6 1 7695 7696 7693
14979 2 2 6 1 7695 798 7696
14980 2 2 6 1 7693 7696 2166
14981 2 2 6 1 2164 7694 7690
14982 2 2 6 1 7694 7697 7690
14983 2 2 6 1 7694 2166 7697
14984 2 2 6 1 7690 7697 756
14985 2 2 6 1 740 6480 7691
14986 2 2 6 1 6480 7698 7691
14987 2 2 6 1 6480 1887 7698
14988 2 2 6 1 7691 7698 2165
14989 2 2 6 1 1887 7699 7698
14990 2 2 6 1 7699 7700 7698
14991 2 2 6 1 7699 2167 7700
14992 2 2 6 1 7698 7700 2165
14993 2 2 6 1 1887 6485 7699
14994 2 2 6 1 6485 7701 7699
14995 2 2 6 1 6485 430 7701
14996 2 2 6 1 7699 7701 2167
14997 2 2 6 1 2165 7700 7695
14998 2 2 6 1 7700 7702 7695
14999 2 2 6 1 7700 2167 7702
15000 2 2 6 1 7695 7702 798
15001 2 2 6 1 756 7697 6857
15002 2 2 6 1 7697 7703 6857
15003 2 2 6 1 7697 2166 7703
15004 2 2 6 1 6857 7703 1971
15005 2 2 6 1 2166 7704 7703
15006 2 2 6 1 7704 7705 7703
15007 2 2 6 1 7704 2168 7705
15008 2 2 6 1 7703 7705 1971
15009 2 2 6 1 2166 7696 7704
15010 2 2 6 1 7696 7706 7704
15011 2 2 6 1 7696 798 7706
15012 2 2 6 1 7704 7706 2168
15013 2 2 6 1 1971 7705 6858
15014 2 2 6 1 7705 7707 6858
15015 2 2 6 1 7705 2168 7707
15016 2 2 6 1 6858 7707 456
15017 2 2 6 1 292 6487 6877
15018 2 2 6 1 6487 7708 6877
15019 2 2 6 1 6487 1889 7708
15020 2 2 6 1 6877 7708 1977
15021 2 2 6 1 1889 7709 7708
15022 2 2 6 1 7709 7710 7708
15023 2 2 6 1 7709 2169 7710
15024 2 2 6 1 7708 7710 1977
15025 2 2 6 1 1889 6492 7709
15026 2 2 6 1 6492 7711 7709
15027 2 2 6 1 6492 742 7711
15028 2 2 6 1 7709 7711 2169
15029 2 2 6 1 1977 7710 6878
15030 2 2 6 1 7710 7712 6878
15031 2 2 6 1 7710 2169 7712
15032 2 2 6 1 6878 7712 758
15033 2 2 6 1 742 7713 7711
15034 2 2 6 1 7713 7714 7711
15035 2 2 6 1 7713 2170 7714
15036 2 2 6 1 7711 7714 2169
15037 2 2 6 1 2170 7715 7714
15038 2 2 6 1 7715 7716 7714
15039 2 2 6 1 7715 2171 7716
15040 2 2 6 1 7714 7716 2169
15041 2 2 6 1 2170 7717 7715
15042 2 2 6 1 7717 7718 7715
15043 2 2 6 1 7717 799 7718
15044 2 2 6 1 7715 7718 2171
15045 2 2 6 1 2169 7716 7712
15046 2 2 6 1 7716 7719 7712
15047 2 2 6 1 7716 2171 7719
15048 2 2 6 1 7712 7719 758
15049 2 2 6 1 742 6506 7713
15050 2 2 6 1 6506 7720 7713
15051 2 2 6 1 6506 1894 7720
15052 2 2 6 1 7713 7720 2170
15053 2 2 6 1 1894 7721 7720
15054 2 2 6 1 7721 7722 7720
15055 2 2 6 1 7721 2172 7722
15056 2 2 6 1 7720 7722 2170
15057 2 2 6 1 1894 6511 7721
15058 2 2 6 1 6511 7723 7721
15059 2 2 6 1 6511 431 7723
15060 2 2 6 1 7721 7723 2172
15061 2 2 6 1 2170 7722 7717
15062 2 2 6 1 7722 7724 7717
15063 2 2 6 1 7722 2172 7724
15064 2 2 6 1 7717 7724 799
15065 2 2 6 1 758 7719 6883
15066 2 2 6 1 7719 7725 6883
15067 2 2 6 1 7719 2171 7725
15068 2 2 6 1 6883 7725 1978
15069 2 2 6 1 2171 7726 7725
15070 2 2 6 1 7726 7727 7725
15071 2 2 6 1 7726 2173 7727
15072 2 2 6 1 7725 7727 1978
15073 2 2 6 1 2171 7718 7726
15074 2 2 6 1 7718 7728 7726
15075 2 2 6 1 7718 799 7728
15076 2 2 6 1 7726 7728 2173
15077 2 2 6 1 1978 7727 6884
15078 2 2 6 1 7727 7729 6884
15079 2 2 6 1 7727 2173 7729
15080 2 2 6 1 6884 7729 457
15081 2 2 6 1 412 3742 7731
15082 2 2 6 1 3742 7730 7731
15083 2 2 6 1 3742 1205 7730
15084 2 2 6 1 7731 7730 2175
15085 2 2 6 1 1205 7732 7730
15086 2 2 6 1 7732 7733 7730
15087 2 2 6 1 7732 2174 7733
15088 2 2 6 1 7730 7733 2175
15089 2 2 6 1 1205 3741 7732
15090 2 2 6 1 3741 7734 7732
15091 2 2 6 1 3741 571 7734
15092 2 2 6 1 7732 7734 2174
15093 2 2 6 1 2175 7733 7736
15094 2 2 6 1 7733 7735 7736
15095 2 2 6 1 7733 2174 7735
15096 2 2 6 1 7736 7735 800
15097 2 2 6 1 571 7737 7734
15098 2 2 6 1 7737 7738 7734
15099 2 2 6 1 7737 2176 7738
15100 2 2 6 1 7734 7738 2174
15101 2 2 6 1 2176 7739 7738
15102 2 2 6 1 7739 7740 7738
15103 2 2 6 1 7739 2177 7740
15104 2 2 6 1 7738 7740 2174
15105 2 2 6 1 2176 7741 7739
15106 2 2 6 1 7741 7742 7739
15107 2 2 6 1 7741 762 7742
15108 2 2 6 1 7739 7742 2177
15109 2 2 6 1 2174 7740 7735
15110 2 2 6 1 7740 7743 7735
15111 2 2 6 1 7740 2177 7743
15112 2 2 6 1 7735 7743 800
15113 2 2 6 1 571 3736 7737
15114 2 2 6 1 3736 7744 7737
15115 2 2 6 1 3736 1204 7744
15116 2 2 6 1 7737 7744 2176
15117 2 2 6 1 1204 7745 7744
15118 2 2 6 1 7745 7746 7744
15119 2 2 6 1 7745 1988 7746
15120 2 2 6 1 7744 7746 2176
15121 2 2 6 1 1204 3735 7745
15122 2 2 6 1 3735 6913 7745
15123 2 2 6 1 3735 71 6913
15124 2 2 6 1 7745 6913 1988
15125 2 2 6 1 2176 7746 7741
15126 2 2 6 1 7746 6918 7741
15127 2 2 6 1 7746 1988 6918
15128 2 2 6 1 7741 6918 762
15129 2 2 6 1 800 7743 7748
15130 2 2 6 1 7743 7747 7748
15131 2 2 6 1 7743 2177 7747
15132 2 2 6 1 7748 7747 2178
15133 2 2 6 1 2177 7749 7747
15134 2 2 6 1 7749 7750 7747
15135 2 2 6 1 7749 1991 7750
15136 2 2 6 1 7747 7750 2178
15137 2 2 6 1 2177 7742 7749
15138 2 2 6 1 7742 6930 7749
15139 2 2 6 1 7742 762 6930
15140 2 2 6 1 7749 6930 1991
15141 2 2 6 1 2178 7750 7751
15142 2 2 6 1 7750 6933 7751
15143 2 2 6 1 7750 1991 6933
15144 2 2 6 1 7751 6933 458
15145 2 2 6 1 373 4288 7753
15146 2 2 6 1 4288 7752 7753
15147 2 2 6 1 4288 1352 7752
15148 2 2 6 1 7753 7752 2180
15149 2 2 6 1 1352 7754 7752
15150 2 2 6 1 7754 7755 7752
15151 2 2 6 1 7754 2179 7755
15152 2 2 6 1 7752 7755 2180
15153 2 2 6 1 1352 4287 7754
15154 2 2 6 1 4287 7756 7754
15155 2 2 6 1 4287 613 7756
15156 2 2 6 1 7754 7756 2179
15157 2 2 6 1 2180 7755 7758
15158 2 2 6 1 7755 7757 7758
15159 2 2 6 1 7755 2179 7757
15160 2 2 6 1 7758 7757 801
15161 2 2 6 1 613 7759 7756
15162 2 2 6 1 7759 7760 7756
15163 2 2 6 1 7759 2181 7760
15164 2 2 6 1 7756 7760 2179
15165 2 2 6 1 2181 7761 7760
15166 2 2 6 1 7761 7762 7760
15167 2 2 6 1 7761 2182 7762
15168 2 2 6 1 7760 7762 2179
15169 2 2 6 1 2181 7763 7761
15170 2 2 6 1 7763 7764 7761
15171 2 2 6 1 7763 764 7764
15172 2 2 6 1 7761 7764 2182
15173 2 2 6 1 2179 7762 7757
15174 2 2 6 1 7762 7765 7757
15175 2 2 6 1 7762 2182 7765
15176 2 2 6 1 7757 7765 801
15177 2 2 6 1 613 4282 7759
15178 2 2 6 1 4282 7766 7759
15179 2 2 6 1 4282 1351 7766
15180 2 2 6 1 7759 7766 2181
15181 2 2 6 1 1351 7767 7766
15182 2 2 6 1 7767 7768 7766
15183 2 2 6 1 7767 1998 7768
15184 2 2 6 1 7766 7768 2181
15185 2 2 6 1 1351 4281 7767
15186 2 2 6 1 4281 6957 7767
15187 2 2 6 1 4281 231 6957
15188 2 2 6 1 7767 6957 1998
15189 2 2 6 1 2181 7768 7763
15190 2 2 6 1 7768 6962 7763
15191 2 2 6 1 7768 1998 6962
15192 2 2 6 1 7763 6962 764
15193 2 2 6 1 801 7765 7770
15194 2 2 6 1 7765 7769 7770
15195 2 2 6 1 7765 2182 7769
15196 2 2 6 1 7770 7769 2183
15197 2 2 6 1 2182 7771 7769
15198 2 2 6 1 7771 7772 7769
15199 2 2 6 1 7771 2001 7772
15200 2 2 6 1 7769 7772 2183
15201 2 2 6 1 2182 7764 7771
15202 2 2 6 1 7764 6974 7771
15203 2 2 6 1 7764 764 6974
15204 2 2 6 1 7771 6974 2001
15205 2 2 6 1 2183 7772 7773
15206 2 2 6 1 7772 6977 7773
15207 2 2 6 1 7772 2001 6977
15208 2 2 6 1 7773 6977 457
15209 2 2 6 1 414 4659 7775
15210 2 2 6 1 4659 7774 7775
15211 2 2 6 1 4659 1448 7774
15212 2 2 6 1 7775 7774 2185
15213 2 2 6 1 1448 7776 7774
15214 2 2 6 1 7776 7777 7774
15215 2 2 6 1 7776 2184 7777
15216 2 2 6 1 7774 7777 2185
15217 2 2 6 1 1448 4658 7776
15218 2 2 6 1 4658 7778 7776
15219 2 2 6 1 4658 639 7778
15220 2 2 6 1 7776 7778 2184
15221 2 2 6 1 2185 7777 7780
15222 2 2 6 1 7777 7779 7780
15223 2 2 6 1 7777 2184 7779
15224 2 2 6 1 7780 7779 802
15225 2 2 6 1 639 7781 7778
15226 2 2 6 1 7781 7782 7778
15227 2 2 6 1 7781 2186 7782
15228 2 2 6 1 7778 7782 2184
15229 2 2 6 1 2186 7783 7782
15230 2 2 6 1 7783 7784 7782
15231 2 2 6 1 7783 2187 7784
15232 2 2 6 1 7782 7784 2184
15233 2 2 6 1 2186 7785 7783
15234 2 2 6 1 7785 7786 7783
15235 2 2 6 1 7785 763 7786
15236 2 2 6 1 7783 7786 2187
15237 2 2 6 1 2184 7784 7779
15238 2 2 6 1 7784 7787 7779
15239 2 2 6 1 7784 2187 7787
15240 2 2 6 1 7779 7787 802
15241 2 2 6 1 639 4654 7781
15242 2 2 6 1 4654 7788 7781
15243 2 2 6 1 4654 1447 7788
15244 2 2 6 1 7781 7788 2186
15245 2 2 6 1 1447 7789 7788
15246 2 2 6 1 7789 7790 7788
15247 2 2 6 1 7789 1993 7790
15248 2 2 6 1 7788 7790 2186
15249 2 2 6 1 1447 4653 7789
15250 2 2 6 1 4653 6935 7789
15251 2 2 6 1 4653 151 6935
15252 2 2 6 1 7789 6935 1993
15253 2 2 6 1 2186 7790 7785
15254 2 2 6 1 7790 6940 7785
15255 2 2 6 1 7790 1993 6940
15256 2 2 6 1 7785 6940 763
15257 2 2 6 1 802 7787 7792
15258 2 2 6 1 7787 7791 7792
15259 2 2 6 1 7787 2187 7791
15260 2 2 6 1 7792 7791 2188
15261 2 2 6 1 2187 7793 7791
15262 2 2 6 1 7793 7794 7791
15263 2 2 6 1 7793 1996 7794
15264 2 2 6 1 7791 7794 2188
15265 2 2 6 1 2187 7786 7793
15266 2 2 6 1 7786 6952 7793
15267 2 2 6 1 7786 763 6952
15268 2 2 6 1 7793 6952 1996
15269 2 2 6 1 2188 7794 7795
15270 2 2 6 1 7794 6955 7795
15271 2 2 6 1 7794 1996 6955
15272 2 2 6 1 7795 6955 456
15273 2 2 6 1 32 5685 6995
15274 2 2 6 1 5685 7796 6995
15275 2 2 6 1 5685 1698 7796
15276 2 2 6 1 6995 7796 2006
15277 2 2 6 1 1698 7797 7796
15278 2 2 6 1 7797 7798 7796
15279 2 2 6 1 7797 2189 7798
15280 2 2 6 1 7796 7798 2006
15281 2 2 6 1 1698 5690 7797
15282 2 2 6 1 5690 7799 7797
15283 2 2 6 1 5690 699 7799
15284 2 2 6 1 7797 7799 2189
15285 2 2 6 1 2006 7798 6996
15286 2 2 6 1 7798 7800 6996
15287 2 2 6 1 7798 2189 7800
15288 2 2 6 1 6996 7800 765
15289 2 2 6 1 699 7801 7799
15290 2 2 6 1 7801 7802 7799
15291 2 2 6 1 7801 2190 7802
15292 2 2 6 1 7799 7802 2189
15293 2 2 6 1 2190 7803 7802
15294 2 2 6 1 7803 7804 7802
15295 2 2 6 1 7803 2191 7804
15296 2 2 6 1 7802 7804 2189
15297 2 2 6 1 2190 7805 7803
15298 2 2 6 1 7805 7806 7803
15299 2 2 6 1 7805 803 7806
15300 2 2 6 1 7803 7806 2191
15301 2 2 6 1 2189 7804 7800
15302 2 2 6 1 7804 7807 7800
15303 2 2 6 1 7804 2191 7807
15304 2 2 6 1 7800 7807 765
15305 2 2 6 1 699 5704 7801
15306 2 2 6 1 5704 7808 7801
15307 2 2 6 1 5704 1703 7808
15308 2 2 6 1 7801 7808 2190
15309 2 2 6 1 1703 7809 7808
15310 2 2 6 1 7809 7810 7808
15311 2 2 6 1 7809 2192 7810
15312 2 2 6 1 7808 7810 2190
15313 2 2 6 1 1703 5709 7809
15314 2 2 6 1 5709 7811 7809
15315 2 2 6 1 5709 372 7811
15316 2 2 6 1 7809 7811 2192
15317 2 2 6 1 2190 7810 7805
15318 2 2 6 1 7810 7812 7805
15319 2 2 6 1 7810 2192 7812
15320 2 2 6 1 7805 7812 803
15321 2 2 6 1 765 7807 7001
15322 2 2 6 1 7807 7813 7001
15323 2 2 6 1 7807 2191 7813
15324 2 2 6 1 7001 7813 2007
15325 2 2 6 1 2191 7814 7813
15326 2 2 6 1 7814 7815 7813
15327 2 2 6 1 7814 2193 7815
15328 2 2 6 1 7813 7815 2007
15329 2 2 6 1 2191 7806 7814
15330 2 2 6 1 7806 7816 7814
15331 2 2 6 1 7806 803 7816
15332 2 2 6 1 7814 7816 2193
15333 2 2 6 1 2007 7815 7002
15334 2 2 6 1 7815 7817 7002
15335 2 2 6 1 7815 2193 7817
15336 2 2 6 1 7002 7817 459
15337 2 2 6 1 372 2996 7811
15338 2 2 6 1 2996 7818 7811
15339 2 2 6 1 2996 1008 7818
15340 2 2 6 1 7811 7818 2192
15341 2 2 6 1 1008 7819 7818
15342 2 2 6 1 7819 7820 7818
15343 2 2 6 1 7819 2194 7820
15344 2 2 6 1 7818 7820 2192
15345 2 2 6 1 1008 3002 7819
15346 2 2 6 1 3002 7821 7819
15347 2 2 6 1 3002 517 7821
15348 2 2 6 1 7819 7821 2194
15349 2 2 6 1 2192 7820 7812
15350 2 2 6 1 7820 7822 7812
15351 2 2 6 1 7820 2194 7822
15352 2 2 6 1 7812 7822 803
15353 2 2 6 1 517 7823 7821
15354 2 2 6 1 7823 7824 7821
15355 2 2 6 1 7823 2195 7824
15356 2 2 6 1 7821 7824 2194
15357 2 2 6 1 2195 7825 7824
15358 2 2 6 1 7825 7826 7824
15359 2 2 6 1 7825 2196 7826
15360 2 2 6 1 7824 7826 2194
15361 2 2 6 1 2195 7827 7825
15362 2 2 6 1 7827 7828 7825
15363 2 2 6 1 7827 796 7828
15364 2 2 6 1 7825 7828 2196
15365 2 2 6 1 2194 7826 7822
15366 2 2 6 1 7826 7829 7822
15367 2 2 6 1 7826 2196 7829
15368 2 2 6 1 7822 7829 803
15369 2 2 6 1 517 3016 7823
15370 2 2 6 1 3016 7830 7823
15371 2 2 6 1 3016 1012 7830
15372 2 2 6 1 7823 7830 2195
15373 2 2 6 1 1012 7831 7830
15374 2 2 6 1 7831 7832 7830
15375 2 2 6 1 7831 2155 7832
15376 2 2 6 1 7830 7832 2195
15377 2 2 6 1 1012 3019 7831
15378 2 2 6 1 3019 7643 7831
15379 2 2 6 1 3019 432 7643
15380 2 2 6 1 7831 7643 2155
15381 2 2 6 1 2195 7832 7827
15382 2 2 6 1 7832 7648 7827
15383 2 2 6 1 7832 2155 7648
15384 2 2 6 1 7827 7648 796
15385 2 2 6 1 803 7829 7816
15386 2 2 6 1 7829 7833 7816
15387 2 2 6 1 7829 2196 7833
15388 2 2 6 1 7816 7833 2193
15389 2 2 6 1 2196 7834 7833
15390 2 2 6 1 7834 7835 7833
15391 2 2 6 1 7834 2158 7835
15392 2 2 6 1 7833 7835 2193
15393 2 2 6 1 2196 7828 7834
15394 2 2 6 1 7828 7660 7834
15395 2 2 6 1 7828 796 7660
15396 2 2 6 1 7834 7660 2158
15397 2 2 6 1 2193 7835 7817
15398 2 2 6 1 7835 7663 7817
15399 2 2 6 1 7835 2158 7663
15400 2 2 6 1 7817 7663 459
15401 2 2 6 1 430 3164 7701
15402 2 2 6 1 3164 7836 7701
15403 2 2 6 1 3164 1054 7836
15404 2 2 6 1 7701 7836 2167
15405 2 2 6 1 1054 7837 7836
15406 2 2 6 1 7837 7838 7836
15407 2 2 6 1 7837 2197 7838
15408 2 2 6 1 7836 7838 2167
15409 2 2 6 1 1054 3163 7837
15410 2 2 6 1 3163 7839 7837
15411 2 2 6 1 3163 530 7839
15412 2 2 6 1 7837 7839 2197
15413 2 2 6 1 2167 7838 7702
15414 2 2 6 1 7838 7840 7702
15415 2 2 6 1 7838 2197 7840
15416 2 2 6 1 7702 7840 798
15417 2 2 6 1 530 7841 7839
15418 2 2 6 1 7841 7842 7839
15419 2 2 6 1 7841 2198 7842
15420 2 2 6 1 7839 7842 2197
15421 2 2 6 1 2198 7843 7842
15422 2 2 6 1 7843 7844 7842
15423 2 2 6 1 7843 2199 7844
15424 2 2 6 1 7842 7844 2197
15425 2 2 6 1 2198 7845 7843
15426 2 2 6 1 7845 7846 7843
15427 2 2 6 1 7845 802 7846
15428 2 2 6 1 7843 7846 2199
15429 2 2 6 1 2197 7844 7840
15430 2 2 6 1 7844 7847 7840
15431 2 2 6 1 7844 2199 7847
15432 2 2 6 1 7840 7847 798
15433 2 2 6 1 530 3158 7841
15434 2 2 6 1 3158 7848 7841
15435 2 2 6 1 3158 1053 7848
15436 2 2 6 1 7841 7848 2198
15437 2 2 6 1 1053 7849 7848
15438 2 2 6 1 7849 7850 7848
15439 2 2 6 1 7849 2185 7850
15440 2 2 6 1 7848 7850 2198
15441 2 2 6 1 1053 3157 7849
15442 2 2 6 1 3157 7775 7849
15443 2 2 6 1 3157 414 7775
15444 2 2 6 1 7849 7775 2185
15445 2 2 6 1 2198 7850 7845
15446 2 2 6 1 7850 7780 7845
15447 2 2 6 1 7850 2185 7780
15448 2 2 6 1 7845 7780 802
15449 2 2 6 1 798 7847 7706
15450 2 2 6 1 7847 7851 7706
15451 2 2 6 1 7847 2199 7851
15452 2 2 6 1 7706 7851 2168
15453 2 2 6 1 2199 7852 7851
15454 2 2 6 1 7852 7853 7851
15455 2 2 6 1 7852 2188 7853
15456 2 2 6 1 7851 7853 2168
15457 2 2 6 1 2199 7846 7852
15458 2 2 6 1 7846 7792 7852
15459 2 2 6 1 7846 802 7792
15460 2 2 6 1 7852 7792 2188
15461 2 2 6 1 2168 7853 7707
15462 2 2 6 1 7853 7795 7707
15463 2 2 6 1 7853 2188 7795
15464 2 2 6 1 7707 7795 456
15465 2 2 6 1 431 2967 7723
15466 2 2 6 1 2967 7854 7723
15467 2 2 6 1 2967 998 7854
15468 2 2 6 1 7723 7854 2172
15469 2 2 6 1 998 7855 7854
15470 2 2 6 1 7855 7856 7854
15471 2 2 6 1 7855 2200 7856
15472 2 2 6 1 7854 7856 2172
15473 2 2 6 1 998 2966 7855
15474 2 2 6 1 2966 7857 7855
15475 2 2 6 1 2966 513 7857
15476 2 2 6 1 7855 7857 2200
15477 2 2 6 1 2172 7856 7724
15478 2 2 6 1 7856 7858 7724
15479 2 2 6 1 7856 2200 7858
15480 2 2 6 1 7724 7858 799
15481 2 2 6 1 513 7859 7857
15482 2 2 6 1 7859 7860 7857
15483 2 2 6 1 7859 2201 7860
15484 2 2 6 1 7857 7860 2200
15485 2 2 6 1 2201 7861 7860
15486 2 2 6 1 7861 7862 7860
15487 2 2 6 1 7861 2202 7862
15488 2 2 6 1 7860 7862 2200
15489 2 2 6 1 2201 7863 7861
15490 2 2 6 1 7863 7864 7861
15491 2 2 6 1 7863 801 7864
15492 2 2 6 1 7861 7864 2202
15493 2 2 6 1 2200 7862 7858
15494 2 2 6 1 7862 7865 7858
15495 2 2 6 1 7862 2202 7865
15496 2 2 6 1 7858 7865 799
15497 2 2 6 1 513 2962 7859
15498 2 2 6 1 2962 7866 7859
15499 2 2 6 1 2962 997 7866
15500 2 2 6 1 7859 7866 2201
15501 2 2 6 1 997 7867 7866
15502 2 2 6 1 7867 7868 7866
15503 2 2 6 1 7867 2180 7868
15504 2 2 6 1 7866 7868 2201
15505 2 2 6 1 997 2961 7867
15506 2 2 6 1 2961 7753 7867
15507 2 2 6 1 2961 373 7753
15508 2 2 6 1 7867 7753 2180
15509 2 2 6 1 2201 7868 7863
15510 2 2 6 1 7868 7758 7863
15511 2 2 6 1 7868 2180 7758
15512 2 2 6 1 7863 7758 801
15513 2 2 6 1 799 7865 7728
15514 2 2 6 1 7865 7869 7728
15515 2 2 6 1 7865 2202 7869
15516 2 2 6 1 7728 7869 2173
15517 2 2 6 1 2202 7870 7869
15518 2 2 6 1 7870 7871 7869
15519 2 2 6 1 7870 2183 7871
15520 2 2 6 1 7869 7871 2173
15521 2 2 6 1 2202 7864 7870
15522 2 2 6 1 7864 7770 7870
15523 2 2 6 1 7864 801 7770
15524 2 2 6 1 7870 7770 2183
15525 2 2 6 1 2173 7871 7729
15526 2 2 6 1 7871 7773 7729
15527 2 2 6 1 7871 2183 7773
15528 2 2 6 1 7729 7773 457
15529 2 2 6 1 433 2993 7679
15530 2 2 6 1 2993 7872 7679
15531 2 2 6 1 2993 1005 7872
15532 2 2 6 1 7679 7872 2162
15533 2 2 6 1 1005 7873 7872
15534 2 2 6 1 7873 7874 7872
15535 2 2 6 1 7873 2203 7874
15536 2 2 6 1 7872 7874 2162
15537 2 2 6 1 1005 2992 7873
15538 2 2 6 1 2992 7875 7873
15539 2 2 6 1 2992 515 7875
15540 2 2 6 1 7873 7875 2203
15541 2 2 6 1 2162 7874 7680
15542 2 2 6 1 7874 7876 7680
15543 2 2 6 1 7874 2203 7876
15544 2 2 6 1 7680 7876 797
15545 2 2 6 1 515 7877 7875
15546 2 2 6 1 7877 7878 7875
15547 2 2 6 1 7877 2204 7878
15548 2 2 6 1 7875 7878 2203
15549 2 2 6 1 2204 7879 7878
15550 2 2 6 1 7879 7880 7878
15551 2 2 6 1 7879 2205 7880
15552 2 2 6 1 7878 7880 2203
15553 2 2 6 1 2204 7881 7879
15554 2 2 6 1 7881 7882 7879
15555 2 2 6 1 7881 800 7882
15556 2 2 6 1 7879 7882 2205
15557 2 2 6 1 2203 7880 7876
15558 2 2 6 1 7880 7883 7876
15559 2 2 6 1 7880 2205 7883
15560 2 2 6 1 7876 7883 797
15561 2 2 6 1 515 2988 7877
15562 2 2 6 1 2988 7884 7877
15563 2 2 6 1 2988 1004 7884
15564 2 2 6 1 7877 7884 2204
15565 2 2 6 1 1004 7885 7884
15566 2 2 6 1 7885 7886 7884
15567 2 2 6 1 7885 2175 7886
15568 2 2 6 1 7884 7886 2204
15569 2 2 6 1 1004 2987 7885
15570 2 2 6 1 2987 7731 7885
15571 2 2 6 1 2987 412 7731
15572 2 2 6 1 7885 7731 2175
15573 2 2 6 1 2204 7886 7881
15574 2 2 6 1 7886 7736 7881
15575 2 2 6 1 7886 2175 7736
15576 2 2 6 1 7881 7736 800
15577 2 2 6 1 797 7883 7684
15578 2 2 6 1 7883 7887 7684
15579 2 2 6 1 7883 2205 7887
15580 2 2 6 1 7684 7887 2163
15581 2 2 6 1 2205 7888 7887
15582 2 2 6 1 7888 7889 7887
15583 2 2 6 1 7888 2178 7889
15584 2 2 6 1 7887 7889 2163
15585 2 2 6 1 2205 7882 7888
15586 2 2 6 1 7882 7748 7888
15587 2 2 6 1 7882 800 7748
15588 2 2 6 1 7888 7748 2178
15589 2 2 6 1 2163 7889 7685
15590 2 2 6 1 7889 7751 7685
15591 2 2 6 1 7889 2178 7751
15592 2 2 6 1 7685 7751 458
15593 2 2 6 1 445 7422 3209
15594 2 2 6 1 7422 7890 3209
15595 2 2 6 1 7422 2109 7890
15596 2 2 6 1 3209 7890 1067
15597 2 2 6 1 2109 7891 7890
15598 2 2 6 1 7891 7892 7890
15599 2 2 6 1 7891 2206 7892
15600 2 2 6 1 7890 7892 1067
15601 2 2 6 1 2109 7421 7891
15602 2 2 6 1 7421 7893 7891
15603 2 2 6 1 7421 789 7893
15604 2 2 6 1 7891 7893 2206
15605 2 2 6 1 1067 7892 3210
15606 2 2 6 1 7892 7894 3210
15607 2 2 6 1 7892 2206 7894
15608 2 2 6 1 3210 7894 534
15609 2 2 6 1 789 7895 7893
15610 2 2 6 1 7895 7896 7893
15611 2 2 6 1 7895 2207 7896
15612 2 2 6 1 7893 7896 2206
15613 2 2 6 1 2207 7897 7896
15614 2 2 6 1 7897 7898 7896
15615 2 2 6 1 7897 2208 7898
15616 2 2 6 1 7896 7898 2206
15617 2 2 6 1 2207 7899 7897
15618 2 2 6 1 7899 7900 7897
15619 2 2 6 1 7899 551 7900
15620 2 2 6 1 7897 7900 2208
15621 2 2 6 1 2206 7898 7894
15622 2 2 6 1 7898 7901 7894
15623 2 2 6 1 7898 2208 7901
15624 2 2 6 1 7894 7901 534
15625 2 2 6 1 789 7416 7895
15626 2 2 6 1 7416 7902 7895
15627 2 2 6 1 7416 2108 7902
15628 2 2 6 1 7895 7902 2207
15629 2 2 6 1 2108 7903 7902
15630 2 2 6 1 7903 7904 7902
15631 2 2 6 1 7903 1129 7904
15632 2 2 6 1 7902 7904 2207
15633 2 2 6 1 2108 7415 7903
15634 2 2 6 1 7415 3455 7903
15635 2 2 6 1 7415 410 3455
15636 2 2 6 1 7903 3455 1129
15637 2 2 6 1 2207 7904 7899
15638 2 2 6 1 7904 3460 7899
15639 2 2 6 1 7904 1129 3460
15640 2 2 6 1 7899 3460 551
15641 2 2 6 1 534 7901 3215
15642 2 2 6 1 7901 7905 3215
15643 2 2 6 1 7901 2208 7905
15644 2 2 6 1 3215 7905 1068
15645 2 2 6 1 2208 7906 7905
15646 2 2 6 1 7906 7907 7905
15647 2 2 6 1 7906 1134 7907
15648 2 2 6 1 7905 7907 1068
15649 2 2 6 1 2208 7900 7906
15650 2 2 6 1 7900 3474 7906
15651 2 2 6 1 7900 551 3474
15652 2 2 6 1 7906 3474 1134
15653 2 2 6 1 1068 7907 3216
15654 2 2 6 1 7907 3479 3216
15655 2 2 6 1 7907 1134 3479
15656 2 2 6 1 3216 3479 454
15657 2 2 6 1 447 7550 3183
15658 2 2 6 1 7550 7908 3183
15659 2 2 6 1 7550 2137 7908
15660 2 2 6 1 3183 7908 1060
15661 2 2 6 1 2137 7909 7908
15662 2 2 6 1 7909 7910 7908
15663 2 2 6 1 7909 2209 7910
15664 2 2 6 1 7908 7910 1060
15665 2 2 6 1 2137 7549 7909
15666 2 2 6 1 7549 7911 7909
15667 2 2 6 1 7549 794 7911
15668 2 2 6 1 7909 7911 2209
15669 2 2 6 1 1060 7910 3184
15670 2 2 6 1 7910 7912 3184
15671 2 2 6 1 7910 2209 7912
15672 2 2 6 1 3184 7912 532
15673 2 2 6 1 794 7913 7911
15674 2 2 6 1 7913 7914 7911
15675 2 2 6 1 7913 2210 7914
15676 2 2 6 1 7911 7914 2209
15677 2 2 6 1 2210 7915 7914
15678 2 2 6 1 7915 7916 7914
15679 2 2 6 1 7915 2211 7916
15680 2 2 6 1 7914 7916 2209
15681 2 2 6 1 2210 7917 7915
15682 2 2 6 1 7917 7918 7915
15683 2 2 6 1 7917 553 7918
15684 2 2 6 1 7915 7918 2211
15685 2 2 6 1 2209 7916 7912
15686 2 2 6 1 7916 7919 7912
15687 2 2 6 1 7916 2211 7919
15688 2 2 6 1 7912 7919 532
15689 2 2 6 1 794 7544 7913
15690 2 2 6 1 7544 7920 7913
15691 2 2 6 1 7544 2136 7920
15692 2 2 6 1 7913 7920 2210
15693 2 2 6 1 2136 7921 7920
15694 2 2 6 1 7921 7922 7920
15695 2 2 6 1 7921 1136 7922
15696 2 2 6 1 7920 7922 2210
15697 2 2 6 1 2136 7543 7921
15698 2 2 6 1 7543 3481 7921
15699 2 2 6 1 7543 392 3481
15700 2 2 6 1 7921 3481 1136
15701 2 2 6 1 2210 7922 7917
15702 2 2 6 1 7922 3486 7917
15703 2 2 6 1 7922 1136 3486
15704 2 2 6 1 7917 3486 553
15705 2 2 6 1 532 7919 3189
15706 2 2 6 1 7919 7923 3189
15707 2 2 6 1 7919 2211 7923
15708 2 2 6 1 3189 7923 1061
15709 2 2 6 1 2211 7924 7923
15710 2 2 6 1 7924 7925 7923
15711 2 2 6 1 7924 1141 7925
15712 2 2 6 1 7923 7925 1061
15713 2 2 6 1 2211 7918 7924
15714 2 2 6 1 7918 3500 7924
15715 2 2 6 1 7918 553 3500
15716 2 2 6 1 7924 3500 1141
15717 2 2 6 1 1061 7925 3190
15718 2 2 6 1 7925 3505 3190
15719 2 2 6 1 7925 1141 3505
15720 2 2 6 1 3190 3505 455
15721 2 2 6 1 385 7127 3523
15722 2 2 6 1 7127 7926 3523
15723 2 2 6 1 7127 2041 7926
15724 2 2 6 1 3523 7926 1146
15725 2 2 6 1 2041 7927 7926
15726 2 2 6 1 7927 7928 7926
15727 2 2 6 1 7927 2212 7928
15728 2 2 6 1 7926 7928 1146
15729 2 2 6 1 2041 7132 7927
15730 2 2 6 1 7132 7929 7927
15731 2 2 6 1 7132 776 7929
15732 2 2 6 1 7927 7929 2212
15733 2 2 6 1 1146 7928 3524
15734 2 2 6 1 7928 7930 3524
15735 2 2 6 1 7928 2212 7930
15736 2 2 6 1 3524 7930 554
15737 2 2 6 1 776 7931 7929
15738 2 2 6 1 7931 7932 7929
15739 2 2 6 1 7931 2213 7932
15740 2 2 6 1 7929 7932 2212
15741 2 2 6 1 2213 7933 7932
15742 2 2 6 1 7933 7934 7932
15743 2 2 6 1 7933 2214 7934
15744 2 2 6 1 7932 7934 2212
15745 2 2 6 1 2213 7935 7933
15746 2 2 6 1 7935 7936 7933
15747 2 2 6 1 7935 537 7936
15748 2 2 6 1 7933 7936 2214
15749 2 2 6 1 2212 7934 7930
15750 2 2 6 1 7934 7937 7930
15751 2 2 6 1 7934 2214 7937
15752 2 2 6 1 7930 7937 554
15753 2 2 6 1 776 7146 7931
15754 2 2 6 1 7146 7938 7931
15755 2 2 6 1 7146 2046 7938
15756 2 2 6 1 7931 7938 2213
15757 2 2 6 1 2046 7939 7938
15758 2 2 6 1 7939 7940 7938
15759 2 2 6 1 7939 1071 7940
15760 2 2 6 1 7938 7940 2213
15761 2 2 6 1 2046 7151 7939
15762 2 2 6 1 7151 3219 7939
15763 2 2 6 1 7151 436 3219
15764 2 2 6 1 7939 3219 1071
15765 2 2 6 1 2213 7940 7935
15766 2 2 6 1 7940 3224 7935
15767 2 2 6 1 7940 1071 3224
15768 2 2 6 1 7935 3224 537
15769 2 2 6 1 554 7937 3529
15770 2 2 6 1 7937 7941 3529
15771 2 2 6 1 7937 2214 7941
15772 2 2 6 1 3529 7941 1147
15773 2 2 6 1 2214 7942 7941
15774 2 2 6 1 7942 7943 7941
15775 2 2 6 1 7942 1076 7943
15776 2 2 6 1 7941 7943 1147
15777 2 2 6 1 2214 7936 7942
15778 2 2 6 1 7936 3238 7942
15779 2 2 6 1 7936 537 3238
15780 2 2 6 1 7942 3238 1076
15781 2 2 6 1 1147 7943 3530
15782 2 2 6 1 7943 3243 3530
15783 2 2 6 1 7943 1076 3243
15784 2 2 6 1 3530 3243 452
15785 2 2 6 1 406 7469 3549
15786 2 2 6 1 7469 7944 3549
15787 2 2 6 1 7469 2122 7944
15788 2 2 6 1 3549 7944 1153
15789 2 2 6 1 2122 7945 7944
15790 2 2 6 1 7945 7946 7944
15791 2 2 6 1 7945 2215 7946
15792 2 2 6 1 7944 7946 1153
15793 2 2 6 1 2122 7474 7945
15794 2 2 6 1 7474 7947 7945
15795 2 2 6 1 7474 793 7947
15796 2 2 6 1 7945 7947 2215
15797 2 2 6 1 1153 7946 3550
15798 2 2 6 1 7946 7948 3550
15799 2 2 6 1 7946 2215 7948
15800 2 2 6 1 3550 7948 556
15801 2 2 6 1 793 7949 7947
15802 2 2 6 1 7949 7950 7947
15803 2 2 6 1 7949 2216 7950
15804 2 2 6 1 7947 7950 2215
15805 2 2 6 1 2216 7951 7950
15806 2 2 6 1 7951 7952 7950
15807 2 2 6 1 7951 2217 7952
15808 2 2 6 1 7950 7952 2215
15809 2 2 6 1 2216 7953 7951
15810 2 2 6 1 7953 7954 7951
15811 2 2 6 1 7953 539 7954
15812 2 2 6 1 7951 7954 2217
15813 2 2 6 1 2215 7952 7948
15814 2 2 6 1 7952 7955 7948
15815 2 2 6 1 7952 2217 7955
15816 2 2 6 1 7948 7955 556
15817 2 2 6 1 793 7486 7949
15818 2 2 6 1 7486 7956 7949
15819 2 2 6 1 7486 2125 7956
15820 2 2 6 1 7949 7956 2216
15821 2 2 6 1 2125 7957 7956
15822 2 2 6 1 7957 7958 7956
15823 2 2 6 1 7957 1078 7958
15824 2 2 6 1 7956 7958 2216
15825 2 2 6 1 2125 7489 7957
15826 2 2 6 1 7489 3245 7957
15827 2 2 6 1 7489 444 3245
15828 2 2 6 1 7957 3245 1078
15829 2 2 6 1 2216 7958 7953
15830 2 2 6 1 7958 3250 7953
15831 2 2 6 1 7958 1078 3250
15832 2 2 6 1 7953 3250 539
15833 2 2 6 1 556 7955 3555
15834 2 2 6 1 7955 7959 3555
15835 2 2 6 1 7955 2217 7959
15836 2 2 6 1 3555 7959 1154
15837 2 2 6 1 2217 7960 7959
15838 2 2 6 1 7960 7961 7959
15839 2 2 6 1 7960 1083 7961
15840 2 2 6 1 7959 7961 1154
15841 2 2 6 1 2217 7954 7960
15842 2 2 6 1 7954 3264 7960
15843 2 2 6 1 7954 539 3264
15844 2 2 6 1 7960 3264 1083
15845 2 2 6 1 1154 7961 3556
15846 2 2 6 1 7961 3269 3556
15847 2 2 6 1 7961 1083 3269
15848 2 2 6 1 3556 3269 453
15849 2 2 6 1 434 7050 3337
15850 2 2 6 1 7050 7962 3337
15851 2 2 6 1 7050 2019 7962
15852 2 2 6 1 3337 7962 1101
15853 2 2 6 1 2019 7963 7962
15854 2 2 6 1 7963 7964 7962
15855 2 2 6 1 7963 2218 7964
15856 2 2 6 1 7962 7964 1101
15857 2 2 6 1 2019 7049 7963
15858 2 2 6 1 7049 7965 7963
15859 2 2 6 1 7049 768 7965
15860 2 2 6 1 7963 7965 2218
15861 2 2 6 1 1101 7964 3338
15862 2 2 6 1 7964 7966 3338
15863 2 2 6 1 7964 2218 7966
15864 2 2 6 1 3338 7966 544
15865 2 2 6 1 768 7967 7965
15866 2 2 6 1 7967 7968 7965
15867 2 2 6 1 7967 2219 7968
15868 2 2 6 1 7965 7968 2218
15869 2 2 6 1 2219 7969 7968
15870 2 2 6 1 7969 7970 7968
15871 2 2 6 1 7969 2220 7970
15872 2 2 6 1 7968 7970 2218
15873 2 2 6 1 2219 7971 7969
15874 2 2 6 1 7971 7972 7969
15875 2 2 6 1 7971 752 7972
15876 2 2 6 1 7969 7972 2220
15877 2 2 6 1 2218 7970 7966
15878 2 2 6 1 7970 7973 7966
15879 2 2 6 1 7970 2220 7973
15880 2 2 6 1 7966 7973 544
15881 2 2 6 1 768 7044 7967
15882 2 2 6 1 7044 7974 7967
15883 2 2 6 1 7044 2018 7974
15884 2 2 6 1 7967 7974 2219
15885 2 2 6 1 2018 7975 7974
15886 2 2 6 1 7975 7976 7974
15887 2 2 6 1 7975 1947 7976
15888 2 2 6 1 7974 7976 2219
15889 2 2 6 1 2018 7043 7975
15890 2 2 6 1 7043 6747 7975
15891 2 2 6 1 7043 415 6747
15892 2 2 6 1 7975 6747 1947
15893 2 2 6 1 2219 7976 7971
15894 2 2 6 1 7976 6752 7971
15895 2 2 6 1 7976 1947 6752
15896 2 2 6 1 7971 6752 752
15897 2 2 6 1 544 7973 3342
15898 2 2 6 1 7973 7977 3342
15899 2 2 6 1 7973 2220 7977
15900 2 2 6 1 3342 7977 1102
15901 2 2 6 1 2220 7978 7977
15902 2 2 6 1 7978 7979 7977
15903 2 2 6 1 7978 1950 7979
15904 2 2 6 1 7977 7979 1102
15905 2 2 6 1 2220 7972 7978
15906 2 2 6 1 7972 6764 7978
15907 2 2 6 1 7972 752 6764
15908 2 2 6 1 7978 6764 1950
15909 2 2 6 1 1102 7979 3343
15910 2 2 6 1 7979 6767 3343
15911 2 2 6 1 7979 1950 6767
15912 2 2 6 1 3343 6767 452
15913 2 2 6 1 435 7076 3359
15914 2 2 6 1 7076 7980 3359
15915 2 2 6 1 7076 2026 7980
15916 2 2 6 1 3359 7980 1106
15917 2 2 6 1 2026 7981 7980
15918 2 2 6 1 7981 7982 7980
15919 2 2 6 1 7981 2221 7982
15920 2 2 6 1 7980 7982 1106
15921 2 2 6 1 2026 7075 7981
15922 2 2 6 1 7075 7983 7981
15923 2 2 6 1 7075 770 7983
15924 2 2 6 1 7981 7983 2221
15925 2 2 6 1 1106 7982 3360
15926 2 2 6 1 7982 7984 3360
15927 2 2 6 1 7982 2221 7984
15928 2 2 6 1 3360 7984 545
15929 2 2 6 1 770 7985 7983
15930 2 2 6 1 7985 7986 7983
15931 2 2 6 1 7985 2222 7986
15932 2 2 6 1 7983 7986 2221
15933 2 2 6 1 2222 7987 7986
15934 2 2 6 1 7987 7988 7986
15935 2 2 6 1 7987 2223 7988
15936 2 2 6 1 7986 7988 2221
15937 2 2 6 1 2222 7989 7987
15938 2 2 6 1 7989 7990 7987
15939 2 2 6 1 7989 753 7990
15940 2 2 6 1 7987 7990 2223
15941 2 2 6 1 2221 7988 7984
15942 2 2 6 1 7988 7991 7984
15943 2 2 6 1 7988 2223 7991
15944 2 2 6 1 7984 7991 545
15945 2 2 6 1 770 7070 7985
15946 2 2 6 1 7070 7992 7985
15947 2 2 6 1 7070 2025 7992
15948 2 2 6 1 7985 7992 2222
15949 2 2 6 1 2025 7993 7992
15950 2 2 6 1 7993 7994 7992
15951 2 2 6 1 7993 1952 7994
15952 2 2 6 1 7992 7994 2222
15953 2 2 6 1 2025 7069 7993
15954 2 2 6 1 7069 6769 7993
15955 2 2 6 1 7069 420 6769
15956 2 2 6 1 7993 6769 1952
15957 2 2 6 1 2222 7994 7989
15958 2 2 6 1 7994 6774 7989
15959 2 2 6 1 7994 1952 6774
15960 2 2 6 1 7989 6774 753
15961 2 2 6 1 545 7991 3364
15962 2 2 6 1 7991 7995 3364
15963 2 2 6 1 7991 2223 7995
15964 2 2 6 1 3364 7995 1107
15965 2 2 6 1 2223 7996 7995
15966 2 2 6 1 7996 7997 7995
15967 2 2 6 1 7996 1955 7997
15968 2 2 6 1 7995 7997 1107
15969 2 2 6 1 2223 7990 7996
15970 2 2 6 1 7990 6786 7996
15971 2 2 6 1 7990 753 6786
15972 2 2 6 1 7996 6786 1955
15973 2 2 6 1 1107 7997 3365
15974 2 2 6 1 7997 6789 3365
15975 2 2 6 1 7997 1955 6789
15976 2 2 6 1 3365 6789 453
15977 2 2 6 1 375 7027 6805
15978 2 2 6 1 7027 7998 6805
15979 2 2 6 1 7027 2015 7998
15980 2 2 6 1 6805 7998 1959
15981 2 2 6 1 2015 7999 7998
15982 2 2 6 1 7999 8000 7998
15983 2 2 6 1 7999 2224 8000
15984 2 2 6 1 7998 8000 1959
15985 2 2 6 1 2015 7032 7999
15986 2 2 6 1 7032 8001 7999
15987 2 2 6 1 7032 769 8001
15988 2 2 6 1 7999 8001 2224
15989 2 2 6 1 1959 8000 6806
15990 2 2 6 1 8000 8002 6806
15991 2 2 6 1 8000 2224 8002
15992 2 2 6 1 6806 8002 754
15993 2 2 6 1 769 8003 8001
15994 2 2 6 1 8003 8004 8001
15995 2 2 6 1 8003 2225 8004
15996 2 2 6 1 8001 8004 2224
15997 2 2 6 1 2225 8005 8004
15998 2 2 6 1 8005 8006 8004
15999 2 2 6 1 8005 2226 8006
16000 2 2 6 1 8004 8006 2224
16001 2 2 6 1 2225 8007 8005
16002 2 2 6 1 8007 8008 8005
16003 2 2 6 1 8007 543 8008
16004 2 2 6 1 8005 8008 2226
16005 2 2 6 1 2224 8006 8002
16006 2 2 6 1 8006 8009 8002
16007 2 2 6 1 8006 2226 8009
16008 2 2 6 1 8002 8009 754
16009 2 2 6 1 769 7046 8003
16010 2 2 6 1 7046 8010 8003
16011 2 2 6 1 7046 2020 8010
16012 2 2 6 1 8003 8010 2225
16013 2 2 6 1 2020 8011 8010
16014 2 2 6 1 8011 8012 8010
16015 2 2 6 1 8011 1093 8012
16016 2 2 6 1 8010 8012 2225
16017 2 2 6 1 2020 7051 8011
16018 2 2 6 1 7051 3298 8011
16019 2 2 6 1 7051 434 3298
16020 2 2 6 1 8011 3298 1093
16021 2 2 6 1 2225 8012 8007
16022 2 2 6 1 8012 3304 8007
16023 2 2 6 1 8012 1093 3304
16024 2 2 6 1 8007 3304 543
16025 2 2 6 1 754 8009 6810
16026 2 2 6 1 8009 8013 6810
16027 2 2 6 1 8009 2226 8013
16028 2 2 6 1 6810 8013 1960
16029 2 2 6 1 2226 8014 8013
16030 2 2 6 1 8014 8015 8013
16031 2 2 6 1 8014 1097 8015
16032 2 2 6 1 8013 8015 1960
16033 2 2 6 1 2226 8008 8014
16034 2 2 6 1 8008 3318 8014
16035 2 2 6 1 8008 543 3318
16036 2 2 6 1 8014 3318 1097
16037 2 2 6 1 1960 8015 6811
16038 2 2 6 1 8015 3321 6811
16039 2 2 6 1 8015 1097 3321
16040 2 2 6 1 6811 3321 454
16041 2 2 6 1 374 7053 6827
16042 2 2 6 1 7053 8016 6827
16043 2 2 6 1 7053 2022 8016
16044 2 2 6 1 6827 8016 1964
16045 2 2 6 1 2022 8017 8016
16046 2 2 6 1 8017 8018 8016
16047 2 2 6 1 8017 2227 8018
16048 2 2 6 1 8016 8018 1964
16049 2 2 6 1 2022 7058 8017
16050 2 2 6 1 7058 8019 8017
16051 2 2 6 1 7058 771 8019
16052 2 2 6 1 8017 8019 2227
16053 2 2 6 1 1964 8018 6828
16054 2 2 6 1 8018 8020 6828
16055 2 2 6 1 8018 2227 8020
16056 2 2 6 1 6828 8020 755
16057 2 2 6 1 771 8021 8019
16058 2 2 6 1 8021 8022 8019
16059 2 2 6 1 8021 2228 8022
16060 2 2 6 1 8019 8022 2227
16061 2 2 6 1 2228 8023 8022
16062 2 2 6 1 8023 8024 8022
16063 2 2 6 1 8023 2229 8024
16064 2 2 6 1 8022 8024 2227
16065 2 2 6 1 2228 8025 8023
16066 2 2 6 1 8025 8026 8023
16067 2 2 6 1 8025 541 8026
16068 2 2 6 1 8023 8026 2229
16069 2 2 6 1 2227 8024 8020
16070 2 2 6 1 8024 8027 8020
16071 2 2 6 1 8024 2229 8027
16072 2 2 6 1 8020 8027 755
16073 2 2 6 1 771 7072 8021
16074 2 2 6 1 7072 8028 8021
16075 2 2 6 1 7072 2027 8028
16076 2 2 6 1 8021 8028 2228
16077 2 2 6 1 2027 8029 8028
16078 2 2 6 1 8029 8030 8028
16079 2 2 6 1 8029 1086 8030
16080 2 2 6 1 8028 8030 2228
16081 2 2 6 1 2027 7077 8029
16082 2 2 6 1 7077 3272 8029
16083 2 2 6 1 7077 435 3272
16084 2 2 6 1 8029 3272 1086
16085 2 2 6 1 2228 8030 8025
16086 2 2 6 1 8030 3278 8025
16087 2 2 6 1 8030 1086 3278
16088 2 2 6 1 8025 3278 541
16089 2 2 6 1 755 8027 6832
16090 2 2 6 1 8027 8031 6832
16091 2 2 6 1 8027 2229 8031
16092 2 2 6 1 6832 8031 1965
16093 2 2 6 1 2229 8032 8031
16094 2 2 6 1 8032 8033 8031
16095 2 2 6 1 8032 1090 8033
16096 2 2 6 1 8031 8033 1965
16097 2 2 6 1 2229 8026 8032
16098 2 2 6 1 8026 3292 8032
16099 2 2 6 1 8026 541 3292
16100 2 2 6 1 8032 3292 1090
16101 2 2 6 1 1965 8033 6833
16102 2 2 6 1 8033 3295 6833
16103 2 2 6 1 8033 1090 3295
16104 2 2 6 1 6833 3295 455
$EndElements
