$MeshFormat
2.2 0 8
$EndMeshFormat
$PhysicalNames
6
1 1 ".top"
1 2 ".bottom"
1 3 ".left"
1 4 ".right"
1 5 "fracture"
2 6 "rock"
$EndPhysicalNames
$Nodes
2049
1 0.5249999999987575 0 0
2 0.02499999999995366 0 0
3 0.074999999999861 0 0
4 0.1249999999997505 0 0
5 0.1749999999996221 0 0
6 0.224999999999485 0 0
7 0.2749999999993393 0 0
8 0.3249999999991935 0 0
9 0.3749999999990478 0 0
10 0.4249999999989048 0 0
11 0.4749999999987645 0 0
12 1 0 0
13 0.5749999999988837 0 0
14 0.6249999999990126 0 0
15 0.6749999999991443 0 0
16 0.7249999999992758 0 0
17 0.7749999999994075 0 0
18 0.8249999999995392 0 0
19 0.8749999999996709 0 0
20 0.9249999999998026 0 0
21 0.9749999999999341 0 0
22 0.04999999999990733 0 0
23 0.9499999999998684 0 0
24 0.8499999999996051 0 0
25 0.7499999999993416 0 0
26 0.6499999999990784 0 0
27 0.5499999999988205 0 0
28 0.4499999999988346 0 0
29 0.3499999999991207 0 0
30 0.2499999999994121 0 0
31 0.1499999999996863 0 0
32 0.8999999999997368 0 0
33 0 0 0
34 0.7999999999994734 0 0
35 0.69999999999921 0 0
36 0.5999999999989468 0 0
37 0.4999999999986943 0 0
38 0.3999999999989749 0 0
39 0.2999999999992664 0 0
40 0.1999999999995579 0 0
41 0.09999999999981467 0 0
42 1 0.5249999999987575 0
43 1 0.074999999999861 0
44 1 0.1249999999997505 0
45 1 0.1749999999996221 0
46 1 0.224999999999485 0
47 1 0.2749999999993393 0
48 1 0.3249999999991935 0
49 1 0.3749999999990478 0
50 1 0.4249999999989048 0
51 1 0.4749999999987645 0
52 1 0.02499999999995366 0
53 1 0.5749999999988837 0
54 1 0.6249999999990126 0
55 1 0.6749999999991443 0
56 1 0.7249999999992758 0
57 1 0.7749999999994075 0
58 1 0.8249999999995392 0
59 1 0.8749999999996709 0
60 1 0.9249999999998026 0
61 1 0.9749999999999341 0
62 1 1 0
63 1 0.9499999999998684 0
64 1 0.8499999999996051 0
65 1 0.7499999999993416 0
66 1 0.6499999999990784 0
67 1 0.5499999999988205 0
68 1 0.4499999999988346 0
69 1 0.3499999999991207 0
70 1 0.2499999999994121 0
71 1 0.1499999999996863 0
72 1 0.04999999999990733 0
73 1 0.8999999999997368 0
74 1 0.7999999999994734 0
75 1 0.69999999999921 0
76 1 0.5999999999989468 0
77 1 0.4999999999986943 0
78 1 0.3999999999989749 0
79 1 0.2999999999992664 0
80 1 0.1999999999995579 0
81 1 0.09999999999981467 0
82 0.4750000000019601 1 0
83 0.9249999999996876 1 0
84 0.8749999999996876 1 0
85 0.8249999999998958 1 0
86 0.7750000000001732 1 0
87 0.72500000000052 1 0
88 0.6750000000008668 1 0
89 0.6250000000012135 1 0
90 0.5750000000015548 1 0
91 0.5250000000018907 1 0
92 0.9749999999998959 1 0
93 0.425000000001763 1 0
94 0.3750000000015604 1 0
95 0.3250000000013524 1 0
96 0.2750000000011443 1 0
97 0.2250000000009362 1 0
98 0.1750000000007282 1 0
99 0.1250000000005201 1 0
100 0.07500000000031201 1 0
101 0.025000000000104 1 0
102 0 1 0
103 0.050000000000208 1 0
104 0.1500000000006241 1 0
105 0.2500000000010403 1 0
106 0.3500000000014564 1 0
107 0.4500000000018616 1 0
108 0.5500000000017228 1 0
109 0.6500000000010402 1 0
110 0.7500000000003466 1 0
111 0.8499999999997917 1 0
112 0.9499999999997918 1 0
113 0.100000000000416 1 0
114 0.2000000000008322 1 0
115 0.3000000000012483 1 0
116 0.4000000000016644 1 0
117 0.5000000000020587 1 0
118 0.6000000000013869 1 0
119 0.7000000000006934 1 0
120 0.7999999999999998 1 0
121 0.8999999999995836 1 0
122 0 0.4750000000019601 0
123 0 0.9249999999996876 0
124 0 0.8749999999996876 0
125 0 0.8249999999998958 0
126 0 0.7750000000001732 0
127 0 0.72500000000052 0
128 0 0.6750000000008668 0
129 0 0.6250000000012135 0
130 0 0.5750000000015548 0
131 0 0.5250000000018907 0
132 0 0.9749999999998959 0
133 0 0.425000000001763 0
134 0 0.3750000000015604 0
135 0 0.3250000000013524 0
136 0 0.2750000000011443 0
137 0 0.2250000000009362 0
138 0 0.1750000000007282 0
139 0 0.1250000000005201 0
140 0 0.07500000000031201 0
141 0 0.025000000000104 0
142 0 0.8999999999995836 0
143 0 0.050000000000208 0
144 0 0.1500000000006241 0
145 0 0.2500000000010403 0
146 0 0.3500000000014564 0
147 0 0.4500000000018616 0
148 0 0.5500000000017228 0
149 0 0.6500000000010402 0
150 0 0.7500000000003466 0
151 0 0.8499999999997917 0
152 0 0.9499999999997918 0
153 0 0.100000000000416 0
154 0 0.2000000000008322 0
155 0 0.3000000000012483 0
156 0 0.4000000000016644 0
157 0 0.5000000000020587 0
158 0 0.6000000000013869 0
159 0 0.7000000000006934 0
160 0 0.7999999999999998 0
161 0.7000000000000693 0.5 0
162 0.7250000000000347 0.5 0
163 0.675000000000104 0.5 0
164 0.6250000000001734 0.5 0
165 0.5750000000002429 0.5 0
166 0.5250000000003121 0.5 0
167 0.4750000000003815 0.5 0
168 0.4250000000004509 0.5 0
169 0.3750000000005203 0.5 0
170 0.3250000000004162 0.5 0
171 0.2750000000001387 0.5 0
172 0.25 0.5 0
173 0.6000000000002081 0.5 0
174 0.5000000000003468 0.5 0
175 0.4000000000004855 0.5 0
176 0.3000000000002775 0.5 0
177 0.6500000000001387 0.5 0
178 0.5500000000002775 0.5 0
179 0.4500000000004162 0.5 0
180 0.3500000000005549 0.5 0
181 0.75 0.5 0
182 0.7491826982392498 0.9138693290139832 0
183 0.5500000000017589 0.9133974596220723 0
184 0.3499999999990664 0.08660254037827959 0
185 0.5499999999988737 0.08660254037849059 0
186 0.749999999999325 0.08660254037874826 0
187 0.3500000000016414 0.9133974596216335 0
188 0.08962961249560558 0.7586725654709496 0
189 0.08962961249548015 0.2413274345299924 0
190 0.9098985181125807 0.7594898672319458 0
191 0.9103703875043442 0.2413274345292363 0
192 0.1504237369277718 0.08467720450543034 0
193 0.1504237369286845 0.9153227954941436 0
194 0.08261011954042195 0.5469233223492024 0
195 0.9173898804593043 0.4530766776513945 0
196 0.4500000000021522 0.9133974596220228 0
197 0.5000000000020598 0.826794919243991 0
198 0.6000000000016366 0.8267949192441503 0
199 0.5500000000018188 0.7401923788656761 0
200 0.450000000001607 0.7401923788648948 0
201 0.650000000001598 0.7401923788660085 0
202 0.6000000000019704 0.653589838487762 0
203 0.7000000000017508 0.653589838487961 0
204 0.7470993649064432 0.7385176964134499 0
205 0.8000000000015923 0.6535898384881703 0
206 0.2500706228224241 0.9137183489334904 0
207 0.3000117704716067 0.8268484007949711 0
208 0.1844729824734499 0.8185707090198736 0
209 0.2500000000010319 0.7401923788641998 0
210 0.3500019617464218 0.7402012924565172 0
211 0.3000000000009037 0.6535898384856578 0
212 0.2000000000008665 0.6535898384858083 0
213 0.400000000000885 0.6535898384855205 0
214 0.5000000000013295 0.6535898384862819 0
215 0.6499999999991045 0.08660254037865686 0
216 0.5999999999987675 0.1732050807570069 0
217 0.499999999998759 0.1732050807568498 0
218 0.5499999999986146 0.2598076211353103 0
219 0.4499999999986956 0.2598076211351372 0
220 0.6499999999986144 0.2598076211355719 0
221 0.4999999999985321 0.3464101615136086 0
222 0.3999999999986406 0.3464101615134557 0
223 0.3499999999987621 0.259807621134978 0
224 0.299999999998699 0.3464101615133494 0
225 0.2529006350936088 0.2614823035876902 0
226 0.1999999999986039 0.3464101615133011 0
227 0.6999999999989368 0.1732050807573301 0
228 0.7470993649041384 0.2614823035886252 0
229 0.6999999999981412 0.3464101615141314 0
230 0.7999999999980364 0.3464101615147011 0
231 0.8151849454016278 0.1819970608647019 0
232 0.8506980051542256 0.08465468751306802 0
233 0.8991553918760878 0.6535377034216604 0
234 0.9136316044647074 0.8548847302819405 0
235 0.915681605974404 0.5480257191923095 0
236 0.3004834391814943 0.1734841944986959 0
237 0.1007771982105899 0.3465790539737355 0
238 0.4499999999989438 0.08660254037841333 0
239 0.4000805731959534 0.1732515997137256 0
240 0.08430715903981896 0.4519937403741514 0
241 0.6498637830409466 0.9134761045207258 0
242 0.8997931476227867 0.3470185793513793 0
243 0.1002068523768968 0.6529814206490165 0
244 0.2501511960177391 0.08632817002314969 0
245 0.5999999999983366 0.346410161513713 0
246 0.6993576410316575 0.8266075578838155 0
247 0.1849662506158432 0.1817226905092691 0
248 0.4000022887042481 0.826805318434005 0
249 0.8138374579457246 0.8199631629925695 0
250 0.8490092303012733 0.9183882099841227 0
251 0.08318840360948307 0.8509037909364143 0
252 0.08324712600732853 0.1491311375793957 0
253 0.9169044142426817 0.1491611201220711 0
254 0.8393487875466934 0.4999999999986032 0
255 0.1606512124531819 0.5000000000020549 0
256 0.7476391151939359 0.5947306179099646 0
257 0.650000000001997 0.584933478489133 0
258 0.550000000002666 0.5849334784888979 0
259 0.4499999999984813 0.4150665215114718 0
260 0.3499999999985968 0.4150665215114058 0
261 0.5499999999983629 0.4150665215115436 0
262 0.4500000000016302 0.584933478488365 0
263 0.6499999999979515 0.4150665215116603 0
264 0.252360884806124 0.4052693820908497 0
265 0.7366899495184114 0.4193460192955941 0
266 0.3500000000007999 0.5849334784881498 0
267 0.2633100504807806 0.5806539807044981 0
268 0.8325961894319087 0.2698557158520641 0
269 0.1674038105678277 0.7301442841486432 0
270 0.8325961894326938 0.730144284149835 0
271 0.1674038105673746 0.2698557158515088 0
272 0.8253041500987854 0.5749806465017847 0
273 0.174682742418053 0.4250420563256821 0
274 0.823870294190872 0.4276419063019453 0
275 0.1761297058086913 0.5723580936984299 0
276 0.9267949192428531 0.9267949192428941 0
277 0.07320508075719248 0.9267949192428074 0
278 0.926794919242756 0.07320508075712377 0
279 0.07320508075662228 0.07320508075678341 0
280 0.9117650612886441 0.8071872987569431 0
281 0.863734531205216 0.8374239466372551 0
282 0.8618679880291527 0.7897265151122577 0
283 0.1370512974845277 0.7886216372454116 0
284 0.1338306930414665 0.834737249978144 0
285 0.08640900805254433 0.804788178203682 0
286 0.862777666452986 0.2116622476969691 0
287 0.8660446798221547 0.1655790904933865 0
288 0.9136374008735129 0.1952442773256537 0
289 0.1372979315556617 0.2115250625196307 0
290 0.08643836925140434 0.195229286054694 0
291 0.1341066883115859 0.1654269140443324 0
292 0.8232168236892092 0.7750537235712023 0
293 0.8712473537726373 0.7448170756908904 0
294 0.1285167115317166 0.7444084248097964 0
295 0.1759383965206388 0.7743574965842583 0
296 0.8714832884681265 0.2555915751906502 0
297 0.8238905674167682 0.225926388358383 0
298 0.1761850305916089 0.2257892031803889 0
299 0.1285167115314274 0.2555915751907506 0
300 0.3500000000006774 0.542466739244075 0
301 0.3066550252407902 0.5827937295963239 0
302 0.3066550252406678 0.5403269903522491 0
303 0.4500000000010232 0.5424667392441824 0
304 0.4000000000012151 0.5849334784882574 0
305 0.400000000000608 0.542466739244075 0
306 0.2566550252403903 0.5403269903522491 0
307 0.7000000000009985 0.5424667392445666 0
308 0.6500000000010678 0.5424667392445666 0
309 0.7488195575969679 0.5473653089549824 0
310 0.6988195575979664 0.5898320481995488 0
311 0.5500000000014718 0.5424667392444489 0
312 0.5000000000021481 0.5849334784886314 0
313 0.5000000000009539 0.5424667392441824 0
314 0.2999999999992984 0.4575332607557029 0
315 0.3499999999995759 0.4575332607557029 0
316 0.3999999999995181 0.4575332607557359 0
317 0.4499999999994487 0.4575332607557359 0
318 0.251180442403062 0.4526346910454249 0
319 0.3011804424023604 0.4101679518011278 0
320 0.4999999999993895 0.4575332607557718 0
321 0.5499999999993201 0.4575332607557718 0
322 0.4999999999984221 0.4150665215115077 0
323 0.3999999999985391 0.4150665215114387 0
324 0.6000000000023316 0.5849334784890154 0
325 0.6000000000014023 0.5424667392444489 0
326 0.5999999999991146 0.4575332607558301 0
327 0.6499999999990451 0.4575332607558301 0
328 0.5999999999981572 0.4150665215116019 0
329 0.693344974759275 0.4596730096477971 0
330 0.7433449747592057 0.4596730096477971 0
331 0.6933449747581815 0.4172062704036272 0
332 0.1674483597010672 0.8669467522570087 0
333 0.1168060702690838 0.883113293215279 0
334 0.8329414752779267 0.133325874188885 0
335 0.8838012096984535 0.1169079038175696 0
336 0.1676949937718075 0.1331999475073497 0
337 0.1168354314675502 0.116904171042413 0
338 0.8498965738104116 0.3467143704330402 0
339 0.8162980947149725 0.3081329386833826 0
340 0.8661946685273477 0.3084371476017217 0
341 0.1501034261888817 0.6532856295674124 0
342 0.1837019052843471 0.6918670613172258 0
343 0.1338053314723622 0.6915628523988299 0
344 0.8495776959388401 0.6535637709549154 0
345 0.8658757906543908 0.6918409937857477 0
346 0.816298094717143 0.6918670613190027 0
347 0.1503885991045969 0.3464946077435183 0
348 0.1340905043889823 0.3082173849126222 0
349 0.1837019052829892 0.308132938682405 0
350 0.8813204173829903 0.8866364701330316 0
351 0.8314233441234989 0.8691756864883462 0
352 0.219719878144736 0.5765060372014641 0
353 0.2130648529043457 0.5361790468492149 0
354 0.7802801218546417 0.4234939627987697 0
355 0.786935147095436 0.4638209531509727 0
356 0.7876520750493927 0.5374903232508923 0
357 0.7864716326463607 0.5848556322058747 0
358 0.2123413712090265 0.462521028162841 0
359 0.2135218136120885 0.4151557192082659 0
360 0.205325606226591 0.5000000000010274 0
361 0.1683904591309366 0.5361790468502424 0
362 0.7946743937733467 0.4999999999993016 0
363 0.8316095408687827 0.4638209531502743 0
364 0.8323264688227394 0.537490323250194 0
365 0.1676669774356175 0.4625210281638685 0
366 0.9045269549943342 0.7065137853268031 0
367 0.09491823243625119 0.7058269930599831 0
368 0.09520340535303504 0.293953244251864 0
369 0.9050817675635654 0.2941730069403078 0
370 0.8618317209068294 0.3873302428266623 0
371 0.8119351470944542 0.3870260339083232 0
372 0.1381682790927941 0.6126697571737232 0
373 0.1880648529047789 0.6129739660921192 0
374 0.8126520750501889 0.6142852424949775 0
375 0.8622297709874367 0.6142591749617226 0
376 0.1873413712083284 0.3857261089194916 0
377 0.1377299703143215 0.3858105551497088 0
378 0.4000009808740144 0.740196835660706 0
379 0.3750009808736534 0.6968955654710189 0
380 0.425000000001246 0.6968911086752076 0
381 0.4500000000011072 0.6535898384859012 0
382 0.4750000000014682 0.6968911086755883 0
383 0.3250068661090142 0.7835248466257442 0
384 0.3750021252253349 0.7835033054452611 0
385 0.3500070295879274 0.8268268596144881 0
386 0.4250011443529276 0.7834988486494499 0
387 0.5750000000018947 0.6968911086767191 0
388 0.5250000000015742 0.696891108675979 0
389 0.5500000000016499 0.653589838487022 0
390 0.5000000000017129 0.7401923788652854 0
391 0.8753490025769812 0.04232734375653401 0
392 0.8253490025768495 0.04232734375653401 0
393 0.325005885236624 0.8701229302083023 0
394 0.3750011443529447 0.8701013890278193 0
395 0.7749999999993992 0.04330127018937413 0
396 0.8003490025767752 0.08562861394590815 0
397 0.7825924727004764 0.1342998006217251 0
398 0.957840802987202 0.5740128595956282 0
399 0.957840802987202 0.5240128595955019 0
400 0.9586949402296521 0.4765383388250444 0
401 0.9165357432168542 0.500551198421852 0
402 0.3000353114120328 0.9135579042775619 0
403 0.2750411966470154 0.8702833748642307 0
404 0.6249999999986909 0.2165063509462894 0
405 0.6499999999988522 0.1732050807571685 0
406 0.6749999999987756 0.216506350946451 0
407 0.3750000000016529 0.9566987298108167 0
408 0.4000000000018968 0.9133974596218282 0
409 0.4250000000019083 0.9566987298110115 0
410 0.624999999998936 0.1299038105678319 0
411 0.6749999999990206 0.1299038105679935 0
412 0.217271802647937 0.866144528976682 0
413 0.2422423764725283 0.8227095549074224 0
414 0.2002471798755543 0.914520572213817 0
415 0.7249999999991309 0.1299038105680392 0
416 0.7575924727002823 0.177601070811016 0
417 0.9549492590562904 0.7297449336155779 0
418 0.949577695938044 0.6767688517104352 0
419 0.5749999999989103 0.0433012701892453 0
420 0.524999999998784 0.0433012701892453 0
421 0.5999999999989891 0.08660254037857373 0
422 0.5749999999988207 0.1299038105677487 0
423 0.3250000000014449 0.9566987298108167 0
424 0.2750353114118362 0.9568591744667452 0
425 0.7235496824515376 0.2173436921729776 0
426 0.6985496824513764 0.2606449623620986 0
427 0.9549492590562904 0.7797449336157096 0
428 0.9568158022323536 0.8274423651407069 0
429 0.3999999999987288 0.2598076211350576 0
430 0.3750402865973578 0.2165296104243518 0
431 0.4250402865973245 0.2165296104244314 0
432 0.6249999999990257 0.04330127018932843 0
433 0.1252118684645502 0.9576613977470718 0
434 0.1752118684647583 0.9576613977470718 0
435 0.05038859910529495 0.3732895269877 0
436 0.09254217862520443 0.3992863971739434 0
437 0.04215357951990948 0.4259968701879079 0
438 0.474999999998819 0.04330127018920667 0
439 0.4249999999989593 0.04330127018920667 0
440 0.2250353114116281 0.9568591744667452 0
441 0.949577695938044 0.6267688517103036 0
442 0.9074184989252458 0.6007817113069849 0
443 0.3749999999990207 0.0433012701891398 0
444 0.3999999999990051 0.08660254037834647 0
445 0.5499999999987633 0.1732050807569284 0
446 0.5249999999988164 0.1299038105676702 0
447 0.4749999999987273 0.2165063509459935 0
448 0.4500402865973562 0.1732283402352877 0
449 0.04481480624774008 0.2706637172656203 0
450 0.05038859910529495 0.3232895269874919 0
451 0.6999999999992148 0.08660254037870256 0
452 0.4999999999989088 0.08660254037845197 0
453 0.7235496824511398 0.3039462325513783 0
454 0.6749999999983778 0.3031088913248516 0
455 0.7249999999992676 0.04330127018937413 0
456 0.6749999999991573 0.04330127018932843 0
457 0.3252417195901282 0.216645907816837 0
458 0.3502820061887238 0.1733678971062108 0
459 0.9568158022323536 0.8774423651408386 0
460 0.3250009808736627 0.6968955654710876 0
461 0.3500000000008944 0.6535898384855892 0
462 0.2172364912372409 0.7793815439420366 0
463 0.2750058852363193 0.7835203898295855 0
464 0.3252417195902804 0.1300433674384877 0
465 0.3750402865975099 0.1299270700460026 0
466 0.04481480624774008 0.2206637172654123 0
467 0.574999999998691 0.2165063509461586 0
468 0.5249999999986867 0.2165063509460801 0
469 0.4999999999986551 0.2598076211352238 0
470 0.7735496824510875 0.3039462325516631 0
471 0.7499999999980889 0.3464101615144163 0
472 0.3014503175461855 0.2606449623613341 0
473 0.2766920371375515 0.217483249043193 0
474 0.2750000000009678 0.6968911086749288 0
475 0.2250000000009492 0.696891108675004 0
476 0.2500000000008851 0.653589838485733 0
477 0.5999999999986145 0.2598076211354411 0
478 0.5249999999985734 0.3031088913244595 0
479 0.4749999999986139 0.3031088913243729 0
480 0.3000009808737268 0.7401968356603585 0
481 0.7811421551528831 0.2217396822266635 0
482 0.4750000000021054 0.9566987298110115 0
483 0.4250011443532001 0.8701013890280138 0
484 0.4749999999988514 0.1299038105676316 0
485 0.4250402865974486 0.1299270700460695 0
486 0.04215357951990948 0.475996870188105 0
487 0.6499999999982389 0.3464101615139222 0
488 0.6249999999984754 0.3031088913246425 0
489 0.3249999999991664 0.0433012701891398 0
490 0.5749999999984756 0.3031088913245117 0
491 0.9586949402296521 0.4265383388251847 0
492 0.4499999999985864 0.3464101615135322 0
493 0.4249999999986681 0.3031088913242965 0
494 0.3749999999987014 0.3031088913242169 0
495 0.2753173175996167 0.1299061822609228 0
496 0.3000755980084028 0.08646535520071463 0
497 0.5250000000019093 0.8700961894330317 0
498 0.5500000000018481 0.8267949192440707 0
499 0.5750000000016977 0.8700961894331113 0
500 0.5250000000019088 0.9566987298110361 0
501 0.5750000000015729 0.9566987298110361 0
502 0.7245913491199716 0.9569346645069916 0
503 0.7745913491196248 0.9569346645069916 0
504 0.6249318915211668 0.9567380522603629 0
505 0.67493189152082 0.9567380522603629 0
506 0.9498965738113934 0.3735092896751771 0
507 0.9498965738113934 0.3235092896753229 0
508 0.6750000000016744 0.6968911086769848 0
509 0.723549682454097 0.6960537674507055 0
510 0.6985496824540206 0.7393550376397292 0
511 0.6250000000017841 0.6968911086768852 0
512 0.6500000000018606 0.6535898384878616 0
513 0.7500000000016716 0.6535898384880656 0
514 0.7735496824540178 0.69605376745081 0
515 0.9085915140410454 0.4000476285013869 0
516 0.2750755980085028 0.04316408501157484 0
517 0.2250755980086485 0.04316408501157484 0
518 0.1752118684636648 0.04233860225271517 0
519 0.1252118684637932 0.04233860225271517 0
520 0.955185193752172 0.2706637172642514 0
521 0.955185193752172 0.2206637172643971 0
522 0.6000000000017084 0.7401923788658423 0
523 0.5750000000017277 0.7834936490549131 0
524 0.6250000000016173 0.7834936490550795 0
525 0.3249999999987305 0.3031088913241637 0
526 0.2764503175461539 0.3039462325505198 0
527 0.5999318915213527 0.9134367820713991 0
528 0.5250000000019392 0.7834936490548335 0
529 0.4750000000018334 0.7834936490544429 0
530 0.5499999999984344 0.3464101615136608 0
531 0.6995232406400982 0.9136727167673545 0
532 0.6746107120363021 0.8700418312022706 0
533 0.7242701696354537 0.8702384434488993 0
534 0.6249318915212916 0.8701355118824381 0
535 0.04481480624780279 0.7293362827358215 0
536 0.04481480624780279 0.7793362827354747 0
537 0.2002874664727555 0.08550268726429001 0
538 0.3499999999986698 0.3464101615134025 0
539 0.2499999999986514 0.3464101615133253 0
540 0.2264503175461064 0.3039462325504957 0
541 0.2175587233167912 0.1340254302662094 0
542 0.0501034261884484 0.6264907103252018 0
543 0.0501034261884484 0.676490710324855 0
544 0.2427248448986687 0.1776034425039825 0
545 0.04130505977021098 0.5234616611756305 0
546 0.04130505977021098 0.5734616611752946 0
547 0.649678820516647 0.8267012385639829 0
548 0.7232285029690504 0.7825626271486327 0
549 0.6746788205166278 0.783399968374912 0
550 0.5000000000019555 0.9133974596220475 0
551 0.475000000002106 0.8700961894330068 0
552 0.218933442854726 0.2216024970484796 0
553 0.450001144353154 0.826800118838998 0
554 0.09140848595865939 0.5999523714991095 0
555 0.08345863929012046 0.4994585313616769 0
556 0.7565975494886911 0.8232853604381924 0
557 0.7815100780924872 0.8669162460032764 0
558 0.7804684114260839 0.7792404297030098 0
559 0.8245046151506366 0.9591941049920614 0
560 0.8745046151504284 0.9591941049920614 0
561 0.04159420180474153 0.8254518954682071 0
562 0.04159420180474153 0.875451895467999 0
563 0.04162356300366427 0.1245655687899059 0
564 0.04162356300366427 0.174565568790114 0
565 0.9584522071213408 0.1745805600608145 0
566 0.9584522071213408 0.1245805600609429 0
567 0.7990959642702615 0.916128769499053 0
568 0.7898477771680236 0.2656690097203446 0
569 0.2087019052844298 0.7351683315064215 0
570 0.2101522228304917 0.2656690097195995 0
571 0.7898477771695684 0.7343309902816424 0
572 0.8704928780365947 0.5615031828470471 0
573 0.129494950728936 0.4385178983499167 0
574 0.8706300873250881 0.4403592919766699 0
575 0.1293699126745566 0.5596407080238162 0
576 0.9133974596212183 0.9633974596214471 0
577 0.9633974596214265 0.9633974596214471 0
578 0.03660254037859624 0.9133974596211956 0
579 0.03660254037859624 0.9633974596214037 0
580 0.963397459621378 0.08660254037846922 0
581 0.963397459621378 0.03660254037856189 0
582 0.9133974596212464 0.03660254037856189 0
583 0.9633974596214265 0.9133974596213155 0
584 0.08660254037880424 0.9633974596214037 0
585 0.08660254037821848 0.0366025403783917 0
586 0.03660254037831114 0.0366025403783917 0
587 0.03660254037831114 0.08660254037859971 0
588 0.8775151967605487 0.5240128595954563 0
589 0.8783693340029988 0.4765383388249989 0
590 0.1224791857465004 0.4759968701881032 0
591 0.1216306659968019 0.5234616611756286 0
592 0.5250000000019978 0.6192616584875898 0
593 0.4750000000014798 0.6192616584873234 0
594 0.5750000000023182 0.6192616584883299 0
595 0.7238195575978433 0.6241602281989629 0
596 0.7738195575977641 0.6241602281990675 0
597 0.6750000000018739 0.6192616584885471 0
598 0.4250000000012576 0.6192616584869428 0
599 0.3750000000008424 0.6192616584868351 0
600 0.6250000000019837 0.6192616584884475 0
601 0.4749999999985067 0.3807383415125402 0
602 0.5249999999984475 0.3807383415125761 0
603 0.424999999998561 0.3807383415124638 0
604 0.3749999999986187 0.3807383415124307 0
605 0.5749999999983497 0.3807383415126283 0
606 0.3249999999986479 0.3807383415123776 0
607 0.6749999999980464 0.3807383415128959 0
608 0.6249999999981442 0.3807383415126867 0
609 0.7683449747582238 0.3828780904051476 0
610 0.7183449747582763 0.3828780904048628 0
611 0.2761804424024115 0.3758397718020995 0
612 0.3250000000008518 0.6192616584869037 0
613 0.226180442402364 0.3758397718020754 0
614 0.2316550252408235 0.6171219095951532 0
615 0.2816550252408422 0.617121909595078 0
616 0.07822610338197541 0.1111681091680896 0
617 0.9218496667427188 0.1111831004395974 0
618 0.8879020747720632 0.9225915646135084 0
619 0.07819674218333778 0.8888493550896108 0
620 0.8887464621984908 0.0789298841350959 0
621 0.1118144088429385 0.9210588573684755 0
622 0.9202132618537802 0.8908398247624173 0
623 0.111814408842197 0.07894114263110688 0
624 0.9108317897006124 0.7833385829944444 0
625 0.8868165246588984 0.7984569069346004 0
626 0.8858832530708667 0.7746081911721017 0
627 0.8877497962469301 0.8223056226970991 0
628 0.8628012596171843 0.8135752308747564 0
629 0.9126983328766758 0.8310360145194418 0
630 0.8886830678349618 0.8461543384595978 0
631 0.8387859945754703 0.8286935548149124 0
632 0.8378527229874386 0.8048448390524137 0
633 0.1133404549900666 0.7736471013581806 0
634 0.111730152768536 0.7967049077245467 0
635 0.08801931027407495 0.7817303718373159 0
636 0.1354409952629971 0.8116794436117778 0
637 0.1101198505470054 0.8197627140909129 0
638 0.1607621399789888 0.8035961731326426 0
639 0.1591518377574582 0.8266539794990089 0
640 0.1085095483254748 0.8428205204572792 0
641 0.0847987058310137 0.8278459845700481 0
642 0.8865740269786651 0.2264948411131027 0
643 0.8882075336632494 0.2034532625113114 0
644 0.9120038941889286 0.218285855927445 0
645 0.8644111731375703 0.1886206690951778 0
646 0.8898410403478338 0.1804116839095201 0
647 0.8389813059273069 0.1968296542808355 0
648 0.8406148126118913 0.1737880756790442 0
649 0.8914745470324181 0.1573701053077288 0
650 0.9152709075580973 0.1722026987238624 0
651 0.1611320910857524 0.1966238765144499 0
652 0.1357023099336238 0.1884759882819816 0
653 0.1595364694637146 0.1735748022768007 0
654 0.111868150403533 0.2033771742871623 0
655 0.1102725287814951 0.1803281000495132 0
656 0.1134637720255709 0.2264262485248116 0
657 0.08803399087344224 0.2182783602923432 0
658 0.08484274762936644 0.1721802118170448 0
659 0.1086769071594572 0.157279025811864 0
660 0.866557670900895 0.767271795401574 0
661 0.890572935942609 0.7521534714614181 0
662 0.8425424058591809 0.78239011934173 0
663 0.8472320887309233 0.7599353996310463 0
664 0.8185271408174669 0.797508443281886 0
665 0.8279065065609514 0.7525990038605186 0
666 0.8519217716026655 0.7374806799203627 0
667 0.1564948470025833 0.781489566914835 0
668 0.1802056894970444 0.796464102802066 0
669 0.1327840045081222 0.766515031027604 0
670 0.1522275540261777 0.7593829606970274 0
671 0.1090731620136611 0.751540495140373 0
672 0.1479602610497721 0.7372763544792198 0
673 0.1716711035442333 0.7522508903664508 0
674 0.8433341169348771 0.218794318027676 0
675 0.819537756409198 0.2039617246115424 0
676 0.8671304774605563 0.2336269114438096 0
677 0.8476869279424474 0.2407589817745166 0
678 0.8909268379862354 0.2484595048599432 0
679 0.8520397389500176 0.2627236455213571 0
680 0.8282433784243385 0.2478910521052236 0
681 0.1329073215435446 0.2335583188551907 0
682 0.1090731620134538 0.2484595048603715 0
683 0.1567414810736353 0.2186571328500098 0
684 0.1523508710615182 0.2406903891855697 0
685 0.1805756406037261 0.203755946844829 0
686 0.1717944205794917 0.2478224595159488 0
687 0.147960261049401 0.2627236455211297 0
688 0.3500000000006162 0.5212333696220375 0
689 0.3283275126206726 0.541396864798162 0
690 0.3283275126206113 0.5201634951761245 0
691 0.3283275126207338 0.5626302344201994 0
692 0.306655025240729 0.5615603599742864 0
693 0.3500000000007386 0.5637001088661124 0
694 0.3283275126207951 0.5838636040422369 0
695 0.2849825378607854 0.581723855150411 0
696 0.2849825378607242 0.5604904855283737 0
697 0.4500000000007197 0.5212333696220912 0
698 0.4250000000008156 0.5424667392441287 0
699 0.4250000000005121 0.5212333696220375 0
700 0.4250000000011191 0.5637001088662199 0
701 0.4000000000009115 0.5637001088661662 0
702 0.4500000000013267 0.5637001088662736 0
703 0.4250000000014227 0.5849334784883111 0
704 0.3750000000010075 0.5849334784882037 0
705 0.3750000000007039 0.5637001088661124 0
706 0.3750000000005814 0.5212333696220375 0
707 0.4000000000005468 0.5212333696220375 0
708 0.3750000000006427 0.542466739244075 0
709 0.2783275126203339 0.5201634951761245 0
710 0.2533275126201951 0.5201634951761245 0
711 0.3033275126204726 0.5201634951761245 0
712 0.281655025240529 0.5403269903522491 0
713 0.2599825378605854 0.5604904855283737 0
714 0.6750000000005686 0.5212333696222833 0
715 0.6500000000006032 0.5212333696222833 0
716 0.700000000000534 0.5212333696222833 0
717 0.6750000000010332 0.5424667392445666 0
718 0.7250000000004992 0.5212333696222833 0
719 0.6750000000014977 0.5637001088668498 0
720 0.6500000000015325 0.5637001088668498 0
721 0.7494097787984839 0.5236826544774912 0
722 0.7244097787989832 0.5449160240997745 0
723 0.7238195575974672 0.5685986785772656 0
724 0.6994097787994824 0.5661493937220576 0
725 0.748229336395452 0.5710479634324734 0
726 0.7232293363959512 0.5922813330547567 0
727 0.6744097787999817 0.5873827633443409 0
728 0.5500000000008747 0.5212333696222244 0
729 0.5250000000012128 0.5424667392443157 0
730 0.5250000000006156 0.5212333696220912 0
731 0.5250000000018099 0.5637001088665401 0
732 0.500000000001551 0.5637001088664069 0
733 0.5500000000020688 0.5637001088666733 0
734 0.5250000000024071 0.5849334784887646 0
735 0.4750000000018891 0.5849334784884982 0
736 0.4750000000012921 0.5637001088662736 0
737 0.475000000000685 0.5212333696220912 0
738 0.5000000000006504 0.5212333696220912 0
739 0.4750000000009885 0.5424667392441824 0
740 0.3249999999999267 0.4787666303778514 0
741 0.3500000000000654 0.4787666303778514 0
742 0.2999999999997879 0.4787666303778514 0
743 0.3249999999994371 0.4575332607557029 0
744 0.2749999999996492 0.4787666303778514 0
745 0.3249999999989476 0.4362998911335543 0
746 0.3499999999990864 0.4362998911335543 0
747 0.4249999999999671 0.4787666303778679 0
748 0.4499999999999325 0.4787666303778679 0
749 0.4000000000000018 0.4787666303778679 0
750 0.4249999999994833 0.4575332607557359 0
751 0.3750000000000365 0.4787666303778679 0
752 0.4249999999989997 0.4362998911336038 0
753 0.449999999998965 0.4362998911336038 0
754 0.3005902212008294 0.4338506062784153 0
755 0.3255902212004786 0.4126172366562668 0
756 0.2755902212011802 0.4550839759005639 0
757 0.2761804424027112 0.4314013214232764 0
758 0.250590221201531 0.4763173455227124 0
759 0.251770663604593 0.4289520365681373 0
760 0.2767706636042422 0.4077186669459887 0
761 0.5249999999998335 0.4787666303778859 0
762 0.5499999999997989 0.4787666303778859 0
763 0.4999999999998682 0.4787666303778859 0
764 0.5249999999993549 0.4575332607557718 0
765 0.4749999999999028 0.4787666303778859 0
766 0.5249999999988761 0.4362998911336577 0
767 0.5499999999988415 0.4362998911336577 0
768 0.4749999999994191 0.4575332607557538 0
769 0.4749999999989354 0.4362998911336218 0
770 0.4999999999989058 0.4362998911336398 0
771 0.4749999999984517 0.4150665215114897 0
772 0.5249999999983925 0.4150665215115257 0
773 0.3999999999990286 0.4362998911335873 0
774 0.4249999999985102 0.4150665215114552 0
775 0.374999999999547 0.4575332607557194 0
776 0.3749999999990575 0.4362998911335708 0
777 0.3749999999985679 0.4150665215114222 0
778 0.625000000001235 0.5424667392445077 0
779 0.6250000000007705 0.5212333696222244 0
780 0.6250000000016998 0.563700108866791 0
781 0.6000000000018669 0.5637001088667322 0
782 0.6250000000021643 0.5849334784890743 0
783 0.5750000000024988 0.5849334784889566 0
784 0.5750000000020341 0.5637001088666733 0
785 0.57500000000084 0.5212333696222244 0
786 0.6000000000008052 0.5212333696222244 0
787 0.575000000001437 0.5424667392444489 0
788 0.6249999999996266 0.4787666303779151 0
789 0.6499999999995919 0.4787666303779151 0
790 0.5999999999996614 0.4787666303779151 0
791 0.6249999999990798 0.4575332607558301 0
792 0.574999999999696 0.4787666303779151 0
793 0.6249999999985331 0.4362998911337452 0
794 0.6499999999984983 0.4362998911337452 0
795 0.5749999999992174 0.4575332607558009 0
796 0.5749999999987387 0.4362998911336868 0
797 0.5999999999986358 0.436299891133716 0
798 0.57499999999826 0.4150665215115728 0
799 0.6249999999980544 0.4150665215116311 0
800 0.7216724873796375 0.4798365048238986 0
801 0.7466724873796029 0.4798365048238986 0
802 0.6966724873796721 0.4798365048238986 0
803 0.7183449747592403 0.4596730096477971 0
804 0.6716724873797069 0.4798365048238986 0
805 0.7150174621388432 0.4395095144716956 0
806 0.7400174621388085 0.4395095144716956 0
807 0.6716724873791601 0.4586031352018136 0
808 0.6716724873786133 0.4373697655797286 0
809 0.6933449747587282 0.4384396400257121 0
810 0.6716724873780665 0.4161363959576437 0
811 0.7150174621382964 0.4182761448496106 0
812 0.1759606710872585 0.8427587306384412 0
813 0.1506395263712668 0.8508420011175764 0
814 0.1421272149850755 0.8750300227361438 0
815 0.1253183816552751 0.8589252715967115 0
816 0.1589360483148758 0.8911347738755762 0
817 0.1336149035988841 0.8992180443547113 0
818 0.09999723693928343 0.8670085420758467 0
819 0.8240632103397773 0.1576614675267934 0
820 0.8494930775500407 0.1494524823411358 0
821 0.8583713424881901 0.1251168890032273 0
822 0.8749229447603042 0.1412434971554781 0
823 0.8418197402160761 0.1089902808509765 0
824 0.8672496074263396 0.1007812956653188 0
825 0.9003528119705676 0.1330345119698204 0
826 0.1590593653497896 0.10893857600639 0
827 0.1422652126196788 0.1250520592748814 0
828 0.133629584197661 0.1007906877739217 0
829 0.1509008410416967 0.1493134307758411 0
830 0.1254710598895681 0.1411655425433727 0
831 0.1763306221938253 0.1574613190083094 0
832 0.1000412787374394 0.1330176543109043 0
833 0.8748448607165992 0.3468664748922098 0
834 0.8580456211688796 0.327575759017381 0
835 0.8829939080750673 0.3277278634765505 0
836 0.8330973342626921 0.3274236545582114 0
837 0.8412463816211602 0.3082850431425521 0
838 0.8249482869042239 0.3465622659738706 0
839 0.8081490473565045 0.3272715500990419 0
840 0.8244471420734406 0.2889943272677233 0
841 0.8493954289796282 0.2891464317268929 0
842 0.1251551392828892 0.6531335251082144 0
843 0.141954378830622 0.6724242409831211 0
844 0.1170060919246295 0.6722721365239233 0
845 0.1669026657366144 0.672576345442319 0
846 0.1587536183783547 0.6917149568580279 0
847 0.1750517130948741 0.6534377340266104 0
848 0.1918509526426068 0.672728449901517 0
849 0.1755528579260874 0.7110056727329345 0
850 0.1506045710200949 0.7108535682737365 0
851 0.8247888479702162 0.6535768047215429 0
852 0.8329378953279916 0.6727154161369591 0
853 0.8081490473593677 0.6727284499035865 0
854 0.8577267432966155 0.6727023823703315 0
855 0.8410869426857669 0.6918540275523752 0
856 0.8743665439074639 0.6535507371882878 0
857 0.8825155912652394 0.672689348603704 0
858 0.8492359900435422 0.7109926389677914 0
859 0.8244471420749184 0.7110056727344188 0
860 0.1751942995516004 0.3464523846284097 0
861 0.167045252193793 0.3273137732129616 0
862 0.1918509526407965 0.327271550097853 0
863 0.1422395517467896 0.3273559963280702 0
864 0.1588962048359857 0.3081751617975136 0
865 0.1255828986575934 0.3465368308586269 0
866 0.1174338512997861 0.3273982194431788 0
867 0.1507471574781785 0.2890365503820655 0
868 0.1755528579251819 0.2889943272669569 0
869 0.8475789376643574 0.8532998165628006 0
870 0.8226304010346117 0.8445694247404578 0
871 0.8725274742941032 0.8620302083851433 0
872 0.8563718807532446 0.8779060783106889 0
873 0.8974760109238489 0.870760600207486 0
874 0.8651648238421318 0.9025123400585772 0
875 0.8402162872123862 0.8937819482362345 0
876 0.234859939072368 0.5382530186007319 0
877 0.2315324264521729 0.5180895234246075 0
878 0.2381874516925632 0.5584165137768566 0
879 0.2163923655245409 0.5563425420253395 0
880 0.2415149643127583 0.5785800089529811 0
881 0.1979247919767136 0.5744320654499471 0
882 0.1945972793565185 0.5542685702738224 0
883 0.7651400609273209 0.4617469813993849 0
884 0.768467573547718 0.4819104765754864 0
885 0.7618125483069237 0.4415834862232834 0
886 0.7836076344750389 0.4436574579748712 0
887 0.7584850356865265 0.4214199910471819 0
888 0.8020752080227569 0.4255679345503575 0
889 0.805402720643154 0.445731429726459 0
890 0.7676455951216643 0.5661104705804285 0
891 0.7670553739201482 0.5897931250579196 0
892 0.7682358163231804 0.5424278161029373 0
893 0.7870618538478766 0.5611729777283835 0
894 0.7688260375246964 0.5187451616254461 0
895 0.8064781125740891 0.5562354848763384 0
896 0.8058878913725731 0.5799181393538297 0
897 0.2323511280075752 0.4338952051268454 0
898 0.2329413492091063 0.4102125506495578 0
899 0.2317609068060442 0.457577859604133 0
900 0.2129315924105575 0.4388383736855535 0
901 0.2311706856045133 0.4812605140814205 0
902 0.1935120568135398 0.4437815422442616 0
903 0.1941022780150707 0.420098887766974 0
904 0.1829884093398864 0.5000000000015412 0
905 0.1868580326787638 0.5180895234256349 0
906 0.1645208357920592 0.5180895234261487 0
907 0.2091952295654683 0.5180895234251212 0
908 0.1907276560176411 0.5361790468497287 0
909 0.2276628031132955 0.5000000000005137 0
910 0.1722600824698139 0.5542685702743362 0
911 0.81701159066002 0.4999999999989524 0
912 0.8131419673210647 0.4819104765747879 0
913 0.835479164207738 0.4819104765744388 0
914 0.7908047704343913 0.4819104765751372 0
915 0.8092723439821093 0.4638209531506235 0
916 0.7723371968866733 0.4999999999996508 0
917 0.8277399175298273 0.4457314297261098 0
918 0.7911632344113697 0.518745161625097 0
919 0.8135004312980431 0.5187451616247478 0
920 0.8099892719360661 0.5374903232505431 0
921 0.8358376281847164 0.5187451616243985 0
922 0.8288153094607624 0.5562354848759894 0
923 0.2088334887178087 0.4812605140819342 0
924 0.1864962918311042 0.481260514082448 0
925 0.190004174322322 0.4625210281633547 0
926 0.1641590949443997 0.4812605140829617 0
927 0.1711748599268353 0.4437815422447753 0
928 0.901841173435211 0.6800257443742317 0
929 0.8852013728243625 0.6991773895562754 0
930 0.8878871543834858 0.7256654305088468 0
931 0.868561572213514 0.7183290347383191 0
932 0.9072127365534575 0.7330018262793745 0
933 0.09227392246592839 0.7322497792654663 0
934 0.1117174719839839 0.7251177089348897 0
935 0.1143617819543067 0.6986949227294065 0
936 0.1311610215020394 0.7179856386043131 0
937 0.097562542406574 0.6794042068544999 0
938 0.09799030178181248 0.3202661491127997 0
939 0.1146469548710087 0.3010853145822431 0
940 0.1118600584422312 0.2747724097213073 0
941 0.1313036079602048 0.2819044800516864 0
942 0.0924165089242576 0.2676403393909282 0
943 0.9077260775339548 0.2677502207347721 0
944 0.888282528015846 0.274882291065479 0
945 0.8856382180454565 0.3013050772710147 0
946 0.8688389784977371 0.282014361396186 0
947 0.9024374575931761 0.3205957931458435 0
948 0.8309158604524329 0.3668702021706817 0
949 0.8059675735462453 0.3667180977115121 0
950 0.8558641473586205 0.3670223066298512 0
951 0.8368834340006418 0.3871781383674927 0
952 0.880812434264808 0.3671744110890208 0
953 0.8428510075488507 0.4074860745643038 0
954 0.8179027206426631 0.4073339701051343 0
955 0.1690841395468303 0.6331297978297659 0
956 0.1940324264528227 0.6332819022889637 0
957 0.1441358526408379 0.6329776933705678 0
958 0.1631165659987865 0.6128218616329212 0
959 0.1191875657348455 0.6328255889113699 0
960 0.1571489924507427 0.5925139254360765 0
961 0.1820972793567351 0.5926660298952746 0
962 0.8559037334631384 0.633911472958319 0
963 0.8806925814317623 0.6338984391916915 0
964 0.8311148854945145 0.6339245067249464 0
965 0.8374409230188128 0.6142722087283501 0
966 0.8063260375258906 0.6339375404915739 0
967 0.8189781125744872 0.5946329444983811 0
968 0.8437669605431111 0.5946199107317536 0
969 0.1440592847094592 0.3661525814466136 0
970 0.1192535842624557 0.3661948045617222 0
971 0.1688649851564626 0.366110358331505 0
972 0.1625356707613249 0.3857683320346002 0
973 0.1936706856034661 0.3660681352163964 0
974 0.1810120568131907 0.4053840826225868 0
975 0.1562063563661872 0.4054263057376954 0
976 0.4250004904378107 0.7401946072628004 0
977 0.4125004904376302 0.7185439721679568 0
978 0.4375000000014265 0.7185417437700512 0
979 0.3875009808738339 0.7185462005658625 0
980 0.4000004904374497 0.6968933370731133 0
981 0.3750014713102181 0.7401990640586116 0
982 0.3625014713100376 0.718548428963768 0
983 0.3875004904372692 0.6752427019782697 0
984 0.4125000000010655 0.6752404735803641 0
985 0.4500000000013571 0.6968911086753979 0
986 0.4625000000015376 0.7185417437702415 0
987 0.4375000000011766 0.6752404735805544 0
988 0.4625000000012877 0.6752404735807448 0
989 0.4250000000009961 0.6535898384857108 0
990 0.4750000000012183 0.6535898384860916 0
991 0.4875000000013988 0.6752404735809352 0
992 0.3125093182903105 0.8051866237103577 0
993 0.3375069478484708 0.8051758531201161 0
994 0.3250094000297671 0.8268376302047296 0
995 0.3500044956671745 0.7835140760355026 0
996 0.3625045774066311 0.8051650825298746 0
997 0.337504413927718 0.7618630695411307 0
998 0.3625020434858783 0.7618522989508891 0
999 0.3875022069647915 0.805154311939633 0
1000 0.3750046591460877 0.8268160890242465 0
1001 0.3875015530496747 0.7618500705529836 0
1002 0.412501062613471 0.7618478421550779 0
1003 0.4000016347891312 0.7835010770473555 0
1004 0.4375005721772673 0.7618456137571723 0
1005 0.4125017165285878 0.8051520835417274 0
1006 0.5875000000019326 0.6752404735822406 0
1007 0.5625000000017724 0.6752404735818706 0
1008 0.5750000000018102 0.6535898384873919 0
1009 0.5500000000017344 0.6968911086763491 0
1010 0.5375000000016121 0.6752404735815005 0
1011 0.5625000000018567 0.7185417437711976 0
1012 0.5375000000016965 0.7185417437708276 0
1013 0.5125000000014519 0.6752404735811305 0
1014 0.5250000000014897 0.653589838486652 0
1015 0.5250000000017658 0.7401923788654807 0
1016 0.5125000000016435 0.7185417437706323 0
1017 0.4875000000015905 0.7185417437704369 0
1018 0.5000000000015212 0.6968911086757836 0
1019 0.4750000000016599 0.7401923788650902 0
1020 0.8376745012882273 0.02116367187826701 0
1021 0.8126745012881614 0.02116367187826701 0
1022 0.8626745012882931 0.02116367187826701 0
1023 0.8503490025769154 0.04232734375653401 0
1024 0.887674501288359 0.02116367187826701 0
1025 0.8630235038656033 0.06349101563480102 0
1026 0.8380235038655375 0.06349101563480102 0
1027 0.3375029426191327 0.8917601949149679 0
1028 0.3500035147947843 0.8701121596180608 0
1029 0.362500572177293 0.8917494243247264 0
1030 0.3375064574122757 0.8484748949113952 0
1031 0.362504086970436 0.8484641243211537 0
1032 0.3125088278541154 0.8484856655016367 0
1033 0.3875017165285964 0.8484533537309121 0
1034 0.762499999999362 0.0649519052840612 0
1035 0.7876745012880872 0.06446494206764114 0
1036 0.7751745012880501 0.08611557716232821 0
1037 0.8001745012881243 0.04281430697295407 0
1038 0.8128490025768124 0.06397797885122108 0
1039 0.7874999999994363 0.02165063509468707 0
1040 0.8255235038655004 0.08514165072948809 0
1041 0.7988887090510521 0.1581484307432135 0
1042 0.8077669739892015 0.1338128374053051 0
1043 0.7914707376386259 0.1099642072838166 0
1044 0.816645238927351 0.1094772440673966 0
1045 0.7662962363499006 0.1104511705002367 0
1046 0.978920401493601 0.5370064297971613 0
1047 0.978920401493601 0.5120064297970981 0
1048 0.978920401493601 0.5620064297972244 0
1049 0.957840802987202 0.549012859595565 0
1050 0.978920401493601 0.5870064297972875 0
1051 0.9367612044808029 0.5610192893939688 0
1052 0.9367612044808029 0.5360192893939058 0
1053 0.9380424103444782 0.4648075082382195 0
1054 0.9376153417232531 0.4885447686234482 0
1055 0.9169628118380793 0.4768139380366233 0
1056 0.958267871608427 0.5002755992102732 0
1057 0.937188273102028 0.5122820290086769 0
1058 0.979347470114826 0.4882691694118694 0
1059 0.9161086745956291 0.5242884588070807 0
1060 0.3250176557068371 0.9134776819495978 0
1061 0.3125205983243284 0.8918404172429322 0
1062 0.2875382540295241 0.8919206395708963 0
1063 0.3000235409418197 0.8702031525362666 0
1064 0.2750529671172285 0.9136381266055261 0
1065 0.2625559097347198 0.8920008618988605 0
1066 0.287526483559311 0.848565887829601 0
1067 0.6374999999986526 0.2381569860409306 0
1068 0.6499999999987333 0.2165063509463702 0
1069 0.6624999999986949 0.2381569860410114 0
1070 0.6374999999987716 0.194855715851729 0
1071 0.6624999999988139 0.1948557158518097 0
1072 0.6124999999987293 0.1948557158516482 0
1073 0.6249999999988098 0.1732050807570877 0
1074 0.6749999999988945 0.1732050807572493 0
1075 0.6874999999988562 0.1948557158518905 0
1076 0.3875000000016586 0.9783493649054084 0
1077 0.4000000000017806 0.9566987298109141 0
1078 0.4125000000017863 0.9783493649055057 0
1079 0.3875000000017749 0.9350480947163224 0
1080 0.4125000000019026 0.9350480947164198 0
1081 0.3625000000016472 0.9350480947162252 0
1082 0.3750000000017691 0.9133974596217309 0
1083 0.4250000000020245 0.9133974596219254 0
1084 0.4375000000020303 0.9350480947165172 0
1085 0.6124999999988517 0.1515544456624194 0
1086 0.6374999999988941 0.1515544456625002 0
1087 0.6499999999989783 0.1299038105679127 0
1088 0.6624999999989364 0.151554445662581 0
1089 0.6374999999990203 0.1082531754732444 0
1090 0.6624999999990626 0.1082531754733252 0
1091 0.6874999999989787 0.1515544456626618 0
1092 0.2586417865597718 0.8464964648858265 0
1093 0.2711270734720675 0.8247789778511967 0
1094 0.2461564996474762 0.8682139519204564 0
1095 0.2297570895602327 0.8444270419420522 0
1096 0.2336712127351805 0.8899314389550862 0
1097 0.2008723925606934 0.8423576189982778 0
1098 0.2133576794729891 0.820640131963648 0
1099 0.2251589013489892 0.9141194605736537 0
1100 0.2087594912617456 0.8903325505952495 0
1101 0.1838477697883107 0.8907336622354128 0
1102 0.1923600811745021 0.8665456406168454 0
1103 0.1753354584021194 0.9149216838539803 0
1104 0.7124999999990338 0.1515544456626847 0
1105 0.7412962363497066 0.1537524406895276 0
1106 0.7287962363496095 0.1754030757841731 0
1107 0.7537962363498036 0.1321018055948822 0
1108 0.7700924727003793 0.1559504357163706 0
1109 0.737499999999228 0.1082531754733937 0
1110 0.786388709050955 0.179799065837859 0
1111 0.9774746295281451 0.714872466807394 0
1112 0.9522634774971672 0.7032568926630065 0
1113 0.974788847969022 0.6883844258548226 0
1114 0.9297381070253123 0.7181293594711905 0
1115 0.9270523254661891 0.6916413185186192 0
1116 0.9324238885844356 0.7446174004237618 0
1117 0.9243665439070659 0.6651532775660478 0
1118 0.5374999999988023 0.02165063509462265 0
1119 0.5124999999987392 0.02165063509462265 0
1120 0.5624999999988654 0.02165063509462265 0
1121 0.5499999999988472 0.0433012701892453 0
1122 0.5874999999989285 0.02165063509462265 0
1123 0.562499999998892 0.06495190528386795 0
1124 0.5374999999988288 0.06495190528386795 0
1125 0.5749999999989315 0.08660254037853216 0
1126 0.5874999999989049 0.1082531754731612 0
1127 0.5624999999988471 0.1082531754731196 0
1128 0.6124999999989625 0.1082531754732028 0
1129 0.5999999999988783 0.1299038105677903 0
1130 0.6249999999990468 0.0866025403786153 0
1131 0.5874999999987941 0.1515544456623778 0
1132 0.3375000000015431 0.9350480947162252 0
1133 0.3125176557067388 0.9351283170441893 0
1134 0.3000176557066405 0.9567789521387809 0
1135 0.2875353114119345 0.9352085393721535 0
1136 0.3125000000013466 0.9783493649054084 0
1137 0.2875176557065423 0.9784295872333726 0
1138 0.2625529671171302 0.9352887617001178 0
1139 0.686774841225076 0.2385756566542748 0
1140 0.6742748412249954 0.2602262917488353 0
1141 0.6992748412251566 0.2169250215597143 0
1142 0.7110496824514569 0.2389943272675381 0
1143 0.7117748412252372 0.1952743864651539 0
1144 0.7353245236778381 0.2394129978808014 0
1145 0.7228245236777574 0.2610636329753619 0
1146 0.9324238885844356 0.7696174004238276 0
1147 0.9333571601724673 0.7934661161863263 0
1148 0.9558825306443219 0.8035936493782083 0
1149 0.9342904317604989 0.817314831948825 0
1150 0.9774746295281451 0.7898724668075915 0
1151 0.9784079011161768 0.8137211825700901 0
1152 0.9352237033485304 0.8411635477113237 0
1153 0.4249999999987122 0.2598076211350974 0
1154 0.4125201432980267 0.2381686157797445 0
1155 0.43752014329801 0.2381686157797843 0
1156 0.3875201432980433 0.2381686157797047 0
1157 0.4000402865973411 0.2165296104243916 0
1158 0.3749999999987454 0.2598076211350178 0
1159 0.3625201432980599 0.2381686157796649 0
1160 0.3875604298966556 0.1948906050690387 0
1161 0.412560429896639 0.1948906050690785 0
1162 0.5874999999989496 0.06495190528390951 0
1163 0.599999999998968 0.04330127018928687 0
1164 0.6124999999990074 0.06495190528395109 0
1165 0.6124999999989862 0.02165063509466422 0
1166 0.6374999999990651 0.06495190528399264 0
1167 0.1626059342326912 0.9788306988735359 0
1168 0.1876059342327953 0.9788306988735359 0
1169 0.1376059342325872 0.9788306988735359 0
1170 0.1502118684646543 0.9576613977470718 0
1171 0.1126059342324831 0.9788306988735359 0
1172 0.1378178026966174 0.9364920966206077 0
1173 0.1628178026967214 0.9364920966206077 0
1174 0.02519429955264748 0.3866447634946822 0
1175 0.04627108931260222 0.3996431985878039 0
1176 0.02107678975995474 0.4129984350947862 0
1177 0.0714653888652497 0.3862879620808217 0
1178 0.06734787907255696 0.4126416336809257 0
1179 0.07558289865794243 0.3599342904807178 0
1180 0.09665968841789717 0.3729327255738394 0
1181 0.0884246688325117 0.4256400687740474 0
1182 0.06323036927986422 0.4389953052810296 0
1183 0.437499999998897 0.02165063509460333 0
1184 0.4124999999989671 0.02165063509460333 0
1185 0.4624999999988268 0.02165063509460333 0
1186 0.4499999999988892 0.04330127018920667 0
1187 0.4874999999987567 0.02165063509460333 0
1188 0.4624999999988814 0.06495190528381001 0
1189 0.4374999999989516 0.06495190528381001 0
1190 0.2001235899381932 0.9572602861069085 0
1191 0.2125176557062302 0.9784295872333726 0
1192 0.1877295241701563 0.9360909849804444 0
1193 0.2126412456435912 0.9356898733402811 0
1194 0.2375529671170261 0.9352887617001178 0
1195 0.9774746295281451 0.7398724668074598 0
1196 0.9774746295281451 0.7648724668075256 0
1197 0.9549492590562904 0.7547449336156438 0
1198 0.974788847969022 0.6133844258546253 0
1199 0.9537092494626229 0.6003908556529659 0
1200 0.9284980974316449 0.6137752815086442 0
1201 0.932629650956224 0.5873972854513065 0
1202 0.9243665439070659 0.6401532775659819 0
1203 0.9032869454006669 0.6271597073643227 0
1204 0.9115500524498249 0.5744037152496472 0
1205 0.3624999999990435 0.0649519052837097 0
1206 0.3874999999990129 0.06495190528374313 0
1207 0.3749999999990358 0.08660254037831303 0
1208 0.39999999999899 0.04330127018917324 0
1209 0.4124999999989822 0.06495190528377656 0
1210 0.3874999999989978 0.0216506350945699 0
1211 0.4249999999989744 0.0866025403783799 0
1212 0.5499999999988185 0.1299038105677094 0
1213 0.537499999998845 0.1082531754730804 0
1214 0.562499999998792 0.1515544456623386 0
1215 0.5374999999987898 0.1515544456622993 0
1216 0.5749999999987654 0.1732050807569677 0
1217 0.5249999999987611 0.1732050807568891 0
1218 0.5124999999987877 0.15155444566226 0
1219 0.4874999999987432 0.1948557158514216 0
1220 0.4625201432980417 0.1948673455906406 0
1221 0.4750201432980576 0.1732167104960687 0
1222 0.4500201432980259 0.2165179806852124 0
1223 0.4375402865973403 0.1948789753298595 0
1224 0.4624999999987114 0.2381569860405653 0
1225 0.4250604298966548 0.1732399699745066 0
1226 0.02240740312387004 0.2853318586334343 0
1227 0.04760170267651752 0.2969766221265561 0
1228 0.02519429955264748 0.3116447634943701 0
1229 0.07000910580038755 0.2823084807587422 0
1230 0.07279600222916499 0.3086213856196779 0
1231 0.06722220937161011 0.2559955758978063 0
1232 0.07558289865794243 0.3349342904806137 0
1233 0.6749999999991596 0.0866025403786797 0
1234 0.6874999999991177 0.108253175473348 0
1235 0.7124999999991728 0.1082531754733709 0
1236 0.6999999999990758 0.1299038105680164 0
1237 0.7249999999992699 0.08660254037872542 0
1238 0.4999999999988015 0.04330127018922598 0
1239 0.5124999999988464 0.06495190528384864 0
1240 0.4874999999988639 0.06495190528382933 0
1241 0.5249999999988912 0.08660254037847129 0
1242 0.4749999999989263 0.08660254037843265 0
1243 0.6867748412248771 0.2818769268434751 0
1244 0.6624999999984961 0.2814582562302117 0
1245 0.7110496824512581 0.2822955974567385 0
1246 0.6992748412247588 0.3035275619381149 0
1247 0.7353245236776391 0.2827142680700018 0
1248 0.7117748412246405 0.3251781970327549 0
1249 0.6874999999982595 0.3247595264194915 0
1250 0.7124999999992387 0.02165063509468707 0
1251 0.6999999999992124 0.04330127018935128 0
1252 0.6874999999991837 0.02165063509466422 0
1253 0.7124999999992412 0.06495190528403835 0
1254 0.687499999999186 0.0649519052840155 0
1255 0.7374999999992963 0.0649519052840612 0
1256 0.6624999999991309 0.06495190528399264 0
1257 0.3376208597944451 0.2382267644759075 0
1258 0.350141003093743 0.2165877591205944 0
1259 0.337761862889426 0.1950069024615239 0
1260 0.3626611463930408 0.1949487537652813 0
1261 0.3128625793858112 0.1950650511577665 0
1262 0.325382722685109 0.1734260458024534 0
1263 0.3751812896923386 0.1733097484099682 0
1264 0.9784079011161768 0.8387211825701559 0
1265 0.9784079011161768 0.8637211825702218 0
1266 0.9568158022323536 0.8524423651407728 0
1267 0.9784079011161768 0.8887211825702876 0
1268 0.9352237033485304 0.8661635477113896 0
1269 0.974788847969022 0.638384425854691 0
1270 0.974788847969022 0.6633844258547568 0
1271 0.949577695938044 0.6517688517103695 0
1272 0.3375014713100423 0.7185484289638024 0
1273 0.3500009808736581 0.6968955654710532 0
1274 0.3375004904372785 0.6752427019783384 0
1275 0.3625004904372739 0.675242701978304 0
1276 0.3125004904372832 0.6752427019783727 0
1277 0.325000000000899 0.6535898384856235 0
1278 0.3750000000008897 0.6535898384855549 0
1279 0.637499999999052 0.02165063509466422 0
1280 0.6624999999991179 0.02165063509466422 0
1281 0.6499999999990915 0.04330127018932843 0
1282 0.2586241308544238 0.8031149723685039 0
1283 0.287508827853963 0.8051843953122784 0
1284 0.2297394338548846 0.8010455494247295 0
1285 0.2461211882367801 0.7814509668858111 0
1286 0.2008547368553454 0.7989761264809552 0
1287 0.2336182456191364 0.7597869614031182 0
1288 0.2625029426186756 0.7618563843468926 0
1289 0.3128625793858874 0.1517637809685918 0
1290 0.3377618628895021 0.1517056322723493 0
1291 0.3501410030938952 0.1299852187422452 0
1292 0.3626611463931169 0.1516474835761067 0
1293 0.3376208597946734 0.1083229539083836 0
1294 0.3625201432982881 0.1082648052121411 0
1295 0.3875604298967317 0.1515893348798641 0
1296 0.02240740312387004 0.2603318586333303 0
1297 0.02240740312387004 0.2353318586332263 0
1298 0.04481480624774008 0.2456637172655163 0
1299 0.02240740312387004 0.2103318586331223 0
1300 0.06722220937161011 0.2309955758977024 0
1301 0.537499999998725 0.1948557158515042 0
1302 0.5124999999987229 0.1948557158514649 0
1303 0.5624999999987271 0.1948557158515435 0
1304 0.5499999999986889 0.2165063509461194 0
1305 0.5874999999987293 0.1948557158515828 0
1306 0.5624999999986529 0.2381569860407345 0
1307 0.5374999999986507 0.2381569860406952 0
1308 0.499999999998707 0.2165063509460368 0
1309 0.5124999999986709 0.2381569860406519 0
1310 0.4874999999986912 0.2381569860406086 0
1311 0.5249999999986348 0.2598076211352671 0
1312 0.4749999999986754 0.2598076211351805 0
1313 0.7367748412246143 0.3251781970328973 0
1314 0.724999999998115 0.3464101615142738 0
1315 0.7485496824511136 0.3039462325515207 0
1316 0.7617748412245882 0.3251781970330397 0
1317 0.7603245236776129 0.2827142680701441 0
1318 0.7867748412245619 0.3251781970331821 0
1319 0.7749999999980626 0.3464101615145587 0
1320 0.3625000000015547 0.9783493649054084 0
1321 0.3375000000014506 0.9783493649054084 0
1322 0.3500000000015489 0.9566987298108167 0
1323 0.3257251587724738 0.260226291748156 0
1324 0.3133460185681569 0.2386454350890856 0
1325 0.2890711773418685 0.2390641057022636 0
1326 0.3009668783638398 0.217064578430015 0
1327 0.2771754763198971 0.2610636329745122 0
1328 0.2647963361155802 0.2394827763154416 0
1329 0.2885877381595229 0.1954837217709444 0
1330 0.2625176557064383 0.9784295872333726 0
1331 0.2375176557063342 0.9784295872333726 0
1332 0.2500353114117321 0.9568591744667452 0
1333 0.02519429955264748 0.3616447634945782 0
1334 0.02519429955264748 0.3366447634944741 0
1335 0.05038859910529495 0.348289526987596 0
1336 0.7374999999993046 0.02165063509468707 0
1337 0.7624999999993705 0.02165063509468707 0
1338 0.7499999999993334 0.04330127018937413 0
1339 0.2875000000009358 0.6752404735802933 0
1340 0.2625000000009264 0.6752404735803309 0
1341 0.2750000000008944 0.6535898384856954 0
1342 0.2500000000009585 0.6968911086749664 0
1343 0.2375000000009171 0.6752404735803685 0
1344 0.2625000000009998 0.7185417437695643 0
1345 0.2375000000009905 0.7185417437696019 0
1346 0.2125000000009079 0.6752404735804062 0
1347 0.2250000000008758 0.6535898384857707 0
1348 0.5874999999986528 0.2381569860407999 0
1349 0.5749999999986146 0.2598076211353757 0
1350 0.5999999999986909 0.216506350946224 0
1351 0.6124999999986527 0.2381569860408652 0
1352 0.6249999999986144 0.2598076211355065 0
1353 0.4874999999986345 0.2814582562297984 0
1354 0.4624999999986548 0.2814582562297551 0
1355 0.5124999999986142 0.2814582562298417 0
1356 0.4999999999985937 0.3031088913244162 0
1357 0.537499999998594 0.2814582562298849 0
1358 0.5124999999985528 0.3247595264190341 0
1359 0.487499999998573 0.3247595264189908 0
1360 0.3250014713100743 0.7401990640584379 0
1361 0.3125009808736947 0.718546200565723 0
1362 0.2875004904373473 0.7185439721676437 0
1363 0.3000004904373152 0.6968933370730082 0
1364 0.2750004904373793 0.7401946072622791 0
1365 0.7523459188022104 0.2195416871998205 0
1366 0.7641207600285107 0.2416109929076443 0
1367 0.74057107757591 0.1974723814919968 0
1368 0.7693673139265826 0.1996703765188397 0
1369 0.7981635502772555 0.2018683715456827 0
1370 0.4625000000019835 0.9783493649055057 0
1371 0.487500000002082 0.9783493649055057 0
1372 0.4375000000018849 0.9783493649055057 0
1373 0.4500000000020069 0.9566987298110115 0
1374 0.4625000000021288 0.9350480947165172 0
1375 0.4125005721775484 0.891749424324921 0
1376 0.4375005721776761 0.8917494243250184 0
1377 0.3875005721774207 0.8917494243248237 0
1378 0.4000011443530724 0.8701013890279166 0
1379 0.4125017165287241 0.8484533537310094 0
1380 0.5124999999988626 0.1082531754730611 0
1381 0.4999999999988339 0.1299038105676509 0
1382 0.4874999999988801 0.1082531754730418 0
1383 0.4874999999988052 0.1515544456622407 0
1384 0.4624999999988976 0.1082531754730225 0
1385 0.3000063756726667 0.7835226182276649 0
1386 0.287503433055023 0.761858612744972 0
1387 0.3125039234913705 0.7618608411430514 0
1388 0.3875201432982575 0.1082648052121745 0
1389 0.4125201432982268 0.108264805212208 0
1390 0.4000402865974793 0.129927070046036 0
1391 0.4375201432981962 0.1082648052122414 0
1392 0.412560429896701 0.1515893348798976 0
1393 0.02107678975995474 0.4629984350949833 0
1394 0.02107678975995474 0.4879984350950818 0
1395 0.02107678975995474 0.4379984350948847 0
1396 0.04215357951990948 0.4509968701880064 0
1397 0.06323036927986422 0.4639953052811282 0
1398 0.6499999999984266 0.3031088913247471 0
1399 0.6374999999985449 0.2814582562301072 0
1400 0.6624999999983083 0.3247595264193869 0
1401 0.6374999999983572 0.3247595264192824 0
1402 0.67499999999819 0.3464101615140268 0
1403 0.6249999999982878 0.3464101615138176 0
1404 0.612499999998406 0.3247595264191778 0
1405 0.3374999999991435 0.0216506350945699 0
1406 0.3124999999992164 0.0216506350945699 0
1407 0.3624999999990707 0.0216506350945699 0
1408 0.3499999999990935 0.0433012701891398 0
1409 0.3374999999991164 0.0649519052837097 0
1410 0.5874999999985451 0.2814582562299764 0
1411 0.5624999999985452 0.281458256229911 0
1412 0.612499999998545 0.2814582562300418 0
1413 0.5999999999984755 0.3031088913245771 0
1414 0.5874999999984061 0.3247595264191123 0
1415 0.979347470114826 0.4382691694120097 0
1416 0.979347470114826 0.4132691694120798 0
1417 0.979347470114826 0.4632691694119395 0
1418 0.9586949402296521 0.4515383388251146 0
1419 0.9380424103444782 0.4398075082382896 0
1420 0.45002014329815 0.1299154403068505 0
1421 0.4625201432981038 0.1515660754014596 0
1422 0.4375402865974024 0.1515777051406786 0
1423 0.449999999998641 0.3031088913243347 0
1424 0.4374999999986818 0.2814582562297169 0
1425 0.4624999999986001 0.3247595264189526 0
1426 0.4374999999986273 0.3247595264189144 0
1427 0.4749999999985592 0.3464101615135704 0
1428 0.4249999999986135 0.346410161513494 0
1429 0.4124999999986544 0.3247595264188761 0
1430 0.4124999999986985 0.2814582562296771 0
1431 0.3999999999986847 0.3031088913242567 0
1432 0.3874999999987151 0.2814582562296373 0
1433 0.387499999998671 0.3247595264188363 0
1434 0.3624999999987317 0.2814582562295975 0
1435 0.3126586587993416 0.1082543613196012 0
1436 0.3250377990037346 0.08653394778949711 0
1437 0.3002795185949486 0.1299747748497053 0
1438 0.2876964578040098 0.1081857687308187 0
1439 0.2879003783905555 0.1516951883798093 0
1440 0.2627342568086779 0.1081171761420362 0
1441 0.2751133970130709 0.08639676261193216 0
1442 0.5375000000018341 0.8917468245275519 0
1443 0.5500000000018035 0.8700961894330714 0
1444 0.5625000000017283 0.8917468245275918 0
1445 0.5375000000018787 0.8484455543385512 0
1446 0.5625000000017729 0.8484455543385909 0
1447 0.5125000000019846 0.8484455543385113 0
1448 0.5250000000019539 0.8267949192440308 0
1449 0.5750000000017423 0.8267949192441104 0
1450 0.5875000000016671 0.8484455543386308 0
1451 0.5625000000016478 0.978349364905518 0
1452 0.5875000000014798 0.978349364905518 0
1453 0.5375000000018157 0.978349364905518 0
1454 0.5500000000017409 0.9566987298110361 0
1455 0.5125000000019837 0.978349364905518 0
1456 0.5375000000018338 0.9350480947165543 0
1457 0.5625000000016659 0.9350480947165543 0
1458 0.7622956745599857 0.9784673322534958 0
1459 0.7872956745598123 0.9784673322534958 0
1460 0.7372956745601591 0.9784673322534958 0
1461 0.7495913491197982 0.9569346645069916 0
1462 0.7122956745603325 0.9784673322534958 0
1463 0.7368870236796107 0.9354019967604874 0
1464 0.7618870236794373 0.9354019967604874 0
1465 0.6624659457609301 0.9783690261301814 0
1466 0.6874659457607567 0.9783690261301814 0
1467 0.6374659457611035 0.9783690261301814 0
1468 0.6499318915209934 0.9567380522603629 0
1469 0.6124659457612769 0.9783690261301814 0
1470 0.6373978372810567 0.9351070783905444 0
1471 0.6623978372808833 0.9351070783905444 0
1472 0.9749482869056967 0.3367546448372218 0
1473 0.9749482869056967 0.3117546448372946 0
1474 0.9749482869056967 0.3617546448371489 0
1475 0.9498965738113934 0.34850928967525 0
1476 0.9749482869056967 0.386754644837076 0
1477 0.92484486071709 0.3602639345132782 0
1478 0.92484486071709 0.3352639345133511 0
1479 0.6625000000016361 0.7185417437714967 0
1480 0.6867748412278475 0.718123073158357 0
1481 0.6742748412278092 0.7397737082528688 0
1482 0.6992748412278857 0.6964724380638452 0
1483 0.7110496824540589 0.7177044025452173 0
1484 0.6875000000017126 0.6752404735824729 0
1485 0.7117748412279239 0.6748218029693333 0
1486 0.7353245236802701 0.7172857319320777 0
1487 0.722824523680232 0.7389363670265896 0
1488 0.637500000001691 0.7185417437714469 0
1489 0.6500000000017292 0.6968911086769349 0
1490 0.6375000000018224 0.6752404735823734 0
1491 0.6625000000017676 0.6752404735824231 0
1492 0.6125000000018772 0.6752404735823236 0
1493 0.6250000000019156 0.6535898384878118 0
1494 0.6750000000018057 0.6535898384879113 0
1495 0.7485496824540574 0.6960537674507578 0
1496 0.7603245236802305 0.71728573193213 0
1497 0.7367748412278843 0.6748218029693855 0
1498 0.7617748412278447 0.6748218029694378 0
1499 0.7250000000017112 0.6535898384880133 0
1500 0.7750000000016319 0.653589838488118 0
1501 0.7867748412278051 0.6748218029694901 0
1502 0.9542957570205227 0.4000238142501809 0
1503 0.9336432271353488 0.4132929836632858 0
1504 0.9292440439262194 0.386778459088282 0
1505 0.9129906972501749 0.4265621530763907 0
1506 0.9041923308319161 0.3735331039263831 0
1507 0.3000377990038346 0.04323267760035732 0
1508 0.2875377990038846 0.02158204250578742 0
1509 0.3125377990037846 0.06488331269492721 0
1510 0.2875755980084528 0.06481472010614474 0
1511 0.2626133970131209 0.06474612751736226 0
1512 0.2375377990040303 0.02158204250578742 0
1513 0.2125377990041032 0.02158204250578742 0
1514 0.2625377990039575 0.02158204250578742 0
1515 0.2500755980085757 0.04316408501157484 0
1516 0.2376133970131938 0.06474612751736226 0
1517 0.1376059342317398 0.02116930112635759 0
1518 0.1126059342318039 0.02116930112635759 0
1519 0.1626059342316755 0.02116930112635759 0
1520 0.150211868463729 0.04233860225271517 0
1521 0.1876059342316113 0.02116930112635759 0
1522 0.1628178026957183 0.06350790337907275 0
1523 0.1378178026957825 0.06350790337907275 0
1524 0.977592596876086 0.2353318586319046 0
1525 0.977592596876086 0.2103318586319775 0
1526 0.977592596876086 0.2603318586318318 0
1527 0.955185193752172 0.2456637172643243 0
1528 0.977592596876086 0.2853318586317589 0
1529 0.9327777906282582 0.2559955758967439 0
1530 0.9327777906282582 0.2309955758968167 0
1531 0.6250000000016531 0.7401923788659255 0
1532 0.6125000000017462 0.7185417437713637 0
1533 0.5875000000018016 0.7185417437712807 0
1534 0.6000000000018394 0.6968911086768022 0
1535 0.5750000000017637 0.7401923788657592 0
1536 0.5875000000016821 0.8051442841495318 0
1537 0.6000000000016725 0.7834936490549963 0
1538 0.612500000001627 0.8051442841496148 0
1539 0.5875000000017181 0.7618430139603778 0
1540 0.6125000000016628 0.7618430139604608 0
1541 0.5625000000017732 0.7618430139602946 0
1542 0.6375000000016076 0.761843013960544 0
1543 0.3374999999987463 0.2814582562295709 0
1544 0.313225158772458 0.2818769268427489 0
1545 0.3007251587724422 0.3035275619373418 0
1546 0.2889503175461697 0.2822955974559269 0
1547 0.3124999999987148 0.3247595264187566 0
1548 0.2882251587724264 0.3251781970319346 0
1549 0.2646754763198814 0.282714268069105 0
1550 0.5999659457613699 0.9567183910356996 0
1551 0.5874659457614628 0.9350677559412176 0
1552 0.6124318915212598 0.935087417165881 0
1553 0.5749659457615558 0.9134171208467357 0
1554 0.6248978372811497 0.9134564432960625 0
1555 0.537500000001879 0.7618430139602548 0
1556 0.5125000000018261 0.7618430139600595 0
1557 0.5000000000018863 0.7834936490546383 0
1558 0.4875000000017731 0.7618430139598642 0
1559 0.5125000000019995 0.8051442841494123 0
1560 0.4875000000019466 0.8051442841492169 0
1561 0.4625000000017202 0.7618430139596688 0
1562 0.537499999998504 0.3247595264190601 0
1563 0.5249999999984832 0.3464101615136347 0
1564 0.5499999999985246 0.3031088913244856 0
1565 0.562499999998455 0.3247595264190862 0
1566 0.5749999999983855 0.3464101615136869 0
1567 0.7120572948800349 0.935303690637173 0
1568 0.724352969439674 0.9137710228906688 0
1569 0.6997616203203958 0.9568363583836772 0
1570 0.6872275660804591 0.9352053845138587 0
1571 0.6746935118405224 0.9135744106440402 0
1572 0.7118967051377759 0.8919555801081269 0
1573 0.7367264339373517 0.8920538862314413 0
1574 0.6870669763382001 0.8918572739848125 0
1575 0.6994404408358779 0.870140137325585 0
1576 0.6622372475386243 0.8917589678614982 0
1577 0.6869841765339798 0.848324694543043 0
1578 0.7118139053335556 0.8484230006663573 0
1579 0.5625000000017879 0.8051442841494919 0
1580 0.5375000000018937 0.805144284149452 0
1581 0.5500000000018335 0.7834936490548734 0
1582 0.5874659457615252 0.8917664857522551 0
1583 0.5999659457614946 0.8701158506577746 0
1584 0.6124318915213222 0.8917861469769186 0
1585 0.6124659457614641 0.8484652155632941 0
1586 0.6373978372811191 0.891805808201582 0
1587 0.9301334806578687 0.2824183621022796 0
1588 0.9525408837817827 0.2970865034697872 0
1589 0.9274891706874794 0.3088411483078153 0
1590 0.0224074031239014 0.7646681413679106 0
1591 0.0224074031239014 0.7896681413677373 0
1592 0.0224074031239014 0.7396681413680841 0
1593 0.04481480624780279 0.7543362827356481 0
1594 0.0224074031239014 0.7146681413682574 0
1595 0.06722220937170419 0.7440044241033856 0
1596 0.06722220937170419 0.7690044241032121 0
1597 0.1877496674682101 0.06392064475850259 0
1598 0.1753556017002637 0.08508994588486019 0
1599 0.2001437332361566 0.04275134363214501 0
1600 0.212681532240702 0.06433338613793244 0
1601 0.2252193312452473 0.08591542864371984 0
1602 0.349999999998716 0.3031088913241903 0
1603 0.3624999999986857 0.3247595264188097 0
1604 0.3374999999987002 0.3247595264187831 0
1605 0.3749999999986552 0.3464101615134291 0
1606 0.3249999999986844 0.3464101615133759 0
1607 0.2514503175461301 0.3039462325505077 0
1608 0.2396754763198576 0.2827142680690929 0
1609 0.2632251587724027 0.3251781970319225 0
1610 0.2382251587723789 0.3251781970319105 0
1611 0.2749999999986752 0.3464101615133374 0
1612 0.2249999999986277 0.3464101615133132 0
1613 0.2132251587723552 0.3251781970318984 0
1614 0.1839912301222815 0.1093513173858199 0
1615 0.2089230948947733 0.1097640587652497 0
1616 0.1926268585442993 0.1336126888867795 0
1617 0.2338549596672652 0.1101768001446795 0
1618 0.2012624869663172 0.1578740603877392 0
1619 0.0250517130942242 0.6632453551629476 0
1620 0.0250517130942242 0.6882453551627742 0
1621 0.0250517130942242 0.638245355163121 0
1622 0.0501034261884484 0.6514907103250284 0
1623 0.0250517130942242 0.6132453551632944 0
1624 0.0751551392826726 0.6397360654871092 0
1625 0.0751551392826726 0.6647360654869358 0
1626 0.246438020458204 0.1319658062635661 0
1627 0.2590210812491427 0.1537548123824526 0
1628 0.23014178410773 0.155814436385096 0
1629 0.2716041420400815 0.1755438185013392 0
1630 0.2138455477572559 0.1796630665066258 0
1631 0.02065252988510549 0.5617308305885087 0
1632 0.02065252988510549 0.5867308305883407 0
1633 0.02065252988510549 0.5367308305886767 0
1634 0.04130505977021098 0.5484616611754626 0
1635 0.02065252988510549 0.5117308305888446 0
1636 0.06195758965531647 0.5351924917624165 0
1637 0.06195758965531647 0.5601924917622485 0
1638 0.6497713017787968 0.8700886715423544 0
1639 0.6373053560189693 0.8484183752232105 0
1640 0.6621447662764746 0.8483715348831268 0
1641 0.6248394102591418 0.8267480789040667 0
1642 0.6745182307741523 0.8266543982238992 0
1643 0.6866142514853242 0.7613775030073207 0
1644 0.6623394102591129 0.7617961736204603 0
1645 0.7108890927115354 0.7609588323941809 0
1646 0.6989536617428391 0.7829812977617723 0
1647 0.7351639339377468 0.7605401617810412 0
1648 0.711293072000354 0.8045850925162241 0
1649 0.6870182307741426 0.8050037631293637 0
1650 0.5250000000018572 0.91339745962206 0
1651 0.5125000000019324 0.8917468245275396 0
1652 0.4875000000020308 0.8917468245275272 0
1653 0.5000000000020076 0.8700961894330193 0
1654 0.4750000000020539 0.9133974596220351 0
1655 0.4625000000021291 0.8917468245275149 0
1656 0.4875000000020829 0.8484455543384989 0
1657 0.5125000000019322 0.9350480947165418 0
1658 0.5000000000020071 0.9566987298110238 0
1659 0.4875000000020305 0.9350480947165295 0
1660 0.06986651934202699 0.7175816378979023 0
1661 0.0474591162181256 0.7029134965303383 0
1662 0.0725108293123498 0.691158851692419 0
1663 0.2597084410181101 0.1975433457735877 0
1664 0.2478127399961388 0.2195428730458363 0
1665 0.2308291438766973 0.199602969776231 0
1666 0.2359170389741674 0.2415424003180849 0
1667 0.2019498467352846 0.2016625937788744 0
1668 0.6373394102591321 0.8050974438095312 0
1669 0.6498394102591225 0.7834468087149957 0
1670 0.6621788205166375 0.8050506034694475 0
1671 0.46250057217763 0.8484481541360024 0
1672 0.4750005721776069 0.8267975190414945 0
1673 0.450000572177653 0.8700987892305103 0
1674 0.4375011443531771 0.8484507539335059 0
1675 0.4250017165287011 0.8268027186365015 0
1676 0.4500005721773805 0.7834962488519464 0
1677 0.4625005721774937 0.8051468839467204 0
1678 0.4375011443530408 0.8051494837442239 0
1679 0.04570424297932969 0.5999761857502481 0
1680 0.06635677286443518 0.5867070163372021 0
1681 0.07075595607355389 0.6132215409121556 0
1682 0.08700930274954066 0.5734378469241559 0
1683 0.0958076691677781 0.626466896074063 0
1684 0.06238184953016572 0.5114600962686537 0
1685 0.0830343794152712 0.5231909268554397 0
1686 0.04172931964506023 0.4997292656818678 0
1687 0.06280610940501496 0.4877277007748909 0
1688 0.08388289916496972 0.4757261358679141 0
1689 0.7528901238639705 0.8685773447260878 0
1690 0.7653463881658684 0.8903927875086298 0
1691 0.7404338595620723 0.8467619019435459 0
1692 0.7690538137905891 0.8451008032207344 0
1693 0.7279775952601744 0.824946459161004 0
1694 0.7852175037172078 0.8216242617153811 0
1695 0.7976737680191059 0.8434397044979229 0
1696 0.7399130262288707 0.8029239937934125 0
1697 0.7518484571975672 0.7809015284258212 0
1698 0.7685329804573875 0.8012628950706011 0
1699 0.7637838881662635 0.7588790630582298 0
1700 0.7971529346859043 0.7996017963477897 0
1701 0.8622523075751101 0.9795970524960307 0
1702 0.8872523075750061 0.9795970524960307 0
1703 0.8372523075752141 0.9795970524960307 0
1704 0.8495046151505325 0.9591941049920614 0
1705 0.8122523075753182 0.9795970524960307 0
1706 0.8367569227259549 0.9387911574880921 0
1707 0.8617569227258508 0.9387911574880921 0
1708 0.02079710090237076 0.8627259477338953 0
1709 0.02079710090237076 0.8877259477337913 0
1710 0.02079710090237076 0.8377259477339993 0
1711 0.04159420180474153 0.8504518954681031 0
1712 0.02079710090237076 0.8127259477341034 0
1713 0.06239130270711229 0.8381778432023107 0
1714 0.06239130270711229 0.8631778432022066 0
1715 0.02081178150183214 0.1622827843953691 0
1716 0.02081178150183214 0.1872827843954731 0
1717 0.02081178150183214 0.137282784395265 0
1718 0.04162356300366427 0.14956556879001 0
1719 0.02081178150183214 0.112282784395161 0
1720 0.0624353445054964 0.1368483531846508 0
1721 0.0624353445054964 0.1618483531847549 0
1722 0.9792261035606704 0.1372902800303146 0
1723 0.9792261035606704 0.1122902800303788 0
1724 0.9792261035606704 0.1622902800302504 0
1725 0.9584522071213408 0.1495805600608787 0
1726 0.9792261035606704 0.1872902800301862 0
1727 0.9376783106820112 0.1618708400914428 0
1728 0.9376783106820112 0.136870840091507 0
1729 0.7903030211813744 0.8915225077511647 0
1730 0.7741393312547556 0.9149990492565181 0
1731 0.8064667111079931 0.8680459662458113 0
1732 0.8152596541968802 0.8926522279936996 0
1733 0.8240525972857674 0.9172584897415879 0
1734 0.7995479821351307 0.9580643847495265 0
1735 0.7868436566949432 0.9365317170030223 0
1736 0.811800289710449 0.9376614372455572 0
1737 0.04320450402627216 0.8023940891018408 0
1738 0.06561190715017357 0.7920622304695784 0
1739 0.06400160492864293 0.8151200368359446 0
1740 0.06562658774957221 0.2079465016600532 0
1741 0.04321918462570218 0.1976146430277632 0
1742 0.06403096612753431 0.184897427422404 0
1743 0.9568187004367564 0.1976221386626058 0
1744 0.9344112973128424 0.2079539972950254 0
1745 0.9360448039974268 0.1849124186932341 0
1746 0.7854949661604533 0.243704345973504 0
1747 0.768473571036081 0.2635756566544849 0
1748 0.8025163612848256 0.2238330352925232 0
1749 0.806869172292396 0.2457976990393638 0
1750 0.8112219832999661 0.2677623627862044 0
1751 0.2129691982608354 0.757274937724229 0
1752 0.2293509526427309 0.7376803551853106 0
1753 0.1965874438789398 0.7768695202631475 0
1754 0.1923201509025343 0.7547629140453399 0
1755 0.1880528579261287 0.7326563078275323 0
1756 0.1975592367231674 0.2236958501144342 0
1757 0.2145428328426088 0.2436357533840395 0
1758 0.1931686267110503 0.2457291064499942 0
1759 0.2315264289620503 0.2635756566536449 0
1760 0.1887780166989332 0.2677623627855542 0
1761 0.8018426175576465 0.777147076637106 0
1762 0.7851580942978262 0.7567857099923261 0
1763 0.8065323004293888 0.7546923569264223 0
1764 0.7684735710380058 0.7364243433475461 0
1765 0.8112219833011312 0.7322376372157386 0
1766 0.8889556884809202 0.581142447077016 0
1767 0.8930872420054994 0.5547644510196783 0
1768 0.8848241349563413 0.6075204431343537 0
1769 0.8663613245120156 0.5878811789043848 0
1770 0.84789851406769 0.568241914674416 0
1771 0.1110185646770702 0.41890214776193 0
1772 0.1069010548843775 0.4452558193620341 0
1773 0.115136074469763 0.3925484761618261 0
1774 0.1336124605216287 0.4121642267498128 0
1775 0.1520888465734945 0.4317799773377994 0
1776 0.8852116174739374 0.3936889356640246 0
1777 0.8896108006830667 0.4202034602390284 0
1778 0.8662309041159587 0.4138447674016661 0
1779 0.8940099838921962 0.4467179848140322 0
1780 0.84725019075798 0.4340005991393076 0
1781 0.1147883825257267 0.6063110643364163 0
1782 0.110389199316608 0.5797965397614628 0
1783 0.1337690958836754 0.5861552325987697 0
1784 0.1059900161074893 0.5532820151865092 0
1785 0.152749809241624 0.5659994008611231 0
1786 0.9566987298106091 0.9816987298107236 0
1787 0.9816987298107133 0.9816987298107236 0
1788 0.9316987298105051 0.9816987298107236 0
1789 0.9383974596213225 0.9633974596214471 0
1790 0.906698729810401 0.9816987298107236 0
1791 0.9200961894320356 0.9450961894321706 0
1792 0.9450961894321398 0.9450961894321706 0
1793 0.01830127018929812 0.9566987298105978 0
1794 0.01830127018929812 0.9816987298107018 0
1795 0.01830127018929812 0.9316987298104937 0
1796 0.03660254037859624 0.9383974596212996 0
1797 0.01830127018929812 0.9066987298103896 0
1798 0.05490381056789436 0.9200961894320014 0
1799 0.05490381056789436 0.9450961894321055 0
1800 0.981698729810689 0.04330127018923461 0
1801 0.981698729810689 0.01830127018928095 0
1802 0.981698729810689 0.06830127018918827 0
1803 0.963397459621378 0.06160254037851556 0
1804 0.981698729810689 0.09330127018914194 0
1805 0.9450961894320671 0.0799038105677965 0
1806 0.9450961894320671 0.05490381056784283 0
1807 0.9316987298105575 0.01830127018928095 0
1808 0.9066987298104916 0.01830127018928095 0
1809 0.9566987298106232 0.01830127018928095 0
1810 0.9383974596213123 0.03660254037856189 0
1811 0.9200961894320012 0.05490381056784283 0
1812 0.9816987298107133 0.9316987298105919 0
1813 0.9816987298107133 0.9066987298105261 0
1814 0.9816987298107133 0.9566987298106577 0
1815 0.9633974596214265 0.9383974596213813 0
1816 0.9450961894321398 0.9200961894321048 0
1817 0.06830127018950613 0.9816987298107018 0
1818 0.09330127018961012 0.9816987298107018 0
1819 0.04330127018940212 0.9816987298107018 0
1820 0.06160254037870024 0.9633974596214037 0
1821 0.07990381056799836 0.9450961894321055 0
1822 0.04330127018910923 0.01830127018919585 0
1823 0.01830127018915557 0.01830127018919585 0
1824 0.0683012701890629 0.01830127018919585 0
1825 0.06160254037826481 0.0366025403783917 0
1826 0.09330127018901657 0.01830127018919585 0
1827 0.07990381056742038 0.05490381056758756 0
1828 0.05490381056746671 0.05490381056758756 0
1829 0.01830127018915557 0.06830127018940385 0
1830 0.01830127018915557 0.09330127018950786 0
1831 0.01830127018915557 0.04330127018929986 0
1832 0.03660254037831114 0.0616025403784957 0
1833 0.05490381056746671 0.07990381056769155 0
1834 0.8974525386099265 0.4885447686234254 0
1835 0.8978796072311515 0.4648075082381967 0
1836 0.8970254699887015 0.5122820290086542 0
1837 0.8779422653817737 0.5002755992102276 0
1838 0.8965984013674764 0.5360192893938829 0
1839 0.858431992153621 0.5120064297970297 0
1840 0.8588590607748461 0.488269169411801 0
1841 0.1025446526434612 0.5114600962686527 0
1842 0.1021203927686119 0.5351924917624156 0
1843 0.1029689125183104 0.48772770077489 0
1844 0.1220549258716511 0.4997292656818659 0
1845 0.1033931723931597 0.4639953052811273 0
1846 0.1415651990998411 0.4879984350950791 0
1847 0.1411409392249919 0.5117308305888417 0
1848 0.5375000000023319 0.6020975684882439 0
1849 0.512500000002073 0.6020975684881107 0
1850 0.5000000000017388 0.6192616584874566 0
1851 0.4875000000018139 0.6020975684879775 0
1852 0.5125000000016636 0.6364257484869359 0
1853 0.4875000000014046 0.6364257484868027 0
1854 0.462500000001555 0.6020975684878442 0
1855 0.5625000000019841 0.636425748487676 0
1856 0.5875000000021443 0.636425748488046 0
1857 0.5375000000018239 0.6364257484873059 0
1858 0.550000000002158 0.6192616584879599 0
1859 0.5625000000024921 0.6020975684886138 0
1860 0.7619097787997178 0.6388750333435665 0
1861 0.7869097787996782 0.6388750333436188 0
1862 0.7369097787997574 0.6388750333435143 0
1863 0.7488195575978037 0.6241602281990152 0
1864 0.711909778799797 0.638875033343462 0
1865 0.7357293363958897 0.6094454230544637 0
1866 0.7607293363958501 0.6094454230545161 0
1867 0.7113195575979049 0.6069961381992559 0
1868 0.6994097787998586 0.621710943343755 0
1869 0.6869097787999201 0.6045468533440479 0
1870 0.6875000000018123 0.6364257484882541 0
1871 0.6625000000019354 0.6020975684888401 0
1872 0.4375000000014439 0.6020975684876539 0
1873 0.4125000000012363 0.6020975684876001 0
1874 0.40000000000105 0.619261658486889 0
1875 0.3875000000010287 0.6020975684875463 0
1876 0.4125000000010713 0.6364257484862317 0
1877 0.3875000000008637 0.6364257484861778 0
1878 0.3625000000008212 0.6020975684874925 0
1879 0.6625000000018673 0.6364257484882043 0
1880 0.6375000000019222 0.6364257484881546 0
1881 0.6500000000019288 0.6192616584884973 0
1882 0.6125000000019771 0.6364257484881047 0
1883 0.6375000000019904 0.6020975684887903 0
1884 0.4625000000012935 0.6364257484866123 0
1885 0.4375000000011824 0.636425748486422 0
1886 0.4500000000013687 0.6192616584871331 0
1887 0.6125000000021577 0.6020975684887315 0
1888 0.600000000002151 0.6192616584883888 0
1889 0.5875000000023249 0.6020975684886727 0
1890 0.462499999998494 0.397902431512006 0
1891 0.4874999999984644 0.397902431512024 0
1892 0.4999999999984771 0.3807383415125581 0
1893 0.5124999999984348 0.3979024315120419 0
1894 0.4874999999985194 0.3635742515130744 0
1895 0.5124999999984898 0.3635742515130923 0
1896 0.5374999999984051 0.3979024315120598 0
1897 0.4374999999985737 0.363574251512998 0
1898 0.4124999999986008 0.3635742515129597 0
1899 0.4624999999985465 0.3635742515130362 0
1900 0.4499999999985338 0.380738341512502 0
1901 0.4374999999985211 0.3979024315119678 0
1902 0.3999999999985898 0.3807383415124472 0
1903 0.3874999999986297 0.3635742515129432 0
1904 0.41249999999855 0.3979024315119513 0
1905 0.3874999999985789 0.3979024315119347 0
1906 0.3624999999986078 0.3979024315119182 0
1907 0.5374999999984409 0.3635742515131184 0
1908 0.5624999999983921 0.3635742515131445 0
1909 0.5499999999983987 0.3807383415126022 0
1910 0.5874999999983432 0.3635742515131707 0
1911 0.5624999999983563 0.3979024315120859 0
1912 0.3374999999986589 0.36357425151289 0
1913 0.3124999999986735 0.3635742515128635 0
1914 0.3624999999986442 0.3635742515129166 0
1915 0.3499999999986333 0.3807383415124042 0
1916 0.3374999999986223 0.3979024315118917 0
1917 0.6374999999981915 0.3635742515133045 0
1918 0.6124999999982403 0.3635742515131999 0
1919 0.6624999999981427 0.3635742515134091 0
1920 0.6499999999980952 0.3807383415127913 0
1921 0.6874999999980937 0.3635742515135136 0
1922 0.662499999997999 0.3979024315122781 0
1923 0.6374999999980479 0.3979024315121735 0
1924 0.7341724873781825 0.3646441259596396 0
1925 0.7091724873782088 0.3646441259594971 0
1926 0.7591724873781563 0.3646441259597819 0
1927 0.7433449747582501 0.3828780904050052 0
1928 0.7841724873781302 0.3646441259599243 0
1929 0.7525174621383176 0.4011120548503708 0
1930 0.7275174621383438 0.4011120548502285 0
1931 0.3005902212005297 0.3782890566572386 0
1932 0.2880902212005553 0.3611249666577244 0
1933 0.3130902212005042 0.3954531466567527 0
1934 0.288680442402386 0.3930038618016136 0
1935 0.2642706636042678 0.3905545769464746 0
1936 0.3625000000008683 0.6364257484862121 0
1937 0.3375000000008731 0.6364257484862464 0
1938 0.3500000000008471 0.6192616584868694 0
1939 0.3125000000008777 0.6364257484862808 0
1940 0.3375000000008258 0.6020975684875267 0
1941 0.2380902212005077 0.3611249666577003 0
1942 0.213090221200484 0.3611249666576882 0
1943 0.2630902212005315 0.3611249666577124 0
1944 0.2511804424023878 0.3758397718020874 0
1945 0.239270663604244 0.3905545769464626 0
1946 0.6841724873781139 0.3989723059582615 0
1947 0.6966724873781613 0.3818082159588794 0
1948 0.7058449747582289 0.400042180404245 0
1949 0.5874999999982535 0.3979024315121151 0
1950 0.5999999999982469 0.3807383415126575 0
1951 0.6124999999981506 0.3979024315121443 0
1952 0.2658275126208637 0.6353558740404055 0
1953 0.2908275126208729 0.6353558740403679 0
1954 0.2408275126208543 0.6353558740404431 0
1955 0.2566550252408328 0.6171219095951156 0
1956 0.215827512620845 0.6353558740404808 0
1957 0.247482537860802 0.5988879451498257 0
1958 0.2724825378608114 0.598887945149788 0
1959 0.315827512620821 0.6010276940416138 0
1960 0.303327512620847 0.6181917840409908 0
1961 0.2941550252408162 0.5999578195957009 0
1962 0.79492388858303 0.3060395856175229 0
1963 0.7816987298095555 0.2848076211360038 0
1964 0.8030729359414981 0.2869009742018636 0
1965 0.2043509526426481 0.6943790849961149 0
1966 0.2168509526426895 0.7160297200907128 0
1967 0.1962019052843885 0.7135176964118236 0
1968 0.7816987298117931 0.7151923788662262 0
1969 0.7949238885855804 0.6939604143849063 0
1970 0.8030729359433557 0.7130990258003225 0
1971 0.218301270188299 0.2848076211350476 0
1972 0.2050761114145478 0.3060395856164503 0
1973 0.1969270640567404 0.2869009742010022 0
1974 0.05992483319281984 0.1178668389789977 0
1975 0.08073661469465197 0.1301496233737426 0
1976 0.03911305169098771 0.1055840545842528 0
1977 0.05741432188014328 0.09888532477334466 0
1978 0.07571559206929884 0.0921865949624365 0
1979 0.9609248333713594 0.1055915502197061 0
1980 0.9401509369320298 0.1178818302502701 0
1981 0.9426235631820484 0.0988928204090333 0
1982 0.9193770404927002 0.1301721102808343 0
1983 0.9243222929927375 0.09219409059836059 0
1984 0.8939510373858234 0.9612957823067543 0
1985 0.8812033449612457 0.940892834802785 0
1986 0.9006497671966407 0.9429945121174778 0
1987 0.8684556525366682 0.9204898872988156 0
1988 0.9073484970074581 0.9246932419282012 0
1989 0.03909837109166889 0.8944246775445972 0
1990 0.05989547199403965 0.8821506252788049 0
1991 0.05739964128096701 0.9011234073554032 0
1992 0.08069257289641042 0.8698765730130126 0
1993 0.07570091147026513 0.9078221371662092 0
1994 0.882047732387736 0.06062861394581495 0
1995 0.8697222336763581 0.08179228582408196 0
1996 0.8943732310991138 0.03946494206754796 0
1997 0.9010719609098686 0.0577662122568289 0
1998 0.9077706907206234 0.07606748244610984 0
1999 0.1185131386537444 0.9393601275577736 0
2000 0.1311190728858115 0.9181908264313096 0
2001 0.1059072044216772 0.9605294286842377 0
2002 0.09920847461087137 0.9422281584949396 0
2003 0.09250974480006549 0.9239268883056415 0
2004 0.9385145320430669 0.884141094951628 0
2005 0.9169224331592438 0.8728622775221788 0
2006 0.9601066309268901 0.8954199123810771 0
2007 0.9418053607376033 0.9021186421918663 0
2008 0.9235040905483166 0.9088173720026558 0
2009 0.1059072044210058 0.03947057131555344 0
2010 0.1185131386529951 0.06063987244191103 0
2011 0.09920847461020774 0.05777184150474929 0
2012 0.1311190728849844 0.08180917356826861 0
2013 0.09250974479940964 0.07607311169394515 0
2014 0.1143249201548736 0.09792265683675994 0
2015 0.0975307674247628 0.1140361401052513 0
2016 0.0950202561120862 0.09505462589959823 0
2017 0.8846112460775267 0.90461401737327 0
2018 0.9007668396183852 0.8887381474477245 0
2019 0.9040576683129217 0.9067156946879629 0
2020 0.09750140622621079 0.8859813241524449 0
2021 0.1143102395560111 0.9020860752918772 0
2022 0.09500557551313814 0.9049541062290432 0
2023 0.9028254382205863 0.1140455021285835 0
2024 0.8862738359484722 0.09791889397633274 0
2025 0.9052980644706048 0.09505649228734664 0
2026 0.7743125483064328 0.4031860266019587 0
2027 0.790140060926339 0.3849520621567354 0
2028 0.7961076344745479 0.4052599983535464 0
2029 0.2256874516927798 0.5968139733983087 0
2030 0.2098599390728012 0.6150479378436362 0
2031 0.2038923655247575 0.5947400016467916 0
2032 0.7932358163239766 0.6192227353470225 0
2033 0.7801455951220624 0.6045079302024711 0
2034 0.7995618538482747 0.599570437350426 0
2035 0.2067609068053462 0.3807829403607835 0
2036 0.2198511280072263 0.3954977455051706 0
2037 0.2004315924102084 0.4004409140638787 0
2038 0.854920832791644 0.5307515914228251 0
2039 0.8740040373985717 0.5427580212212517 0
2040 0.851409673429667 0.5494967530486206 0
2041 0.1450730815910589 0.4692589491759859 0
2042 0.1259870682377182 0.45725738426901 0
2043 0.1485809640822768 0.4505194632568926 0
2044 0.8744997106640434 0.4584488154008344 0
2045 0.8549894374358907 0.4701796459876366 0
2046 0.8511198140969354 0.4520901225634721 0
2047 0.1255002893356792 0.5415511845997224 0
2048 0.1450105625638692 0.5298203540129356 0
2049 0.1488801859027466 0.5479098774370292 0
$EndNodes
$Elements
4116
1 1 2 2 1 33 2
2 1 2 2 1 2 22
3 1 2 2 1 22 3
4 1 2 2 1 3 41
5 1 2 2 1 41 4
6 1 2 2 1 4 31
7 1 2 2 1 31 5
8 1 2 2 1 5 40
9 1 2 2 1 40 6
10 1 2 2 1 6 30
11 1 2 2 1 30 7
12 1 2 2 1 7 39
13 1 2 2 1 39 8
14 1 2 2 1 8 29
15 1 2 2 1 29 9
16 1 2 2 1 9 38
17 1 2 2 1 38 10
18 1 2 2 1 10 28
19 1 2 2 1 28 11
20 1 2 2 1 11 37
21 1 2 2 1 37 1
22 1 2 2 1 1 27
23 1 2 2 1 27 13
24 1 2 2 1 13 36
25 1 2 2 1 36 14
26 1 2 2 1 14 26
27 1 2 2 1 26 15
28 1 2 2 1 15 35
29 1 2 2 1 35 16
30 1 2 2 1 16 25
31 1 2 2 1 25 17
32 1 2 2 1 17 34
33 1 2 2 1 34 18
34 1 2 2 1 18 24
35 1 2 2 1 24 19
36 1 2 2 1 19 32
37 1 2 2 1 32 20
38 1 2 2 1 20 23
39 1 2 2 1 23 21
40 1 2 2 1 21 12
41 1 2 4 2 12 52
42 1 2 4 2 52 72
43 1 2 4 2 72 43
44 1 2 4 2 43 81
45 1 2 4 2 81 44
46 1 2 4 2 44 71
47 1 2 4 2 71 45
48 1 2 4 2 45 80
49 1 2 4 2 80 46
50 1 2 4 2 46 70
51 1 2 4 2 70 47
52 1 2 4 2 47 79
53 1 2 4 2 79 48
54 1 2 4 2 48 69
55 1 2 4 2 69 49
56 1 2 4 2 49 78
57 1 2 4 2 78 50
58 1 2 4 2 50 68
59 1 2 4 2 68 51
60 1 2 4 2 51 77
61 1 2 4 2 77 42
62 1 2 4 2 42 67
63 1 2 4 2 67 53
64 1 2 4 2 53 76
65 1 2 4 2 76 54
66 1 2 4 2 54 66
67 1 2 4 2 66 55
68 1 2 4 2 55 75
69 1 2 4 2 75 56
70 1 2 4 2 56 65
71 1 2 4 2 65 57
72 1 2 4 2 57 74
73 1 2 4 2 74 58
74 1 2 4 2 58 64
75 1 2 4 2 64 59
76 1 2 4 2 59 73
77 1 2 4 2 73 60
78 1 2 4 2 60 63
79 1 2 4 2 63 61
80 1 2 4 2 61 62
81 1 2 1 3 62 92
82 1 2 1 3 92 112
83 1 2 1 3 112 83
84 1 2 1 3 83 121
85 1 2 1 3 121 84
86 1 2 1 3 84 111
87 1 2 1 3 111 85
88 1 2 1 3 85 120
89 1 2 1 3 120 86
90 1 2 1 3 86 110
91 1 2 1 3 110 87
92 1 2 1 3 87 119
93 1 2 1 3 119 88
94 1 2 1 3 88 109
95 1 2 1 3 109 89
96 1 2 1 3 89 118
97 1 2 1 3 118 90
98 1 2 1 3 90 108
99 1 2 1 3 108 91
100 1 2 1 3 91 117
101 1 2 1 3 117 82
102 1 2 1 3 82 107
103 1 2 1 3 107 93
104 1 2 1 3 93 116
105 1 2 1 3 116 94
106 1 2 1 3 94 106
107 1 2 1 3 106 95
108 1 2 1 3 95 115
109 1 2 1 3 115 96
110 1 2 1 3 96 105
111 1 2 1 3 105 97
112 1 2 1 3 97 114
113 1 2 1 3 114 98
114 1 2 1 3 98 104
115 1 2 1 3 104 99
116 1 2 1 3 99 113
117 1 2 1 3 113 100
118 1 2 1 3 100 103
119 1 2 1 3 103 101
120 1 2 1 3 101 102
121 1 2 3 4 102 132
122 1 2 3 4 132 152
123 1 2 3 4 152 123
124 1 2 3 4 123 142
125 1 2 3 4 142 124
126 1 2 3 4 124 151
127 1 2 3 4 151 125
128 1 2 3 4 125 160
129 1 2 3 4 160 126
130 1 2 3 4 126 150
131 1 2 3 4 150 127
132 1 2 3 4 127 159
133 1 2 3 4 159 128
134 1 2 3 4 128 149
135 1 2 3 4 149 129
136 1 2 3 4 129 158
137 1 2 3 4 158 130
138 1 2 3 4 130 148
139 1 2 3 4 148 131
140 1 2 3 4 131 157
141 1 2 3 4 157 122
142 1 2 3 4 122 147
143 1 2 3 4 147 133
144 1 2 3 4 133 156
145 1 2 3 4 156 134
146 1 2 3 4 134 146
147 1 2 3 4 146 135
148 1 2 3 4 135 155
149 1 2 3 4 155 136
150 1 2 3 4 136 145
151 1 2 3 4 145 137
152 1 2 3 4 137 154
153 1 2 3 4 154 138
154 1 2 3 4 138 144
155 1 2 3 4 144 139
156 1 2 3 4 139 153
157 1 2 3 4 153 140
158 1 2 3 4 140 143
159 1 2 3 4 143 141
160 1 2 3 4 141 33
161 1 2 5 5 172 171
162 1 2 5 5 171 176
163 1 2 5 5 176 170
164 1 2 5 5 170 180
165 1 2 5 5 180 169
166 1 2 5 5 169 175
167 1 2 5 5 175 168
168 1 2 5 5 168 179
169 1 2 5 5 179 167
170 1 2 5 5 167 174
171 1 2 5 5 174 166
172 1 2 5 5 166 178
173 1 2 5 5 178 165
174 1 2 5 5 165 173
175 1 2 5 5 173 164
176 1 2 5 5 164 177
177 1 2 5 5 177 163
178 1 2 5 5 163 161
179 1 2 5 5 161 162
180 1 2 5 5 162 181
181 2 2 6 1 190 624 626
182 2 2 6 1 624 625 626
183 2 2 6 1 624 280 625
184 2 2 6 1 626 625 282
185 2 2 6 1 280 627 625
186 2 2 6 1 627 628 625
187 2 2 6 1 627 281 628
188 2 2 6 1 625 628 282
189 2 2 6 1 280 629 627
190 2 2 6 1 629 630 627
191 2 2 6 1 629 234 630
192 2 2 6 1 627 630 281
193 2 2 6 1 282 628 632
194 2 2 6 1 628 631 632
195 2 2 6 1 628 281 631
196 2 2 6 1 632 631 249
197 2 2 6 1 188 633 635
198 2 2 6 1 633 634 635
199 2 2 6 1 633 283 634
200 2 2 6 1 635 634 285
201 2 2 6 1 283 636 634
202 2 2 6 1 636 637 634
203 2 2 6 1 636 284 637
204 2 2 6 1 634 637 285
205 2 2 6 1 283 638 636
206 2 2 6 1 638 639 636
207 2 2 6 1 638 208 639
208 2 2 6 1 636 639 284
209 2 2 6 1 285 637 641
210 2 2 6 1 637 640 641
211 2 2 6 1 637 284 640
212 2 2 6 1 641 640 251
213 2 2 6 1 191 642 644
214 2 2 6 1 642 643 644
215 2 2 6 1 642 286 643
216 2 2 6 1 644 643 288
217 2 2 6 1 286 645 643
218 2 2 6 1 645 646 643
219 2 2 6 1 645 287 646
220 2 2 6 1 643 646 288
221 2 2 6 1 286 647 645
222 2 2 6 1 647 648 645
223 2 2 6 1 647 231 648
224 2 2 6 1 645 648 287
225 2 2 6 1 288 646 650
226 2 2 6 1 646 649 650
227 2 2 6 1 646 287 649
228 2 2 6 1 650 649 253
229 2 2 6 1 247 651 653
230 2 2 6 1 651 652 653
231 2 2 6 1 651 289 652
232 2 2 6 1 653 652 291
233 2 2 6 1 289 654 652
234 2 2 6 1 654 655 652
235 2 2 6 1 654 290 655
236 2 2 6 1 652 655 291
237 2 2 6 1 289 656 654
238 2 2 6 1 656 657 654
239 2 2 6 1 656 189 657
240 2 2 6 1 654 657 290
241 2 2 6 1 291 655 659
242 2 2 6 1 655 658 659
243 2 2 6 1 655 290 658
244 2 2 6 1 659 658 252
245 2 2 6 1 190 626 661
246 2 2 6 1 626 660 661
247 2 2 6 1 626 282 660
248 2 2 6 1 661 660 293
249 2 2 6 1 282 662 660
250 2 2 6 1 662 663 660
251 2 2 6 1 662 292 663
252 2 2 6 1 660 663 293
253 2 2 6 1 282 632 662
254 2 2 6 1 632 664 662
255 2 2 6 1 632 249 664
256 2 2 6 1 662 664 292
257 2 2 6 1 293 663 666
258 2 2 6 1 663 665 666
259 2 2 6 1 663 292 665
260 2 2 6 1 666 665 270
261 2 2 6 1 208 638 668
262 2 2 6 1 638 667 668
263 2 2 6 1 638 283 667
264 2 2 6 1 668 667 295
265 2 2 6 1 283 669 667
266 2 2 6 1 669 670 667
267 2 2 6 1 669 294 670
268 2 2 6 1 667 670 295
269 2 2 6 1 283 633 669
270 2 2 6 1 633 671 669
271 2 2 6 1 633 188 671
272 2 2 6 1 669 671 294
273 2 2 6 1 295 670 673
274 2 2 6 1 670 672 673
275 2 2 6 1 670 294 672
276 2 2 6 1 673 672 269
277 2 2 6 1 231 647 675
278 2 2 6 1 647 674 675
279 2 2 6 1 647 286 674
280 2 2 6 1 675 674 297
281 2 2 6 1 286 676 674
282 2 2 6 1 676 677 674
283 2 2 6 1 676 296 677
284 2 2 6 1 674 677 297
285 2 2 6 1 286 642 676
286 2 2 6 1 642 678 676
287 2 2 6 1 642 191 678
288 2 2 6 1 676 678 296
289 2 2 6 1 297 677 680
290 2 2 6 1 677 679 680
291 2 2 6 1 677 296 679
292 2 2 6 1 680 679 268
293 2 2 6 1 189 656 682
294 2 2 6 1 656 681 682
295 2 2 6 1 656 289 681
296 2 2 6 1 682 681 299
297 2 2 6 1 289 683 681
298 2 2 6 1 683 684 681
299 2 2 6 1 683 298 684
300 2 2 6 1 681 684 299
301 2 2 6 1 289 651 683
302 2 2 6 1 651 685 683
303 2 2 6 1 651 247 685
304 2 2 6 1 683 685 298
305 2 2 6 1 299 684 687
306 2 2 6 1 684 686 687
307 2 2 6 1 684 298 686
308 2 2 6 1 687 686 271
309 2 2 6 1 180 688 690
310 2 2 6 1 688 689 690
311 2 2 6 1 688 300 689
312 2 2 6 1 690 689 302
313 2 2 6 1 300 691 689
314 2 2 6 1 691 692 689
315 2 2 6 1 691 301 692
316 2 2 6 1 689 692 302
317 2 2 6 1 300 693 691
318 2 2 6 1 693 694 691
319 2 2 6 1 693 266 694
320 2 2 6 1 691 694 301
321 2 2 6 1 302 692 696
322 2 2 6 1 692 695 696
323 2 2 6 1 692 301 695
324 2 2 6 1 696 695 267
325 2 2 6 1 179 697 699
326 2 2 6 1 697 698 699
327 2 2 6 1 697 303 698
328 2 2 6 1 699 698 305
329 2 2 6 1 303 700 698
330 2 2 6 1 700 701 698
331 2 2 6 1 700 304 701
332 2 2 6 1 698 701 305
333 2 2 6 1 303 702 700
334 2 2 6 1 702 703 700
335 2 2 6 1 702 262 703
336 2 2 6 1 700 703 304
337 2 2 6 1 305 701 705
338 2 2 6 1 701 704 705
339 2 2 6 1 701 304 704
340 2 2 6 1 705 704 266
341 2 2 6 1 180 169 688
342 2 2 6 1 169 706 688
343 2 2 6 1 169 175 706
344 2 2 6 1 688 706 300
345 2 2 6 1 175 707 706
346 2 2 6 1 707 708 706
347 2 2 6 1 707 305 708
348 2 2 6 1 706 708 300
349 2 2 6 1 175 168 707
350 2 2 6 1 168 699 707
351 2 2 6 1 168 179 699
352 2 2 6 1 707 699 305
353 2 2 6 1 300 708 693
354 2 2 6 1 708 705 693
355 2 2 6 1 708 305 705
356 2 2 6 1 693 705 266
357 2 2 6 1 172 171 710
358 2 2 6 1 171 709 710
359 2 2 6 1 171 176 709
360 2 2 6 1 710 709 306
361 2 2 6 1 176 711 709
362 2 2 6 1 711 712 709
363 2 2 6 1 711 302 712
364 2 2 6 1 709 712 306
365 2 2 6 1 176 170 711
366 2 2 6 1 170 690 711
367 2 2 6 1 170 180 690
368 2 2 6 1 711 690 302
369 2 2 6 1 306 712 713
370 2 2 6 1 712 696 713
371 2 2 6 1 712 302 696
372 2 2 6 1 713 696 267
373 2 2 6 1 177 163 715
374 2 2 6 1 163 714 715
375 2 2 6 1 163 161 714
376 2 2 6 1 715 714 308
377 2 2 6 1 161 716 714
378 2 2 6 1 716 717 714
379 2 2 6 1 716 307 717
380 2 2 6 1 714 717 308
381 2 2 6 1 161 162 716
382 2 2 6 1 162 718 716
383 2 2 6 1 162 181 718
384 2 2 6 1 716 718 307
385 2 2 6 1 308 717 720
386 2 2 6 1 717 719 720
387 2 2 6 1 717 307 719
388 2 2 6 1 720 719 257
389 2 2 6 1 181 721 718
390 2 2 6 1 721 722 718
391 2 2 6 1 721 309 722
392 2 2 6 1 718 722 307
393 2 2 6 1 309 723 722
394 2 2 6 1 723 724 722
395 2 2 6 1 723 310 724
396 2 2 6 1 722 724 307
397 2 2 6 1 309 725 723
398 2 2 6 1 725 726 723
399 2 2 6 1 725 256 726
400 2 2 6 1 723 726 310
401 2 2 6 1 307 724 719
402 2 2 6 1 724 727 719
403 2 2 6 1 724 310 727
404 2 2 6 1 719 727 257
405 2 2 6 1 178 728 730
406 2 2 6 1 728 729 730
407 2 2 6 1 728 311 729
408 2 2 6 1 730 729 313
409 2 2 6 1 311 731 729
410 2 2 6 1 731 732 729
411 2 2 6 1 731 312 732
412 2 2 6 1 729 732 313
413 2 2 6 1 311 733 731
414 2 2 6 1 733 734 731
415 2 2 6 1 733 258 734
416 2 2 6 1 731 734 312
417 2 2 6 1 313 732 736
418 2 2 6 1 732 735 736
419 2 2 6 1 732 312 735
420 2 2 6 1 736 735 262
421 2 2 6 1 179 167 697
422 2 2 6 1 167 737 697
423 2 2 6 1 167 174 737
424 2 2 6 1 697 737 303
425 2 2 6 1 174 738 737
426 2 2 6 1 738 739 737
427 2 2 6 1 738 313 739
428 2 2 6 1 737 739 303
429 2 2 6 1 174 166 738
430 2 2 6 1 166 730 738
431 2 2 6 1 166 178 730
432 2 2 6 1 738 730 313
433 2 2 6 1 303 739 702
434 2 2 6 1 739 736 702
435 2 2 6 1 739 313 736
436 2 2 6 1 702 736 262
437 2 2 6 1 180 170 741
438 2 2 6 1 170 740 741
439 2 2 6 1 170 176 740
440 2 2 6 1 741 740 315
441 2 2 6 1 176 742 740
442 2 2 6 1 742 743 740
443 2 2 6 1 742 314 743
444 2 2 6 1 740 743 315
445 2 2 6 1 176 171 742
446 2 2 6 1 171 744 742
447 2 2 6 1 171 172 744
448 2 2 6 1 742 744 314
449 2 2 6 1 315 743 746
450 2 2 6 1 743 745 746
451 2 2 6 1 743 314 745
452 2 2 6 1 746 745 260
453 2 2 6 1 179 168 748
454 2 2 6 1 168 747 748
455 2 2 6 1 168 175 747
456 2 2 6 1 748 747 317
457 2 2 6 1 175 749 747
458 2 2 6 1 749 750 747
459 2 2 6 1 749 316 750
460 2 2 6 1 747 750 317
461 2 2 6 1 175 169 749
462 2 2 6 1 169 751 749
463 2 2 6 1 169 180 751
464 2 2 6 1 749 751 316
465 2 2 6 1 317 750 753
466 2 2 6 1 750 752 753
467 2 2 6 1 750 316 752
468 2 2 6 1 753 752 259
469 2 2 6 1 260 745 755
470 2 2 6 1 745 754 755
471 2 2 6 1 745 314 754
472 2 2 6 1 755 754 319
473 2 2 6 1 314 756 754
474 2 2 6 1 756 757 754
475 2 2 6 1 756 318 757
476 2 2 6 1 754 757 319
477 2 2 6 1 314 744 756
478 2 2 6 1 744 758 756
479 2 2 6 1 744 172 758
480 2 2 6 1 756 758 318
481 2 2 6 1 319 757 760
482 2 2 6 1 757 759 760
483 2 2 6 1 757 318 759
484 2 2 6 1 760 759 264
485 2 2 6 1 178 166 762
486 2 2 6 1 166 761 762
487 2 2 6 1 166 174 761
488 2 2 6 1 762 761 321
489 2 2 6 1 174 763 761
490 2 2 6 1 763 764 761
491 2 2 6 1 763 320 764
492 2 2 6 1 761 764 321
493 2 2 6 1 174 167 763
494 2 2 6 1 167 765 763
495 2 2 6 1 167 179 765
496 2 2 6 1 763 765 320
497 2 2 6 1 321 764 767
498 2 2 6 1 764 766 767
499 2 2 6 1 764 320 766
500 2 2 6 1 767 766 261
501 2 2 6 1 179 748 765
502 2 2 6 1 748 768 765
503 2 2 6 1 748 317 768
504 2 2 6 1 765 768 320
505 2 2 6 1 317 769 768
506 2 2 6 1 769 770 768
507 2 2 6 1 769 322 770
508 2 2 6 1 768 770 320
509 2 2 6 1 317 753 769
510 2 2 6 1 753 771 769
511 2 2 6 1 753 259 771
512 2 2 6 1 769 771 322
513 2 2 6 1 320 770 766
514 2 2 6 1 770 772 766
515 2 2 6 1 770 322 772
516 2 2 6 1 766 772 261
517 2 2 6 1 259 752 774
518 2 2 6 1 752 773 774
519 2 2 6 1 752 316 773
520 2 2 6 1 774 773 323
521 2 2 6 1 316 775 773
522 2 2 6 1 775 776 773
523 2 2 6 1 775 315 776
524 2 2 6 1 773 776 323
525 2 2 6 1 316 751 775
526 2 2 6 1 751 741 775
527 2 2 6 1 751 180 741
528 2 2 6 1 775 741 315
529 2 2 6 1 323 776 777
530 2 2 6 1 776 746 777
531 2 2 6 1 776 315 746
532 2 2 6 1 777 746 260
533 2 2 6 1 177 715 779
534 2 2 6 1 715 778 779
535 2 2 6 1 715 308 778
536 2 2 6 1 779 778 325
537 2 2 6 1 308 780 778
538 2 2 6 1 780 781 778
539 2 2 6 1 780 324 781
540 2 2 6 1 778 781 325
541 2 2 6 1 308 720 780
542 2 2 6 1 720 782 780
543 2 2 6 1 720 257 782
544 2 2 6 1 780 782 324
545 2 2 6 1 325 781 784
546 2 2 6 1 781 783 784
547 2 2 6 1 781 324 783
548 2 2 6 1 784 783 258
549 2 2 6 1 178 165 728
550 2 2 6 1 165 785 728
551 2 2 6 1 165 173 785
552 2 2 6 1 728 785 311
553 2 2 6 1 173 786 785
554 2 2 6 1 786 787 785
555 2 2 6 1 786 325 787
556 2 2 6 1 785 787 311
557 2 2 6 1 173 164 786
558 2 2 6 1 164 779 786
559 2 2 6 1 164 177 779
560 2 2 6 1 786 779 325
561 2 2 6 1 311 787 733
562 2 2 6 1 787 784 733
563 2 2 6 1 787 325 784
564 2 2 6 1 733 784 258
565 2 2 6 1 177 164 789
566 2 2 6 1 164 788 789
567 2 2 6 1 164 173 788
568 2 2 6 1 789 788 327
569 2 2 6 1 173 790 788
570 2 2 6 1 790 791 788
571 2 2 6 1 790 326 791
572 2 2 6 1 788 791 327
573 2 2 6 1 173 165 790
574 2 2 6 1 165 792 790
575 2 2 6 1 165 178 792
576 2 2 6 1 790 792 326
577 2 2 6 1 327 791 794
578 2 2 6 1 791 793 794
579 2 2 6 1 791 326 793
580 2 2 6 1 794 793 263
581 2 2 6 1 178 762 792
582 2 2 6 1 762 795 792
583 2 2 6 1 762 321 795
584 2 2 6 1 792 795 326
585 2 2 6 1 321 796 795
586 2 2 6 1 796 797 795
587 2 2 6 1 796 328 797
588 2 2 6 1 795 797 326
589 2 2 6 1 321 767 796
590 2 2 6 1 767 798 796
591 2 2 6 1 767 261 798
592 2 2 6 1 796 798 328
593 2 2 6 1 326 797 793
594 2 2 6 1 797 799 793
595 2 2 6 1 797 328 799
596 2 2 6 1 793 799 263
597 2 2 6 1 181 162 801
598 2 2 6 1 162 800 801
599 2 2 6 1 162 161 800
600 2 2 6 1 801 800 330
601 2 2 6 1 161 802 800
602 2 2 6 1 802 803 800
603 2 2 6 1 802 329 803
604 2 2 6 1 800 803 330
605 2 2 6 1 161 163 802
606 2 2 6 1 163 804 802
607 2 2 6 1 163 177 804
608 2 2 6 1 802 804 329
609 2 2 6 1 330 803 806
610 2 2 6 1 803 805 806
611 2 2 6 1 803 329 805
612 2 2 6 1 806 805 265
613 2 2 6 1 177 789 804
614 2 2 6 1 789 807 804
615 2 2 6 1 789 327 807
616 2 2 6 1 804 807 329
617 2 2 6 1 327 808 807
618 2 2 6 1 808 809 807
619 2 2 6 1 808 331 809
620 2 2 6 1 807 809 329
621 2 2 6 1 327 794 808
622 2 2 6 1 794 810 808
623 2 2 6 1 794 263 810
624 2 2 6 1 808 810 331
625 2 2 6 1 329 809 805
626 2 2 6 1 809 811 805
627 2 2 6 1 809 331 811
628 2 2 6 1 805 811 265
629 2 2 6 1 208 812 639
630 2 2 6 1 812 813 639
631 2 2 6 1 812 332 813
632 2 2 6 1 639 813 284
633 2 2 6 1 332 814 813
634 2 2 6 1 814 815 813
635 2 2 6 1 814 333 815
636 2 2 6 1 813 815 284
637 2 2 6 1 332 816 814
638 2 2 6 1 816 817 814
639 2 2 6 1 816 193 817
640 2 2 6 1 814 817 333
641 2 2 6 1 284 815 640
642 2 2 6 1 815 818 640
643 2 2 6 1 815 333 818
644 2 2 6 1 640 818 251
645 2 2 6 1 231 819 648
646 2 2 6 1 819 820 648
647 2 2 6 1 819 334 820
648 2 2 6 1 648 820 287
649 2 2 6 1 334 821 820
650 2 2 6 1 821 822 820
651 2 2 6 1 821 335 822
652 2 2 6 1 820 822 287
653 2 2 6 1 334 823 821
654 2 2 6 1 823 824 821
655 2 2 6 1 823 232 824
656 2 2 6 1 821 824 335
657 2 2 6 1 287 822 649
658 2 2 6 1 822 825 649
659 2 2 6 1 822 335 825
660 2 2 6 1 649 825 253
661 2 2 6 1 192 826 828
662 2 2 6 1 826 827 828
663 2 2 6 1 826 336 827
664 2 2 6 1 828 827 337
665 2 2 6 1 336 829 827
666 2 2 6 1 829 830 827
667 2 2 6 1 829 291 830
668 2 2 6 1 827 830 337
669 2 2 6 1 336 831 829
670 2 2 6 1 831 653 829
671 2 2 6 1 831 247 653
672 2 2 6 1 829 653 291
673 2 2 6 1 337 830 832
674 2 2 6 1 830 659 832
675 2 2 6 1 830 291 659
676 2 2 6 1 832 659 252
677 2 2 6 1 242 833 835
678 2 2 6 1 833 834 835
679 2 2 6 1 833 338 834
680 2 2 6 1 835 834 340
681 2 2 6 1 338 836 834
682 2 2 6 1 836 837 834
683 2 2 6 1 836 339 837
684 2 2 6 1 834 837 340
685 2 2 6 1 338 838 836
686 2 2 6 1 838 839 836
687 2 2 6 1 838 230 839
688 2 2 6 1 836 839 339
689 2 2 6 1 340 837 841
690 2 2 6 1 837 840 841
691 2 2 6 1 837 339 840
692 2 2 6 1 841 840 268
693 2 2 6 1 243 842 844
694 2 2 6 1 842 843 844
695 2 2 6 1 842 341 843
696 2 2 6 1 844 843 343
697 2 2 6 1 341 845 843
698 2 2 6 1 845 846 843
699 2 2 6 1 845 342 846
700 2 2 6 1 843 846 343
701 2 2 6 1 341 847 845
702 2 2 6 1 847 848 845
703 2 2 6 1 847 212 848
704 2 2 6 1 845 848 342
705 2 2 6 1 343 846 850
706 2 2 6 1 846 849 850
707 2 2 6 1 846 342 849
708 2 2 6 1 850 849 269
709 2 2 6 1 205 851 853
710 2 2 6 1 851 852 853
711 2 2 6 1 851 344 852
712 2 2 6 1 853 852 346
713 2 2 6 1 344 854 852
714 2 2 6 1 854 855 852
715 2 2 6 1 854 345 855
716 2 2 6 1 852 855 346
717 2 2 6 1 344 856 854
718 2 2 6 1 856 857 854
719 2 2 6 1 856 233 857
720 2 2 6 1 854 857 345
721 2 2 6 1 346 855 859
722 2 2 6 1 855 858 859
723 2 2 6 1 855 345 858
724 2 2 6 1 859 858 270
725 2 2 6 1 226 860 862
726 2 2 6 1 860 861 862
727 2 2 6 1 860 347 861
728 2 2 6 1 862 861 349
729 2 2 6 1 347 863 861
730 2 2 6 1 863 864 861
731 2 2 6 1 863 348 864
732 2 2 6 1 861 864 349
733 2 2 6 1 347 865 863
734 2 2 6 1 865 866 863
735 2 2 6 1 865 237 866
736 2 2 6 1 863 866 348
737 2 2 6 1 349 864 868
738 2 2 6 1 864 867 868
739 2 2 6 1 864 348 867
740 2 2 6 1 868 867 271
741 2 2 6 1 249 631 870
742 2 2 6 1 631 869 870
743 2 2 6 1 631 281 869
744 2 2 6 1 870 869 351
745 2 2 6 1 281 871 869
746 2 2 6 1 871 872 869
747 2 2 6 1 871 350 872
748 2 2 6 1 869 872 351
749 2 2 6 1 281 630 871
750 2 2 6 1 630 873 871
751 2 2 6 1 630 234 873
752 2 2 6 1 871 873 350
753 2 2 6 1 351 872 875
754 2 2 6 1 872 874 875
755 2 2 6 1 872 350 874
756 2 2 6 1 875 874 250
757 2 2 6 1 172 710 877
758 2 2 6 1 710 876 877
759 2 2 6 1 710 306 876
760 2 2 6 1 877 876 353
761 2 2 6 1 306 878 876
762 2 2 6 1 878 879 876
763 2 2 6 1 878 352 879
764 2 2 6 1 876 879 353
765 2 2 6 1 306 713 878
766 2 2 6 1 713 880 878
767 2 2 6 1 713 267 880
768 2 2 6 1 878 880 352
769 2 2 6 1 353 879 882
770 2 2 6 1 879 881 882
771 2 2 6 1 879 352 881
772 2 2 6 1 882 881 275
773 2 2 6 1 181 801 884
774 2 2 6 1 801 883 884
775 2 2 6 1 801 330 883
776 2 2 6 1 884 883 355
777 2 2 6 1 330 885 883
778 2 2 6 1 885 886 883
779 2 2 6 1 885 354 886
780 2 2 6 1 883 886 355
781 2 2 6 1 330 806 885
782 2 2 6 1 806 887 885
783 2 2 6 1 806 265 887
784 2 2 6 1 885 887 354
785 2 2 6 1 355 886 889
786 2 2 6 1 886 888 889
787 2 2 6 1 886 354 888
788 2 2 6 1 889 888 274
789 2 2 6 1 256 725 891
790 2 2 6 1 725 890 891
791 2 2 6 1 725 309 890
792 2 2 6 1 891 890 357
793 2 2 6 1 309 892 890
794 2 2 6 1 892 893 890
795 2 2 6 1 892 356 893
796 2 2 6 1 890 893 357
797 2 2 6 1 309 721 892
798 2 2 6 1 721 894 892
799 2 2 6 1 721 181 894
800 2 2 6 1 892 894 356
801 2 2 6 1 357 893 896
802 2 2 6 1 893 895 896
803 2 2 6 1 893 356 895
804 2 2 6 1 896 895 272
805 2 2 6 1 264 759 898
806 2 2 6 1 759 897 898
807 2 2 6 1 759 318 897
808 2 2 6 1 898 897 359
809 2 2 6 1 318 899 897
810 2 2 6 1 899 900 897
811 2 2 6 1 899 358 900
812 2 2 6 1 897 900 359
813 2 2 6 1 318 758 899
814 2 2 6 1 758 901 899
815 2 2 6 1 758 172 901
816 2 2 6 1 899 901 358
817 2 2 6 1 359 900 903
818 2 2 6 1 900 902 903
819 2 2 6 1 900 358 902
820 2 2 6 1 903 902 273
821 2 2 6 1 255 904 906
822 2 2 6 1 904 905 906
823 2 2 6 1 904 360 905
824 2 2 6 1 906 905 361
825 2 2 6 1 360 907 905
826 2 2 6 1 907 908 905
827 2 2 6 1 907 353 908
828 2 2 6 1 905 908 361
829 2 2 6 1 360 909 907
830 2 2 6 1 909 877 907
831 2 2 6 1 909 172 877
832 2 2 6 1 907 877 353
833 2 2 6 1 361 908 910
834 2 2 6 1 908 882 910
835 2 2 6 1 908 353 882
836 2 2 6 1 910 882 275
837 2 2 6 1 254 911 913
838 2 2 6 1 911 912 913
839 2 2 6 1 911 362 912
840 2 2 6 1 913 912 363
841 2 2 6 1 362 914 912
842 2 2 6 1 914 915 912
843 2 2 6 1 914 355 915
844 2 2 6 1 912 915 363
845 2 2 6 1 362 916 914
846 2 2 6 1 916 884 914
847 2 2 6 1 916 181 884
848 2 2 6 1 914 884 355
849 2 2 6 1 363 915 917
850 2 2 6 1 915 889 917
851 2 2 6 1 915 355 889
852 2 2 6 1 917 889 274
853 2 2 6 1 181 916 894
854 2 2 6 1 916 918 894
855 2 2 6 1 916 362 918
856 2 2 6 1 894 918 356
857 2 2 6 1 362 919 918
858 2 2 6 1 919 920 918
859 2 2 6 1 919 364 920
860 2 2 6 1 918 920 356
861 2 2 6 1 362 911 919
862 2 2 6 1 911 921 919
863 2 2 6 1 911 254 921
864 2 2 6 1 919 921 364
865 2 2 6 1 356 920 895
866 2 2 6 1 920 922 895
867 2 2 6 1 920 364 922
868 2 2 6 1 895 922 272
869 2 2 6 1 172 909 901
870 2 2 6 1 909 923 901
871 2 2 6 1 909 360 923
872 2 2 6 1 901 923 358
873 2 2 6 1 360 924 923
874 2 2 6 1 924 925 923
875 2 2 6 1 924 365 925
876 2 2 6 1 923 925 358
877 2 2 6 1 360 904 924
878 2 2 6 1 904 926 924
879 2 2 6 1 904 255 926
880 2 2 6 1 924 926 365
881 2 2 6 1 358 925 902
882 2 2 6 1 925 927 902
883 2 2 6 1 925 365 927
884 2 2 6 1 902 927 273
885 2 2 6 1 233 928 857
886 2 2 6 1 928 929 857
887 2 2 6 1 928 366 929
888 2 2 6 1 857 929 345
889 2 2 6 1 366 930 929
890 2 2 6 1 930 931 929
891 2 2 6 1 930 293 931
892 2 2 6 1 929 931 345
893 2 2 6 1 366 932 930
894 2 2 6 1 932 661 930
895 2 2 6 1 932 190 661
896 2 2 6 1 930 661 293
897 2 2 6 1 345 931 858
898 2 2 6 1 931 666 858
899 2 2 6 1 931 293 666
900 2 2 6 1 858 666 270
901 2 2 6 1 188 933 671
902 2 2 6 1 933 934 671
903 2 2 6 1 933 367 934
904 2 2 6 1 671 934 294
905 2 2 6 1 367 935 934
906 2 2 6 1 935 936 934
907 2 2 6 1 935 343 936
908 2 2 6 1 934 936 294
909 2 2 6 1 367 937 935
910 2 2 6 1 937 844 935
911 2 2 6 1 937 243 844
912 2 2 6 1 935 844 343
913 2 2 6 1 294 936 672
914 2 2 6 1 936 850 672
915 2 2 6 1 936 343 850
916 2 2 6 1 672 850 269
917 2 2 6 1 237 938 866
918 2 2 6 1 938 939 866
919 2 2 6 1 938 368 939
920 2 2 6 1 866 939 348
921 2 2 6 1 368 940 939
922 2 2 6 1 940 941 939
923 2 2 6 1 940 299 941
924 2 2 6 1 939 941 348
925 2 2 6 1 368 942 940
926 2 2 6 1 942 682 940
927 2 2 6 1 942 189 682
928 2 2 6 1 940 682 299
929 2 2 6 1 348 941 867
930 2 2 6 1 941 687 867
931 2 2 6 1 941 299 687
932 2 2 6 1 867 687 271
933 2 2 6 1 191 943 678
934 2 2 6 1 943 944 678
935 2 2 6 1 943 369 944
936 2 2 6 1 678 944 296
937 2 2 6 1 369 945 944
938 2 2 6 1 945 946 944
939 2 2 6 1 945 340 946
940 2 2 6 1 944 946 296
941 2 2 6 1 369 947 945
942 2 2 6 1 947 835 945
943 2 2 6 1 947 242 835
944 2 2 6 1 945 835 340
945 2 2 6 1 296 946 679
946 2 2 6 1 946 841 679
947 2 2 6 1 946 340 841
948 2 2 6 1 679 841 268
949 2 2 6 1 230 838 949
950 2 2 6 1 838 948 949
951 2 2 6 1 838 338 948
952 2 2 6 1 949 948 371
953 2 2 6 1 338 950 948
954 2 2 6 1 950 951 948
955 2 2 6 1 950 370 951
956 2 2 6 1 948 951 371
957 2 2 6 1 338 833 950
958 2 2 6 1 833 952 950
959 2 2 6 1 833 242 952
960 2 2 6 1 950 952 370
961 2 2 6 1 371 951 954
962 2 2 6 1 951 953 954
963 2 2 6 1 951 370 953
964 2 2 6 1 954 953 274
965 2 2 6 1 212 847 956
966 2 2 6 1 847 955 956
967 2 2 6 1 847 341 955
968 2 2 6 1 956 955 373
969 2 2 6 1 341 957 955
970 2 2 6 1 957 958 955
971 2 2 6 1 957 372 958
972 2 2 6 1 955 958 373
973 2 2 6 1 341 842 957
974 2 2 6 1 842 959 957
975 2 2 6 1 842 243 959
976 2 2 6 1 957 959 372
977 2 2 6 1 373 958 961
978 2 2 6 1 958 960 961
979 2 2 6 1 958 372 960
980 2 2 6 1 961 960 275
981 2 2 6 1 233 856 963
982 2 2 6 1 856 962 963
983 2 2 6 1 856 344 962
984 2 2 6 1 963 962 375
985 2 2 6 1 344 964 962
986 2 2 6 1 964 965 962
987 2 2 6 1 964 374 965
988 2 2 6 1 962 965 375
989 2 2 6 1 344 851 964
990 2 2 6 1 851 966 964
991 2 2 6 1 851 205 966
992 2 2 6 1 964 966 374
993 2 2 6 1 375 965 968
994 2 2 6 1 965 967 968
995 2 2 6 1 965 374 967
996 2 2 6 1 968 967 272
997 2 2 6 1 237 865 970
998 2 2 6 1 865 969 970
999 2 2 6 1 865 347 969
1000 2 2 6 1 970 969 377
1001 2 2 6 1 347 971 969
1002 2 2 6 1 971 972 969
1003 2 2 6 1 971 376 972
1004 2 2 6 1 969 972 377
1005 2 2 6 1 347 860 971
1006 2 2 6 1 860 973 971
1007 2 2 6 1 860 226 973
1008 2 2 6 1 971 973 376
1009 2 2 6 1 377 972 975
1010 2 2 6 1 972 974 975
1011 2 2 6 1 972 376 974
1012 2 2 6 1 975 974 273
1013 2 2 6 1 200 976 978
1014 2 2 6 1 976 977 978
1015 2 2 6 1 976 378 977
1016 2 2 6 1 978 977 380
1017 2 2 6 1 378 979 977
1018 2 2 6 1 979 980 977
1019 2 2 6 1 979 379 980
1020 2 2 6 1 977 980 380
1021 2 2 6 1 378 981 979
1022 2 2 6 1 981 982 979
1023 2 2 6 1 981 210 982
1024 2 2 6 1 979 982 379
1025 2 2 6 1 380 980 984
1026 2 2 6 1 980 983 984
1027 2 2 6 1 980 379 983
1028 2 2 6 1 984 983 213
1029 2 2 6 1 200 978 986
1030 2 2 6 1 978 985 986
1031 2 2 6 1 978 380 985
1032 2 2 6 1 986 985 382
1033 2 2 6 1 380 987 985
1034 2 2 6 1 987 988 985
1035 2 2 6 1 987 381 988
1036 2 2 6 1 985 988 382
1037 2 2 6 1 380 984 987
1038 2 2 6 1 984 989 987
1039 2 2 6 1 984 213 989
1040 2 2 6 1 987 989 381
1041 2 2 6 1 382 988 991
1042 2 2 6 1 988 990 991
1043 2 2 6 1 988 381 990
1044 2 2 6 1 991 990 214
1045 2 2 6 1 207 992 994
1046 2 2 6 1 992 993 994
1047 2 2 6 1 992 383 993
1048 2 2 6 1 994 993 385
1049 2 2 6 1 383 995 993
1050 2 2 6 1 995 996 993
1051 2 2 6 1 995 384 996
1052 2 2 6 1 993 996 385
1053 2 2 6 1 383 997 995
1054 2 2 6 1 997 998 995
1055 2 2 6 1 997 210 998
1056 2 2 6 1 995 998 384
1057 2 2 6 1 385 996 1000
1058 2 2 6 1 996 999 1000
1059 2 2 6 1 996 384 999
1060 2 2 6 1 1000 999 248
1061 2 2 6 1 210 981 998
1062 2 2 6 1 981 1001 998
1063 2 2 6 1 981 378 1001
1064 2 2 6 1 998 1001 384
1065 2 2 6 1 378 1002 1001
1066 2 2 6 1 1002 1003 1001
1067 2 2 6 1 1002 386 1003
1068 2 2 6 1 1001 1003 384
1069 2 2 6 1 378 976 1002
1070 2 2 6 1 976 1004 1002
1071 2 2 6 1 976 200 1004
1072 2 2 6 1 1002 1004 386
1073 2 2 6 1 384 1003 999
1074 2 2 6 1 1003 1005 999
1075 2 2 6 1 1003 386 1005
1076 2 2 6 1 999 1005 248
1077 2 2 6 1 202 1006 1008
1078 2 2 6 1 1006 1007 1008
1079 2 2 6 1 1006 387 1007
1080 2 2 6 1 1008 1007 389
1081 2 2 6 1 387 1009 1007
1082 2 2 6 1 1009 1010 1007
1083 2 2 6 1 1009 388 1010
1084 2 2 6 1 1007 1010 389
1085 2 2 6 1 387 1011 1009
1086 2 2 6 1 1011 1012 1009
1087 2 2 6 1 1011 199 1012
1088 2 2 6 1 1009 1012 388
1089 2 2 6 1 389 1010 1014
1090 2 2 6 1 1010 1013 1014
1091 2 2 6 1 1010 388 1013
1092 2 2 6 1 1014 1013 214
1093 2 2 6 1 199 1015 1012
1094 2 2 6 1 1015 1016 1012
1095 2 2 6 1 1015 390 1016
1096 2 2 6 1 1012 1016 388
1097 2 2 6 1 390 1017 1016
1098 2 2 6 1 1017 1018 1016
1099 2 2 6 1 1017 382 1018
1100 2 2 6 1 1016 1018 388
1101 2 2 6 1 390 1019 1017
1102 2 2 6 1 1019 986 1017
1103 2 2 6 1 1019 200 986
1104 2 2 6 1 1017 986 382
1105 2 2 6 1 388 1018 1013
1106 2 2 6 1 1018 991 1013
1107 2 2 6 1 1018 382 991
1108 2 2 6 1 1013 991 214
1109 2 2 6 1 34 18 1021
1110 2 2 6 1 18 1020 1021
1111 2 2 6 1 18 24 1020
1112 2 2 6 1 1021 1020 392
1113 2 2 6 1 24 1022 1020
1114 2 2 6 1 1022 1023 1020
1115 2 2 6 1 1022 391 1023
1116 2 2 6 1 1020 1023 392
1117 2 2 6 1 24 19 1022
1118 2 2 6 1 19 1024 1022
1119 2 2 6 1 19 32 1024
1120 2 2 6 1 1022 1024 391
1121 2 2 6 1 392 1023 1026
1122 2 2 6 1 1023 1025 1026
1123 2 2 6 1 1023 391 1025
1124 2 2 6 1 1026 1025 232
1125 2 2 6 1 187 1027 1029
1126 2 2 6 1 1027 1028 1029
1127 2 2 6 1 1027 393 1028
1128 2 2 6 1 1029 1028 394
1129 2 2 6 1 393 1030 1028
1130 2 2 6 1 1030 1031 1028
1131 2 2 6 1 1030 385 1031
1132 2 2 6 1 1028 1031 394
1133 2 2 6 1 393 1032 1030
1134 2 2 6 1 1032 994 1030
1135 2 2 6 1 1032 207 994
1136 2 2 6 1 1030 994 385
1137 2 2 6 1 394 1031 1033
1138 2 2 6 1 1031 1000 1033
1139 2 2 6 1 1031 385 1000
1140 2 2 6 1 1033 1000 248
1141 2 2 6 1 186 1034 1036
1142 2 2 6 1 1034 1035 1036
1143 2 2 6 1 1034 395 1035
1144 2 2 6 1 1036 1035 396
1145 2 2 6 1 395 1037 1035
1146 2 2 6 1 1037 1038 1035
1147 2 2 6 1 1037 392 1038
1148 2 2 6 1 1035 1038 396
1149 2 2 6 1 395 1039 1037
1150 2 2 6 1 1039 1021 1037
1151 2 2 6 1 1039 34 1021
1152 2 2 6 1 1037 1021 392
1153 2 2 6 1 396 1038 1040
1154 2 2 6 1 1038 1026 1040
1155 2 2 6 1 1038 392 1026
1156 2 2 6 1 1040 1026 232
1157 2 2 6 1 231 1041 819
1158 2 2 6 1 1041 1042 819
1159 2 2 6 1 1041 397 1042
1160 2 2 6 1 819 1042 334
1161 2 2 6 1 397 1043 1042
1162 2 2 6 1 1043 1044 1042
1163 2 2 6 1 1043 396 1044
1164 2 2 6 1 1042 1044 334
1165 2 2 6 1 397 1045 1043
1166 2 2 6 1 1045 1036 1043
1167 2 2 6 1 1045 186 1036
1168 2 2 6 1 1043 1036 396
1169 2 2 6 1 334 1044 823
1170 2 2 6 1 1044 1040 823
1171 2 2 6 1 1044 396 1040
1172 2 2 6 1 823 1040 232
1173 2 2 6 1 77 42 1047
1174 2 2 6 1 42 1046 1047
1175 2 2 6 1 42 67 1046
1176 2 2 6 1 1047 1046 399
1177 2 2 6 1 67 1048 1046
1178 2 2 6 1 1048 1049 1046
1179 2 2 6 1 1048 398 1049
1180 2 2 6 1 1046 1049 399
1181 2 2 6 1 67 53 1048
1182 2 2 6 1 53 1050 1048
1183 2 2 6 1 53 76 1050
1184 2 2 6 1 1048 1050 398
1185 2 2 6 1 399 1049 1052
1186 2 2 6 1 1049 1051 1052
1187 2 2 6 1 1049 398 1051
1188 2 2 6 1 1052 1051 235
1189 2 2 6 1 195 1053 1055
1190 2 2 6 1 1053 1054 1055
1191 2 2 6 1 1053 400 1054
1192 2 2 6 1 1055 1054 401
1193 2 2 6 1 400 1056 1054
1194 2 2 6 1 1056 1057 1054
1195 2 2 6 1 1056 399 1057
1196 2 2 6 1 1054 1057 401
1197 2 2 6 1 400 1058 1056
1198 2 2 6 1 1058 1047 1056
1199 2 2 6 1 1058 77 1047
1200 2 2 6 1 1056 1047 399
1201 2 2 6 1 401 1057 1059
1202 2 2 6 1 1057 1052 1059
1203 2 2 6 1 1057 399 1052
1204 2 2 6 1 1059 1052 235
1205 2 2 6 1 187 1060 1027
1206 2 2 6 1 1060 1061 1027
1207 2 2 6 1 1060 402 1061
1208 2 2 6 1 1027 1061 393
1209 2 2 6 1 402 1062 1061
1210 2 2 6 1 1062 1063 1061
1211 2 2 6 1 1062 403 1063
1212 2 2 6 1 1061 1063 393
1213 2 2 6 1 402 1064 1062
1214 2 2 6 1 1064 1065 1062
1215 2 2 6 1 1064 206 1065
1216 2 2 6 1 1062 1065 403
1217 2 2 6 1 393 1063 1032
1218 2 2 6 1 1063 1066 1032
1219 2 2 6 1 1063 403 1066
1220 2 2 6 1 1032 1066 207
1221 2 2 6 1 220 1067 1069
1222 2 2 6 1 1067 1068 1069
1223 2 2 6 1 1067 404 1068
1224 2 2 6 1 1069 1068 406
1225 2 2 6 1 404 1070 1068
1226 2 2 6 1 1070 1071 1068
1227 2 2 6 1 1070 405 1071
1228 2 2 6 1 1068 1071 406
1229 2 2 6 1 404 1072 1070
1230 2 2 6 1 1072 1073 1070
1231 2 2 6 1 1072 216 1073
1232 2 2 6 1 1070 1073 405
1233 2 2 6 1 406 1071 1075
1234 2 2 6 1 1071 1074 1075
1235 2 2 6 1 1071 405 1074
1236 2 2 6 1 1075 1074 227
1237 2 2 6 1 116 1076 1078
1238 2 2 6 1 1076 1077 1078
1239 2 2 6 1 1076 407 1077
1240 2 2 6 1 1078 1077 409
1241 2 2 6 1 407 1079 1077
1242 2 2 6 1 1079 1080 1077
1243 2 2 6 1 1079 408 1080
1244 2 2 6 1 1077 1080 409
1245 2 2 6 1 407 1081 1079
1246 2 2 6 1 1081 1082 1079
1247 2 2 6 1 1081 187 1082
1248 2 2 6 1 1079 1082 408
1249 2 2 6 1 409 1080 1084
1250 2 2 6 1 1080 1083 1084
1251 2 2 6 1 1080 408 1083
1252 2 2 6 1 1084 1083 196
1253 2 2 6 1 216 1085 1073
1254 2 2 6 1 1085 1086 1073
1255 2 2 6 1 1085 410 1086
1256 2 2 6 1 1073 1086 405
1257 2 2 6 1 410 1087 1086
1258 2 2 6 1 1087 1088 1086
1259 2 2 6 1 1087 411 1088
1260 2 2 6 1 1086 1088 405
1261 2 2 6 1 410 1089 1087
1262 2 2 6 1 1089 1090 1087
1263 2 2 6 1 1089 215 1090
1264 2 2 6 1 1087 1090 411
1265 2 2 6 1 405 1088 1074
1266 2 2 6 1 1088 1091 1074
1267 2 2 6 1 1088 411 1091
1268 2 2 6 1 1074 1091 227
1269 2 2 6 1 207 1066 1093
1270 2 2 6 1 1066 1092 1093
1271 2 2 6 1 1066 403 1092
1272 2 2 6 1 1093 1092 413
1273 2 2 6 1 403 1094 1092
1274 2 2 6 1 1094 1095 1092
1275 2 2 6 1 1094 412 1095
1276 2 2 6 1 1092 1095 413
1277 2 2 6 1 403 1065 1094
1278 2 2 6 1 1065 1096 1094
1279 2 2 6 1 1065 206 1096
1280 2 2 6 1 1094 1096 412
1281 2 2 6 1 413 1095 1098
1282 2 2 6 1 1095 1097 1098
1283 2 2 6 1 1095 412 1097
1284 2 2 6 1 1098 1097 208
1285 2 2 6 1 206 1099 1096
1286 2 2 6 1 1099 1100 1096
1287 2 2 6 1 1099 414 1100
1288 2 2 6 1 1096 1100 412
1289 2 2 6 1 414 1101 1100
1290 2 2 6 1 1101 1102 1100
1291 2 2 6 1 1101 332 1102
1292 2 2 6 1 1100 1102 412
1293 2 2 6 1 414 1103 1101
1294 2 2 6 1 1103 816 1101
1295 2 2 6 1 1103 193 816
1296 2 2 6 1 1101 816 332
1297 2 2 6 1 412 1102 1097
1298 2 2 6 1 1102 812 1097
1299 2 2 6 1 1102 332 812
1300 2 2 6 1 1097 812 208
1301 2 2 6 1 227 1104 1106
1302 2 2 6 1 1104 1105 1106
1303 2 2 6 1 1104 415 1105
1304 2 2 6 1 1106 1105 416
1305 2 2 6 1 415 1107 1105
1306 2 2 6 1 1107 1108 1105
1307 2 2 6 1 1107 397 1108
1308 2 2 6 1 1105 1108 416
1309 2 2 6 1 415 1109 1107
1310 2 2 6 1 1109 1045 1107
1311 2 2 6 1 1109 186 1045
1312 2 2 6 1 1107 1045 397
1313 2 2 6 1 416 1108 1110
1314 2 2 6 1 1108 1041 1110
1315 2 2 6 1 1108 397 1041
1316 2 2 6 1 1110 1041 231
1317 2 2 6 1 75 1111 1113
1318 2 2 6 1 1111 1112 1113
1319 2 2 6 1 1111 417 1112
1320 2 2 6 1 1113 1112 418
1321 2 2 6 1 417 1114 1112
1322 2 2 6 1 1114 1115 1112
1323 2 2 6 1 1114 366 1115
1324 2 2 6 1 1112 1115 418
1325 2 2 6 1 417 1116 1114
1326 2 2 6 1 1116 932 1114
1327 2 2 6 1 1116 190 932
1328 2 2 6 1 1114 932 366
1329 2 2 6 1 418 1115 1117
1330 2 2 6 1 1115 928 1117
1331 2 2 6 1 1115 366 928
1332 2 2 6 1 1117 928 233
1333 2 2 6 1 37 1 1119
1334 2 2 6 1 1 1118 1119
1335 2 2 6 1 1 27 1118
1336 2 2 6 1 1119 1118 420
1337 2 2 6 1 27 1120 1118
1338 2 2 6 1 1120 1121 1118
1339 2 2 6 1 1120 419 1121
1340 2 2 6 1 1118 1121 420
1341 2 2 6 1 27 13 1120
1342 2 2 6 1 13 1122 1120
1343 2 2 6 1 13 36 1122
1344 2 2 6 1 1120 1122 419
1345 2 2 6 1 420 1121 1124
1346 2 2 6 1 1121 1123 1124
1347 2 2 6 1 1121 419 1123
1348 2 2 6 1 1124 1123 185
1349 2 2 6 1 185 1125 1127
1350 2 2 6 1 1125 1126 1127
1351 2 2 6 1 1125 421 1126
1352 2 2 6 1 1127 1126 422
1353 2 2 6 1 421 1128 1126
1354 2 2 6 1 1128 1129 1126
1355 2 2 6 1 1128 410 1129
1356 2 2 6 1 1126 1129 422
1357 2 2 6 1 421 1130 1128
1358 2 2 6 1 1130 1089 1128
1359 2 2 6 1 1130 215 1089
1360 2 2 6 1 1128 1089 410
1361 2 2 6 1 422 1129 1131
1362 2 2 6 1 1129 1085 1131
1363 2 2 6 1 1129 410 1085
1364 2 2 6 1 1131 1085 216
1365 2 2 6 1 187 1132 1060
1366 2 2 6 1 1132 1133 1060
1367 2 2 6 1 1132 423 1133
1368 2 2 6 1 1060 1133 402
1369 2 2 6 1 423 1134 1133
1370 2 2 6 1 1134 1135 1133
1371 2 2 6 1 1134 424 1135
1372 2 2 6 1 1133 1135 402
1373 2 2 6 1 423 1136 1134
1374 2 2 6 1 1136 1137 1134
1375 2 2 6 1 1136 115 1137
1376 2 2 6 1 1134 1137 424
1377 2 2 6 1 402 1135 1064
1378 2 2 6 1 1135 1138 1064
1379 2 2 6 1 1135 424 1138
1380 2 2 6 1 1064 1138 206
1381 2 2 6 1 220 1069 1140
1382 2 2 6 1 1069 1139 1140
1383 2 2 6 1 1069 406 1139
1384 2 2 6 1 1140 1139 426
1385 2 2 6 1 406 1141 1139
1386 2 2 6 1 1141 1142 1139
1387 2 2 6 1 1141 425 1142
1388 2 2 6 1 1139 1142 426
1389 2 2 6 1 406 1075 1141
1390 2 2 6 1 1075 1143 1141
1391 2 2 6 1 1075 227 1143
1392 2 2 6 1 1141 1143 425
1393 2 2 6 1 426 1142 1145
1394 2 2 6 1 1142 1144 1145
1395 2 2 6 1 1142 425 1144
1396 2 2 6 1 1145 1144 228
1397 2 2 6 1 190 1146 624
1398 2 2 6 1 1146 1147 624
1399 2 2 6 1 1146 427 1147
1400 2 2 6 1 624 1147 280
1401 2 2 6 1 427 1148 1147
1402 2 2 6 1 1148 1149 1147
1403 2 2 6 1 1148 428 1149
1404 2 2 6 1 1147 1149 280
1405 2 2 6 1 427 1150 1148
1406 2 2 6 1 1150 1151 1148
1407 2 2 6 1 1150 74 1151
1408 2 2 6 1 1148 1151 428
1409 2 2 6 1 280 1149 629
1410 2 2 6 1 1149 1152 629
1411 2 2 6 1 1149 428 1152
1412 2 2 6 1 629 1152 234
1413 2 2 6 1 219 1153 1155
1414 2 2 6 1 1153 1154 1155
1415 2 2 6 1 1153 429 1154
1416 2 2 6 1 1155 1154 431
1417 2 2 6 1 429 1156 1154
1418 2 2 6 1 1156 1157 1154
1419 2 2 6 1 1156 430 1157
1420 2 2 6 1 1154 1157 431
1421 2 2 6 1 429 1158 1156
1422 2 2 6 1 1158 1159 1156
1423 2 2 6 1 1158 223 1159
1424 2 2 6 1 1156 1159 430
1425 2 2 6 1 431 1157 1161
1426 2 2 6 1 1157 1160 1161
1427 2 2 6 1 1157 430 1160
1428 2 2 6 1 1161 1160 239
1429 2 2 6 1 185 1123 1125
1430 2 2 6 1 1123 1162 1125
1431 2 2 6 1 1123 419 1162
1432 2 2 6 1 1125 1162 421
1433 2 2 6 1 419 1163 1162
1434 2 2 6 1 1163 1164 1162
1435 2 2 6 1 1163 432 1164
1436 2 2 6 1 1162 1164 421
1437 2 2 6 1 419 1122 1163
1438 2 2 6 1 1122 1165 1163
1439 2 2 6 1 1122 36 1165
1440 2 2 6 1 1163 1165 432
1441 2 2 6 1 421 1164 1130
1442 2 2 6 1 1164 1166 1130
1443 2 2 6 1 1164 432 1166
1444 2 2 6 1 1130 1166 215
1445 2 2 6 1 114 98 1168
1446 2 2 6 1 98 1167 1168
1447 2 2 6 1 98 104 1167
1448 2 2 6 1 1168 1167 434
1449 2 2 6 1 104 1169 1167
1450 2 2 6 1 1169 1170 1167
1451 2 2 6 1 1169 433 1170
1452 2 2 6 1 1167 1170 434
1453 2 2 6 1 104 99 1169
1454 2 2 6 1 99 1171 1169
1455 2 2 6 1 99 113 1171
1456 2 2 6 1 1169 1171 433
1457 2 2 6 1 434 1170 1173
1458 2 2 6 1 1170 1172 1173
1459 2 2 6 1 1170 433 1172
1460 2 2 6 1 1173 1172 193
1461 2 2 6 1 156 1174 1176
1462 2 2 6 1 1174 1175 1176
1463 2 2 6 1 1174 435 1175
1464 2 2 6 1 1176 1175 437
1465 2 2 6 1 435 1177 1175
1466 2 2 6 1 1177 1178 1175
1467 2 2 6 1 1177 436 1178
1468 2 2 6 1 1175 1178 437
1469 2 2 6 1 435 1179 1177
1470 2 2 6 1 1179 1180 1177
1471 2 2 6 1 1179 237 1180
1472 2 2 6 1 1177 1180 436
1473 2 2 6 1 437 1178 1182
1474 2 2 6 1 1178 1181 1182
1475 2 2 6 1 1178 436 1181
1476 2 2 6 1 1182 1181 240
1477 2 2 6 1 38 10 1184
1478 2 2 6 1 10 1183 1184
1479 2 2 6 1 10 28 1183
1480 2 2 6 1 1184 1183 439
1481 2 2 6 1 28 1185 1183
1482 2 2 6 1 1185 1186 1183
1483 2 2 6 1 1185 438 1186
1484 2 2 6 1 1183 1186 439
1485 2 2 6 1 28 11 1185
1486 2 2 6 1 11 1187 1185
1487 2 2 6 1 11 37 1187
1488 2 2 6 1 1185 1187 438
1489 2 2 6 1 439 1186 1189
1490 2 2 6 1 1186 1188 1189
1491 2 2 6 1 1186 438 1188
1492 2 2 6 1 1189 1188 238
1493 2 2 6 1 114 1168 1191
1494 2 2 6 1 1168 1190 1191
1495 2 2 6 1 1168 434 1190
1496 2 2 6 1 1191 1190 440
1497 2 2 6 1 434 1192 1190
1498 2 2 6 1 1192 1193 1190
1499 2 2 6 1 1192 414 1193
1500 2 2 6 1 1190 1193 440
1501 2 2 6 1 434 1173 1192
1502 2 2 6 1 1173 1103 1192
1503 2 2 6 1 1173 193 1103
1504 2 2 6 1 1192 1103 414
1505 2 2 6 1 440 1193 1194
1506 2 2 6 1 1193 1099 1194
1507 2 2 6 1 1193 414 1099
1508 2 2 6 1 1194 1099 206
1509 2 2 6 1 75 56 1111
1510 2 2 6 1 56 1195 1111
1511 2 2 6 1 56 65 1195
1512 2 2 6 1 1111 1195 417
1513 2 2 6 1 65 1196 1195
1514 2 2 6 1 1196 1197 1195
1515 2 2 6 1 1196 427 1197
1516 2 2 6 1 1195 1197 417
1517 2 2 6 1 65 57 1196
1518 2 2 6 1 57 1150 1196
1519 2 2 6 1 57 74 1150
1520 2 2 6 1 1196 1150 427
1521 2 2 6 1 417 1197 1116
1522 2 2 6 1 1197 1146 1116
1523 2 2 6 1 1197 427 1146
1524 2 2 6 1 1116 1146 190
1525 2 2 6 1 76 1198 1050
1526 2 2 6 1 1198 1199 1050
1527 2 2 6 1 1198 441 1199
1528 2 2 6 1 1050 1199 398
1529 2 2 6 1 441 1200 1199
1530 2 2 6 1 1200 1201 1199
1531 2 2 6 1 1200 442 1201
1532 2 2 6 1 1199 1201 398
1533 2 2 6 1 441 1202 1200
1534 2 2 6 1 1202 1203 1200
1535 2 2 6 1 1202 233 1203
1536 2 2 6 1 1200 1203 442
1537 2 2 6 1 398 1201 1051
1538 2 2 6 1 1201 1204 1051
1539 2 2 6 1 1201 442 1204
1540 2 2 6 1 1051 1204 235
1541 2 2 6 1 184 1205 1207
1542 2 2 6 1 1205 1206 1207
1543 2 2 6 1 1205 443 1206
1544 2 2 6 1 1207 1206 444
1545 2 2 6 1 443 1208 1206
1546 2 2 6 1 1208 1209 1206
1547 2 2 6 1 1208 439 1209
1548 2 2 6 1 1206 1209 444
1549 2 2 6 1 443 1210 1208
1550 2 2 6 1 1210 1184 1208
1551 2 2 6 1 1210 38 1184
1552 2 2 6 1 1208 1184 439
1553 2 2 6 1 444 1209 1211
1554 2 2 6 1 1209 1189 1211
1555 2 2 6 1 1209 439 1189
1556 2 2 6 1 1211 1189 238
1557 2 2 6 1 185 1127 1213
1558 2 2 6 1 1127 1212 1213
1559 2 2 6 1 1127 422 1212
1560 2 2 6 1 1213 1212 446
1561 2 2 6 1 422 1214 1212
1562 2 2 6 1 1214 1215 1212
1563 2 2 6 1 1214 445 1215
1564 2 2 6 1 1212 1215 446
1565 2 2 6 1 422 1131 1214
1566 2 2 6 1 1131 1216 1214
1567 2 2 6 1 1131 216 1216
1568 2 2 6 1 1214 1216 445
1569 2 2 6 1 446 1215 1218
1570 2 2 6 1 1215 1217 1218
1571 2 2 6 1 1215 445 1217
1572 2 2 6 1 1218 1217 217
1573 2 2 6 1 217 1219 1221
1574 2 2 6 1 1219 1220 1221
1575 2 2 6 1 1219 447 1220
1576 2 2 6 1 1221 1220 448
1577 2 2 6 1 447 1222 1220
1578 2 2 6 1 1222 1223 1220
1579 2 2 6 1 1222 431 1223
1580 2 2 6 1 1220 1223 448
1581 2 2 6 1 447 1224 1222
1582 2 2 6 1 1224 1155 1222
1583 2 2 6 1 1224 219 1155
1584 2 2 6 1 1222 1155 431
1585 2 2 6 1 448 1223 1225
1586 2 2 6 1 1223 1161 1225
1587 2 2 6 1 1223 431 1161
1588 2 2 6 1 1225 1161 239
1589 2 2 6 1 155 1226 1228
1590 2 2 6 1 1226 1227 1228
1591 2 2 6 1 1226 449 1227
1592 2 2 6 1 1228 1227 450
1593 2 2 6 1 449 1229 1227
1594 2 2 6 1 1229 1230 1227
1595 2 2 6 1 1229 368 1230
1596 2 2 6 1 1227 1230 450
1597 2 2 6 1 449 1231 1229
1598 2 2 6 1 1231 942 1229
1599 2 2 6 1 1231 189 942
1600 2 2 6 1 1229 942 368
1601 2 2 6 1 450 1230 1232
1602 2 2 6 1 1230 938 1232
1603 2 2 6 1 1230 368 938
1604 2 2 6 1 1232 938 237
1605 2 2 6 1 215 1233 1090
1606 2 2 6 1 1233 1234 1090
1607 2 2 6 1 1233 451 1234
1608 2 2 6 1 1090 1234 411
1609 2 2 6 1 451 1235 1234
1610 2 2 6 1 1235 1236 1234
1611 2 2 6 1 1235 415 1236
1612 2 2 6 1 1234 1236 411
1613 2 2 6 1 451 1237 1235
1614 2 2 6 1 1237 1109 1235
1615 2 2 6 1 1237 186 1109
1616 2 2 6 1 1235 1109 415
1617 2 2 6 1 411 1236 1091
1618 2 2 6 1 1236 1104 1091
1619 2 2 6 1 1236 415 1104
1620 2 2 6 1 1091 1104 227
1621 2 2 6 1 37 1119 1187
1622 2 2 6 1 1119 1238 1187
1623 2 2 6 1 1119 420 1238
1624 2 2 6 1 1187 1238 438
1625 2 2 6 1 420 1239 1238
1626 2 2 6 1 1239 1240 1238
1627 2 2 6 1 1239 452 1240
1628 2 2 6 1 1238 1240 438
1629 2 2 6 1 420 1124 1239
1630 2 2 6 1 1124 1241 1239
1631 2 2 6 1 1124 185 1241
1632 2 2 6 1 1239 1241 452
1633 2 2 6 1 438 1240 1188
1634 2 2 6 1 1240 1242 1188
1635 2 2 6 1 1240 452 1242
1636 2 2 6 1 1188 1242 238
1637 2 2 6 1 220 1140 1244
1638 2 2 6 1 1140 1243 1244
1639 2 2 6 1 1140 426 1243
1640 2 2 6 1 1244 1243 454
1641 2 2 6 1 426 1245 1243
1642 2 2 6 1 1245 1246 1243
1643 2 2 6 1 1245 453 1246
1644 2 2 6 1 1243 1246 454
1645 2 2 6 1 426 1145 1245
1646 2 2 6 1 1145 1247 1245
1647 2 2 6 1 1145 228 1247
1648 2 2 6 1 1245 1247 453
1649 2 2 6 1 454 1246 1249
1650 2 2 6 1 1246 1248 1249
1651 2 2 6 1 1246 453 1248
1652 2 2 6 1 1249 1248 229
1653 2 2 6 1 35 1250 1252
1654 2 2 6 1 1250 1251 1252
1655 2 2 6 1 1250 455 1251
1656 2 2 6 1 1252 1251 456
1657 2 2 6 1 455 1253 1251
1658 2 2 6 1 1253 1254 1251
1659 2 2 6 1 1253 451 1254
1660 2 2 6 1 1251 1254 456
1661 2 2 6 1 455 1255 1253
1662 2 2 6 1 1255 1237 1253
1663 2 2 6 1 1255 186 1237
1664 2 2 6 1 1253 1237 451
1665 2 2 6 1 456 1254 1256
1666 2 2 6 1 1254 1233 1256
1667 2 2 6 1 1254 451 1233
1668 2 2 6 1 1256 1233 215
1669 2 2 6 1 223 1257 1159
1670 2 2 6 1 1257 1258 1159
1671 2 2 6 1 1257 457 1258
1672 2 2 6 1 1159 1258 430
1673 2 2 6 1 457 1259 1258
1674 2 2 6 1 1259 1260 1258
1675 2 2 6 1 1259 458 1260
1676 2 2 6 1 1258 1260 430
1677 2 2 6 1 457 1261 1259
1678 2 2 6 1 1261 1262 1259
1679 2 2 6 1 1261 236 1262
1680 2 2 6 1 1259 1262 458
1681 2 2 6 1 430 1260 1160
1682 2 2 6 1 1260 1263 1160
1683 2 2 6 1 1260 458 1263
1684 2 2 6 1 1160 1263 239
1685 2 2 6 1 74 58 1151
1686 2 2 6 1 58 1264 1151
1687 2 2 6 1 58 64 1264
1688 2 2 6 1 1151 1264 428
1689 2 2 6 1 64 1265 1264
1690 2 2 6 1 1265 1266 1264
1691 2 2 6 1 1265 459 1266
1692 2 2 6 1 1264 1266 428
1693 2 2 6 1 64 59 1265
1694 2 2 6 1 59 1267 1265
1695 2 2 6 1 59 73 1267
1696 2 2 6 1 1265 1267 459
1697 2 2 6 1 428 1266 1152
1698 2 2 6 1 1266 1268 1152
1699 2 2 6 1 1266 459 1268
1700 2 2 6 1 1152 1268 234
1701 2 2 6 1 76 54 1198
1702 2 2 6 1 54 1269 1198
1703 2 2 6 1 54 66 1269
1704 2 2 6 1 1198 1269 441
1705 2 2 6 1 66 1270 1269
1706 2 2 6 1 1270 1271 1269
1707 2 2 6 1 1270 418 1271
1708 2 2 6 1 1269 1271 441
1709 2 2 6 1 66 55 1270
1710 2 2 6 1 55 1113 1270
1711 2 2 6 1 55 75 1113
1712 2 2 6 1 1270 1113 418
1713 2 2 6 1 441 1271 1202
1714 2 2 6 1 1271 1117 1202
1715 2 2 6 1 1271 418 1117
1716 2 2 6 1 1202 1117 233
1717 2 2 6 1 210 1272 982
1718 2 2 6 1 1272 1273 982
1719 2 2 6 1 1272 460 1273
1720 2 2 6 1 982 1273 379
1721 2 2 6 1 460 1274 1273
1722 2 2 6 1 1274 1275 1273
1723 2 2 6 1 1274 461 1275
1724 2 2 6 1 1273 1275 379
1725 2 2 6 1 460 1276 1274
1726 2 2 6 1 1276 1277 1274
1727 2 2 6 1 1276 211 1277
1728 2 2 6 1 1274 1277 461
1729 2 2 6 1 379 1275 983
1730 2 2 6 1 1275 1278 983
1731 2 2 6 1 1275 461 1278
1732 2 2 6 1 983 1278 213
1733 2 2 6 1 36 14 1165
1734 2 2 6 1 14 1279 1165
1735 2 2 6 1 14 26 1279
1736 2 2 6 1 1165 1279 432
1737 2 2 6 1 26 1280 1279
1738 2 2 6 1 1280 1281 1279
1739 2 2 6 1 1280 456 1281
1740 2 2 6 1 1279 1281 432
1741 2 2 6 1 26 15 1280
1742 2 2 6 1 15 1252 1280
1743 2 2 6 1 15 35 1252
1744 2 2 6 1 1280 1252 456
1745 2 2 6 1 432 1281 1166
1746 2 2 6 1 1281 1256 1166
1747 2 2 6 1 1281 456 1256
1748 2 2 6 1 1166 1256 215
1749 2 2 6 1 207 1093 1283
1750 2 2 6 1 1093 1282 1283
1751 2 2 6 1 1093 413 1282
1752 2 2 6 1 1283 1282 463
1753 2 2 6 1 413 1284 1282
1754 2 2 6 1 1284 1285 1282
1755 2 2 6 1 1284 462 1285
1756 2 2 6 1 1282 1285 463
1757 2 2 6 1 413 1098 1284
1758 2 2 6 1 1098 1286 1284
1759 2 2 6 1 1098 208 1286
1760 2 2 6 1 1284 1286 462
1761 2 2 6 1 463 1285 1288
1762 2 2 6 1 1285 1287 1288
1763 2 2 6 1 1285 462 1287
1764 2 2 6 1 1288 1287 209
1765 2 2 6 1 236 1289 1262
1766 2 2 6 1 1289 1290 1262
1767 2 2 6 1 1289 464 1290
1768 2 2 6 1 1262 1290 458
1769 2 2 6 1 464 1291 1290
1770 2 2 6 1 1291 1292 1290
1771 2 2 6 1 1291 465 1292
1772 2 2 6 1 1290 1292 458
1773 2 2 6 1 464 1293 1291
1774 2 2 6 1 1293 1294 1291
1775 2 2 6 1 1293 184 1294
1776 2 2 6 1 1291 1294 465
1777 2 2 6 1 458 1292 1263
1778 2 2 6 1 1292 1295 1263
1779 2 2 6 1 1292 465 1295
1780 2 2 6 1 1263 1295 239
1781 2 2 6 1 155 136 1226
1782 2 2 6 1 136 1296 1226
1783 2 2 6 1 136 145 1296
1784 2 2 6 1 1226 1296 449
1785 2 2 6 1 145 1297 1296
1786 2 2 6 1 1297 1298 1296
1787 2 2 6 1 1297 466 1298
1788 2 2 6 1 1296 1298 449
1789 2 2 6 1 145 137 1297
1790 2 2 6 1 137 1299 1297
1791 2 2 6 1 137 154 1299
1792 2 2 6 1 1297 1299 466
1793 2 2 6 1 449 1298 1231
1794 2 2 6 1 1298 1300 1231
1795 2 2 6 1 1298 466 1300
1796 2 2 6 1 1231 1300 189
1797 2 2 6 1 217 1217 1302
1798 2 2 6 1 1217 1301 1302
1799 2 2 6 1 1217 445 1301
1800 2 2 6 1 1302 1301 468
1801 2 2 6 1 445 1303 1301
1802 2 2 6 1 1303 1304 1301
1803 2 2 6 1 1303 467 1304
1804 2 2 6 1 1301 1304 468
1805 2 2 6 1 445 1216 1303
1806 2 2 6 1 1216 1305 1303
1807 2 2 6 1 1216 216 1305
1808 2 2 6 1 1303 1305 467
1809 2 2 6 1 468 1304 1307
1810 2 2 6 1 1304 1306 1307
1811 2 2 6 1 1304 467 1306
1812 2 2 6 1 1307 1306 218
1813 2 2 6 1 217 1302 1219
1814 2 2 6 1 1302 1308 1219
1815 2 2 6 1 1302 468 1308
1816 2 2 6 1 1219 1308 447
1817 2 2 6 1 468 1309 1308
1818 2 2 6 1 1309 1310 1308
1819 2 2 6 1 1309 469 1310
1820 2 2 6 1 1308 1310 447
1821 2 2 6 1 468 1307 1309
1822 2 2 6 1 1307 1311 1309
1823 2 2 6 1 1307 218 1311
1824 2 2 6 1 1309 1311 469
1825 2 2 6 1 447 1310 1224
1826 2 2 6 1 1310 1312 1224
1827 2 2 6 1 1310 469 1312
1828 2 2 6 1 1224 1312 219
1829 2 2 6 1 229 1248 1314
1830 2 2 6 1 1248 1313 1314
1831 2 2 6 1 1248 453 1313
1832 2 2 6 1 1314 1313 471
1833 2 2 6 1 453 1315 1313
1834 2 2 6 1 1315 1316 1313
1835 2 2 6 1 1315 470 1316
1836 2 2 6 1 1313 1316 471
1837 2 2 6 1 453 1247 1315
1838 2 2 6 1 1247 1317 1315
1839 2 2 6 1 1247 228 1317
1840 2 2 6 1 1315 1317 470
1841 2 2 6 1 471 1316 1319
1842 2 2 6 1 1316 1318 1319
1843 2 2 6 1 1316 470 1318
1844 2 2 6 1 1319 1318 230
1845 2 2 6 1 116 94 1076
1846 2 2 6 1 94 1320 1076
1847 2 2 6 1 94 106 1320
1848 2 2 6 1 1076 1320 407
1849 2 2 6 1 106 1321 1320
1850 2 2 6 1 1321 1322 1320
1851 2 2 6 1 1321 423 1322
1852 2 2 6 1 1320 1322 407
1853 2 2 6 1 106 95 1321
1854 2 2 6 1 95 1136 1321
1855 2 2 6 1 95 115 1136
1856 2 2 6 1 1321 1136 423
1857 2 2 6 1 407 1322 1081
1858 2 2 6 1 1322 1132 1081
1859 2 2 6 1 1322 423 1132
1860 2 2 6 1 1081 1132 187
1861 2 2 6 1 223 1323 1257
1862 2 2 6 1 1323 1324 1257
1863 2 2 6 1 1323 472 1324
1864 2 2 6 1 1257 1324 457
1865 2 2 6 1 472 1325 1324
1866 2 2 6 1 1325 1326 1324
1867 2 2 6 1 1325 473 1326
1868 2 2 6 1 1324 1326 457
1869 2 2 6 1 472 1327 1325
1870 2 2 6 1 1327 1328 1325
1871 2 2 6 1 1327 225 1328
1872 2 2 6 1 1325 1328 473
1873 2 2 6 1 457 1326 1261
1874 2 2 6 1 1326 1329 1261
1875 2 2 6 1 1326 473 1329
1876 2 2 6 1 1261 1329 236
1877 2 2 6 1 115 96 1137
1878 2 2 6 1 96 1330 1137
1879 2 2 6 1 96 105 1330
1880 2 2 6 1 1137 1330 424
1881 2 2 6 1 105 1331 1330
1882 2 2 6 1 1331 1332 1330
1883 2 2 6 1 1331 440 1332
1884 2 2 6 1 1330 1332 424
1885 2 2 6 1 105 97 1331
1886 2 2 6 1 97 1191 1331
1887 2 2 6 1 97 114 1191
1888 2 2 6 1 1331 1191 440
1889 2 2 6 1 424 1332 1138
1890 2 2 6 1 1332 1194 1138
1891 2 2 6 1 1332 440 1194
1892 2 2 6 1 1138 1194 206
1893 2 2 6 1 156 134 1174
1894 2 2 6 1 134 1333 1174
1895 2 2 6 1 134 146 1333
1896 2 2 6 1 1174 1333 435
1897 2 2 6 1 146 1334 1333
1898 2 2 6 1 1334 1335 1333
1899 2 2 6 1 1334 450 1335
1900 2 2 6 1 1333 1335 435
1901 2 2 6 1 146 135 1334
1902 2 2 6 1 135 1228 1334
1903 2 2 6 1 135 155 1228
1904 2 2 6 1 1334 1228 450
1905 2 2 6 1 435 1335 1179
1906 2 2 6 1 1335 1232 1179
1907 2 2 6 1 1335 450 1232
1908 2 2 6 1 1179 1232 237
1909 2 2 6 1 35 16 1250
1910 2 2 6 1 16 1336 1250
1911 2 2 6 1 16 25 1336
1912 2 2 6 1 1250 1336 455
1913 2 2 6 1 25 1337 1336
1914 2 2 6 1 1337 1338 1336
1915 2 2 6 1 1337 395 1338
1916 2 2 6 1 1336 1338 455
1917 2 2 6 1 25 17 1337
1918 2 2 6 1 17 1039 1337
1919 2 2 6 1 17 34 1039
1920 2 2 6 1 1337 1039 395
1921 2 2 6 1 455 1338 1255
1922 2 2 6 1 1338 1034 1255
1923 2 2 6 1 1338 395 1034
1924 2 2 6 1 1255 1034 186
1925 2 2 6 1 211 1339 1341
1926 2 2 6 1 1339 1340 1341
1927 2 2 6 1 1339 474 1340
1928 2 2 6 1 1341 1340 476
1929 2 2 6 1 474 1342 1340
1930 2 2 6 1 1342 1343 1340
1931 2 2 6 1 1342 475 1343
1932 2 2 6 1 1340 1343 476
1933 2 2 6 1 474 1344 1342
1934 2 2 6 1 1344 1345 1342
1935 2 2 6 1 1344 209 1345
1936 2 2 6 1 1342 1345 475
1937 2 2 6 1 476 1343 1347
1938 2 2 6 1 1343 1346 1347
1939 2 2 6 1 1343 475 1346
1940 2 2 6 1 1347 1346 212
1941 2 2 6 1 218 1306 1349
1942 2 2 6 1 1306 1348 1349
1943 2 2 6 1 1306 467 1348
1944 2 2 6 1 1349 1348 477
1945 2 2 6 1 467 1350 1348
1946 2 2 6 1 1350 1351 1348
1947 2 2 6 1 1350 404 1351
1948 2 2 6 1 1348 1351 477
1949 2 2 6 1 467 1305 1350
1950 2 2 6 1 1305 1072 1350
1951 2 2 6 1 1305 216 1072
1952 2 2 6 1 1350 1072 404
1953 2 2 6 1 477 1351 1352
1954 2 2 6 1 1351 1067 1352
1955 2 2 6 1 1351 404 1067
1956 2 2 6 1 1352 1067 220
1957 2 2 6 1 219 1312 1354
1958 2 2 6 1 1312 1353 1354
1959 2 2 6 1 1312 469 1353
1960 2 2 6 1 1354 1353 479
1961 2 2 6 1 469 1355 1353
1962 2 2 6 1 1355 1356 1353
1963 2 2 6 1 1355 478 1356
1964 2 2 6 1 1353 1356 479
1965 2 2 6 1 469 1311 1355
1966 2 2 6 1 1311 1357 1355
1967 2 2 6 1 1311 218 1357
1968 2 2 6 1 1355 1357 478
1969 2 2 6 1 479 1356 1359
1970 2 2 6 1 1356 1358 1359
1971 2 2 6 1 1356 478 1358
1972 2 2 6 1 1359 1358 221
1973 2 2 6 1 210 1360 1272
1974 2 2 6 1 1360 1361 1272
1975 2 2 6 1 1360 480 1361
1976 2 2 6 1 1272 1361 460
1977 2 2 6 1 480 1362 1361
1978 2 2 6 1 1362 1363 1361
1979 2 2 6 1 1362 474 1363
1980 2 2 6 1 1361 1363 460
1981 2 2 6 1 480 1364 1362
1982 2 2 6 1 1364 1344 1362
1983 2 2 6 1 1364 209 1344
1984 2 2 6 1 1362 1344 474
1985 2 2 6 1 460 1363 1276
1986 2 2 6 1 1363 1339 1276
1987 2 2 6 1 1363 474 1339
1988 2 2 6 1 1276 1339 211
1989 2 2 6 1 228 1144 1366
1990 2 2 6 1 1144 1365 1366
1991 2 2 6 1 1144 425 1365
1992 2 2 6 1 1366 1365 481
1993 2 2 6 1 425 1367 1365
1994 2 2 6 1 1367 1368 1365
1995 2 2 6 1 1367 416 1368
1996 2 2 6 1 1365 1368 481
1997 2 2 6 1 425 1143 1367
1998 2 2 6 1 1143 1106 1367
1999 2 2 6 1 1143 227 1106
2000 2 2 6 1 1367 1106 416
2001 2 2 6 1 481 1368 1369
2002 2 2 6 1 1368 1110 1369
2003 2 2 6 1 1368 416 1110
2004 2 2 6 1 1369 1110 231
2005 2 2 6 1 117 82 1371
2006 2 2 6 1 82 1370 1371
2007 2 2 6 1 82 107 1370
2008 2 2 6 1 1371 1370 482
2009 2 2 6 1 107 1372 1370
2010 2 2 6 1 1372 1373 1370
2011 2 2 6 1 1372 409 1373
2012 2 2 6 1 1370 1373 482
2013 2 2 6 1 107 93 1372
2014 2 2 6 1 93 1078 1372
2015 2 2 6 1 93 116 1078
2016 2 2 6 1 1372 1078 409
2017 2 2 6 1 482 1373 1374
2018 2 2 6 1 1373 1084 1374
2019 2 2 6 1 1373 409 1084
2020 2 2 6 1 1374 1084 196
2021 2 2 6 1 196 1083 1376
2022 2 2 6 1 1083 1375 1376
2023 2 2 6 1 1083 408 1375
2024 2 2 6 1 1376 1375 483
2025 2 2 6 1 408 1377 1375
2026 2 2 6 1 1377 1378 1375
2027 2 2 6 1 1377 394 1378
2028 2 2 6 1 1375 1378 483
2029 2 2 6 1 408 1082 1377
2030 2 2 6 1 1082 1029 1377
2031 2 2 6 1 1082 187 1029
2032 2 2 6 1 1377 1029 394
2033 2 2 6 1 483 1378 1379
2034 2 2 6 1 1378 1033 1379
2035 2 2 6 1 1378 394 1033
2036 2 2 6 1 1379 1033 248
2037 2 2 6 1 185 1213 1241
2038 2 2 6 1 1213 1380 1241
2039 2 2 6 1 1213 446 1380
2040 2 2 6 1 1241 1380 452
2041 2 2 6 1 446 1381 1380
2042 2 2 6 1 1381 1382 1380
2043 2 2 6 1 1381 484 1382
2044 2 2 6 1 1380 1382 452
2045 2 2 6 1 446 1218 1381
2046 2 2 6 1 1218 1383 1381
2047 2 2 6 1 1218 217 1383
2048 2 2 6 1 1381 1383 484
2049 2 2 6 1 452 1382 1242
2050 2 2 6 1 1382 1384 1242
2051 2 2 6 1 1382 484 1384
2052 2 2 6 1 1242 1384 238
2053 2 2 6 1 207 1283 992
2054 2 2 6 1 1283 1385 992
2055 2 2 6 1 1283 463 1385
2056 2 2 6 1 992 1385 383
2057 2 2 6 1 463 1386 1385
2058 2 2 6 1 1386 1387 1385
2059 2 2 6 1 1386 480 1387
2060 2 2 6 1 1385 1387 383
2061 2 2 6 1 463 1288 1386
2062 2 2 6 1 1288 1364 1386
2063 2 2 6 1 1288 209 1364
2064 2 2 6 1 1386 1364 480
2065 2 2 6 1 383 1387 997
2066 2 2 6 1 1387 1360 997
2067 2 2 6 1 1387 480 1360
2068 2 2 6 1 997 1360 210
2069 2 2 6 1 184 1207 1294
2070 2 2 6 1 1207 1388 1294
2071 2 2 6 1 1207 444 1388
2072 2 2 6 1 1294 1388 465
2073 2 2 6 1 444 1389 1388
2074 2 2 6 1 1389 1390 1388
2075 2 2 6 1 1389 485 1390
2076 2 2 6 1 1388 1390 465
2077 2 2 6 1 444 1211 1389
2078 2 2 6 1 1211 1391 1389
2079 2 2 6 1 1211 238 1391
2080 2 2 6 1 1389 1391 485
2081 2 2 6 1 465 1390 1295
2082 2 2 6 1 1390 1392 1295
2083 2 2 6 1 1390 485 1392
2084 2 2 6 1 1295 1392 239
2085 2 2 6 1 157 122 1394
2086 2 2 6 1 122 1393 1394
2087 2 2 6 1 122 147 1393
2088 2 2 6 1 1394 1393 486
2089 2 2 6 1 147 1395 1393
2090 2 2 6 1 1395 1396 1393
2091 2 2 6 1 1395 437 1396
2092 2 2 6 1 1393 1396 486
2093 2 2 6 1 147 133 1395
2094 2 2 6 1 133 1176 1395
2095 2 2 6 1 133 156 1176
2096 2 2 6 1 1395 1176 437
2097 2 2 6 1 486 1396 1397
2098 2 2 6 1 1396 1182 1397
2099 2 2 6 1 1396 437 1182
2100 2 2 6 1 1397 1182 240
2101 2 2 6 1 220 1244 1399
2102 2 2 6 1 1244 1398 1399
2103 2 2 6 1 1244 454 1398
2104 2 2 6 1 1399 1398 488
2105 2 2 6 1 454 1400 1398
2106 2 2 6 1 1400 1401 1398
2107 2 2 6 1 1400 487 1401
2108 2 2 6 1 1398 1401 488
2109 2 2 6 1 454 1249 1400
2110 2 2 6 1 1249 1402 1400
2111 2 2 6 1 1249 229 1402
2112 2 2 6 1 1400 1402 487
2113 2 2 6 1 488 1401 1404
2114 2 2 6 1 1401 1403 1404
2115 2 2 6 1 1401 487 1403
2116 2 2 6 1 1404 1403 245
2117 2 2 6 1 39 8 1406
2118 2 2 6 1 8 1405 1406
2119 2 2 6 1 8 29 1405
2120 2 2 6 1 1406 1405 489
2121 2 2 6 1 29 1407 1405
2122 2 2 6 1 1407 1408 1405
2123 2 2 6 1 1407 443 1408
2124 2 2 6 1 1405 1408 489
2125 2 2 6 1 29 9 1407
2126 2 2 6 1 9 1210 1407
2127 2 2 6 1 9 38 1210
2128 2 2 6 1 1407 1210 443
2129 2 2 6 1 489 1408 1409
2130 2 2 6 1 1408 1205 1409
2131 2 2 6 1 1408 443 1205
2132 2 2 6 1 1409 1205 184
2133 2 2 6 1 218 1349 1411
2134 2 2 6 1 1349 1410 1411
2135 2 2 6 1 1349 477 1410
2136 2 2 6 1 1411 1410 490
2137 2 2 6 1 477 1412 1410
2138 2 2 6 1 1412 1413 1410
2139 2 2 6 1 1412 488 1413
2140 2 2 6 1 1410 1413 490
2141 2 2 6 1 477 1352 1412
2142 2 2 6 1 1352 1399 1412
2143 2 2 6 1 1352 220 1399
2144 2 2 6 1 1412 1399 488
2145 2 2 6 1 490 1413 1414
2146 2 2 6 1 1413 1404 1414
2147 2 2 6 1 1413 488 1404
2148 2 2 6 1 1414 1404 245
2149 2 2 6 1 78 50 1416
2150 2 2 6 1 50 1415 1416
2151 2 2 6 1 50 68 1415
2152 2 2 6 1 1416 1415 491
2153 2 2 6 1 68 1417 1415
2154 2 2 6 1 1417 1418 1415
2155 2 2 6 1 1417 400 1418
2156 2 2 6 1 1415 1418 491
2157 2 2 6 1 68 51 1417
2158 2 2 6 1 51 1058 1417
2159 2 2 6 1 51 77 1058
2160 2 2 6 1 1417 1058 400
2161 2 2 6 1 491 1418 1419
2162 2 2 6 1 1418 1053 1419
2163 2 2 6 1 1418 400 1053
2164 2 2 6 1 1419 1053 195
2165 2 2 6 1 238 1384 1391
2166 2 2 6 1 1384 1420 1391
2167 2 2 6 1 1384 484 1420
2168 2 2 6 1 1391 1420 485
2169 2 2 6 1 484 1421 1420
2170 2 2 6 1 1421 1422 1420
2171 2 2 6 1 1421 448 1422
2172 2 2 6 1 1420 1422 485
2173 2 2 6 1 484 1383 1421
2174 2 2 6 1 1383 1221 1421
2175 2 2 6 1 1383 217 1221
2176 2 2 6 1 1421 1221 448
2177 2 2 6 1 485 1422 1392
2178 2 2 6 1 1422 1225 1392
2179 2 2 6 1 1422 448 1225
2180 2 2 6 1 1392 1225 239
2181 2 2 6 1 219 1354 1424
2182 2 2 6 1 1354 1423 1424
2183 2 2 6 1 1354 479 1423
2184 2 2 6 1 1424 1423 493
2185 2 2 6 1 479 1425 1423
2186 2 2 6 1 1425 1426 1423
2187 2 2 6 1 1425 492 1426
2188 2 2 6 1 1423 1426 493
2189 2 2 6 1 479 1359 1425
2190 2 2 6 1 1359 1427 1425
2191 2 2 6 1 1359 221 1427
2192 2 2 6 1 1425 1427 492
2193 2 2 6 1 493 1426 1429
2194 2 2 6 1 1426 1428 1429
2195 2 2 6 1 1426 492 1428
2196 2 2 6 1 1429 1428 222
2197 2 2 6 1 219 1424 1153
2198 2 2 6 1 1424 1430 1153
2199 2 2 6 1 1424 493 1430
2200 2 2 6 1 1153 1430 429
2201 2 2 6 1 493 1431 1430
2202 2 2 6 1 1431 1432 1430
2203 2 2 6 1 1431 494 1432
2204 2 2 6 1 1430 1432 429
2205 2 2 6 1 493 1429 1431
2206 2 2 6 1 1429 1433 1431
2207 2 2 6 1 1429 222 1433
2208 2 2 6 1 1431 1433 494
2209 2 2 6 1 429 1432 1158
2210 2 2 6 1 1432 1434 1158
2211 2 2 6 1 1432 494 1434
2212 2 2 6 1 1158 1434 223
2213 2 2 6 1 184 1293 1436
2214 2 2 6 1 1293 1435 1436
2215 2 2 6 1 1293 464 1435
2216 2 2 6 1 1436 1435 496
2217 2 2 6 1 464 1437 1435
2218 2 2 6 1 1437 1438 1435
2219 2 2 6 1 1437 495 1438
2220 2 2 6 1 1435 1438 496
2221 2 2 6 1 464 1289 1437
2222 2 2 6 1 1289 1439 1437
2223 2 2 6 1 1289 236 1439
2224 2 2 6 1 1437 1439 495
2225 2 2 6 1 496 1438 1441
2226 2 2 6 1 1438 1440 1441
2227 2 2 6 1 1438 495 1440
2228 2 2 6 1 1441 1440 244
2229 2 2 6 1 183 1442 1444
2230 2 2 6 1 1442 1443 1444
2231 2 2 6 1 1442 497 1443
2232 2 2 6 1 1444 1443 499
2233 2 2 6 1 497 1445 1443
2234 2 2 6 1 1445 1446 1443
2235 2 2 6 1 1445 498 1446
2236 2 2 6 1 1443 1446 499
2237 2 2 6 1 497 1447 1445
2238 2 2 6 1 1447 1448 1445
2239 2 2 6 1 1447 197 1448
2240 2 2 6 1 1445 1448 498
2241 2 2 6 1 499 1446 1450
2242 2 2 6 1 1446 1449 1450
2243 2 2 6 1 1446 498 1449
2244 2 2 6 1 1450 1449 198
2245 2 2 6 1 118 90 1452
2246 2 2 6 1 90 1451 1452
2247 2 2 6 1 90 108 1451
2248 2 2 6 1 1452 1451 501
2249 2 2 6 1 108 1453 1451
2250 2 2 6 1 1453 1454 1451
2251 2 2 6 1 1453 500 1454
2252 2 2 6 1 1451 1454 501
2253 2 2 6 1 108 91 1453
2254 2 2 6 1 91 1455 1453
2255 2 2 6 1 91 117 1455
2256 2 2 6 1 1453 1455 500
2257 2 2 6 1 501 1454 1457
2258 2 2 6 1 1454 1456 1457
2259 2 2 6 1 1454 500 1456
2260 2 2 6 1 1457 1456 183
2261 2 2 6 1 120 86 1459
2262 2 2 6 1 86 1458 1459
2263 2 2 6 1 86 110 1458
2264 2 2 6 1 1459 1458 503
2265 2 2 6 1 110 1460 1458
2266 2 2 6 1 1460 1461 1458
2267 2 2 6 1 1460 502 1461
2268 2 2 6 1 1458 1461 503
2269 2 2 6 1 110 87 1460
2270 2 2 6 1 87 1462 1460
2271 2 2 6 1 87 119 1462
2272 2 2 6 1 1460 1462 502
2273 2 2 6 1 503 1461 1464
2274 2 2 6 1 1461 1463 1464
2275 2 2 6 1 1461 502 1463
2276 2 2 6 1 1464 1463 182
2277 2 2 6 1 119 88 1466
2278 2 2 6 1 88 1465 1466
2279 2 2 6 1 88 109 1465
2280 2 2 6 1 1466 1465 505
2281 2 2 6 1 109 1467 1465
2282 2 2 6 1 1467 1468 1465
2283 2 2 6 1 1467 504 1468
2284 2 2 6 1 1465 1468 505
2285 2 2 6 1 109 89 1467
2286 2 2 6 1 89 1469 1467
2287 2 2 6 1 89 118 1469
2288 2 2 6 1 1467 1469 504
2289 2 2 6 1 505 1468 1471
2290 2 2 6 1 1468 1470 1471
2291 2 2 6 1 1468 504 1470
2292 2 2 6 1 1471 1470 241
2293 2 2 6 1 79 48 1473
2294 2 2 6 1 48 1472 1473
2295 2 2 6 1 48 69 1472
2296 2 2 6 1 1473 1472 507
2297 2 2 6 1 69 1474 1472
2298 2 2 6 1 1474 1475 1472
2299 2 2 6 1 1474 506 1475
2300 2 2 6 1 1472 1475 507
2301 2 2 6 1 69 49 1474
2302 2 2 6 1 49 1476 1474
2303 2 2 6 1 49 78 1476
2304 2 2 6 1 1474 1476 506
2305 2 2 6 1 507 1475 1478
2306 2 2 6 1 1475 1477 1478
2307 2 2 6 1 1475 506 1477
2308 2 2 6 1 1478 1477 242
2309 2 2 6 1 201 1479 1481
2310 2 2 6 1 1479 1480 1481
2311 2 2 6 1 1479 508 1480
2312 2 2 6 1 1481 1480 510
2313 2 2 6 1 508 1482 1480
2314 2 2 6 1 1482 1483 1480
2315 2 2 6 1 1482 509 1483
2316 2 2 6 1 1480 1483 510
2317 2 2 6 1 508 1484 1482
2318 2 2 6 1 1484 1485 1482
2319 2 2 6 1 1484 203 1485
2320 2 2 6 1 1482 1485 509
2321 2 2 6 1 510 1483 1487
2322 2 2 6 1 1483 1486 1487
2323 2 2 6 1 1483 509 1486
2324 2 2 6 1 1487 1486 204
2325 2 2 6 1 201 1488 1479
2326 2 2 6 1 1488 1489 1479
2327 2 2 6 1 1488 511 1489
2328 2 2 6 1 1479 1489 508
2329 2 2 6 1 511 1490 1489
2330 2 2 6 1 1490 1491 1489
2331 2 2 6 1 1490 512 1491
2332 2 2 6 1 1489 1491 508
2333 2 2 6 1 511 1492 1490
2334 2 2 6 1 1492 1493 1490
2335 2 2 6 1 1492 202 1493
2336 2 2 6 1 1490 1493 512
2337 2 2 6 1 508 1491 1484
2338 2 2 6 1 1491 1494 1484
2339 2 2 6 1 1491 512 1494
2340 2 2 6 1 1484 1494 203
2341 2 2 6 1 204 1486 1496
2342 2 2 6 1 1486 1495 1496
2343 2 2 6 1 1486 509 1495
2344 2 2 6 1 1496 1495 514
2345 2 2 6 1 509 1497 1495
2346 2 2 6 1 1497 1498 1495
2347 2 2 6 1 1497 513 1498
2348 2 2 6 1 1495 1498 514
2349 2 2 6 1 509 1485 1497
2350 2 2 6 1 1485 1499 1497
2351 2 2 6 1 1485 203 1499
2352 2 2 6 1 1497 1499 513
2353 2 2 6 1 514 1498 1501
2354 2 2 6 1 1498 1500 1501
2355 2 2 6 1 1498 513 1500
2356 2 2 6 1 1501 1500 205
2357 2 2 6 1 78 1416 1476
2358 2 2 6 1 1416 1502 1476
2359 2 2 6 1 1416 491 1502
2360 2 2 6 1 1476 1502 506
2361 2 2 6 1 491 1503 1502
2362 2 2 6 1 1503 1504 1502
2363 2 2 6 1 1503 515 1504
2364 2 2 6 1 1502 1504 506
2365 2 2 6 1 491 1419 1503
2366 2 2 6 1 1419 1505 1503
2367 2 2 6 1 1419 195 1505
2368 2 2 6 1 1503 1505 515
2369 2 2 6 1 506 1504 1477
2370 2 2 6 1 1504 1506 1477
2371 2 2 6 1 1504 515 1506
2372 2 2 6 1 1477 1506 242
2373 2 2 6 1 39 1406 1508
2374 2 2 6 1 1406 1507 1508
2375 2 2 6 1 1406 489 1507
2376 2 2 6 1 1508 1507 516
2377 2 2 6 1 489 1509 1507
2378 2 2 6 1 1509 1510 1507
2379 2 2 6 1 1509 496 1510
2380 2 2 6 1 1507 1510 516
2381 2 2 6 1 489 1409 1509
2382 2 2 6 1 1409 1436 1509
2383 2 2 6 1 1409 184 1436
2384 2 2 6 1 1509 1436 496
2385 2 2 6 1 516 1510 1511
2386 2 2 6 1 1510 1441 1511
2387 2 2 6 1 1510 496 1441
2388 2 2 6 1 1511 1441 244
2389 2 2 6 1 40 6 1513
2390 2 2 6 1 6 1512 1513
2391 2 2 6 1 6 30 1512
2392 2 2 6 1 1513 1512 517
2393 2 2 6 1 30 1514 1512
2394 2 2 6 1 1514 1515 1512
2395 2 2 6 1 1514 516 1515
2396 2 2 6 1 1512 1515 517
2397 2 2 6 1 30 7 1514
2398 2 2 6 1 7 1508 1514
2399 2 2 6 1 7 39 1508
2400 2 2 6 1 1514 1508 516
2401 2 2 6 1 517 1515 1516
2402 2 2 6 1 1515 1511 1516
2403 2 2 6 1 1515 516 1511
2404 2 2 6 1 1516 1511 244
2405 2 2 6 1 41 4 1518
2406 2 2 6 1 4 1517 1518
2407 2 2 6 1 4 31 1517
2408 2 2 6 1 1518 1517 519
2409 2 2 6 1 31 1519 1517
2410 2 2 6 1 1519 1520 1517
2411 2 2 6 1 1519 518 1520
2412 2 2 6 1 1517 1520 519
2413 2 2 6 1 31 5 1519
2414 2 2 6 1 5 1521 1519
2415 2 2 6 1 5 40 1521
2416 2 2 6 1 1519 1521 518
2417 2 2 6 1 519 1520 1523
2418 2 2 6 1 1520 1522 1523
2419 2 2 6 1 1520 518 1522
2420 2 2 6 1 1523 1522 192
2421 2 2 6 1 80 46 1525
2422 2 2 6 1 46 1524 1525
2423 2 2 6 1 46 70 1524
2424 2 2 6 1 1525 1524 521
2425 2 2 6 1 70 1526 1524
2426 2 2 6 1 1526 1527 1524
2427 2 2 6 1 1526 520 1527
2428 2 2 6 1 1524 1527 521
2429 2 2 6 1 70 47 1526
2430 2 2 6 1 47 1528 1526
2431 2 2 6 1 47 79 1528
2432 2 2 6 1 1526 1528 520
2433 2 2 6 1 521 1527 1530
2434 2 2 6 1 1527 1529 1530
2435 2 2 6 1 1527 520 1529
2436 2 2 6 1 1530 1529 191
2437 2 2 6 1 201 1531 1488
2438 2 2 6 1 1531 1532 1488
2439 2 2 6 1 1531 522 1532
2440 2 2 6 1 1488 1532 511
2441 2 2 6 1 522 1533 1532
2442 2 2 6 1 1533 1534 1532
2443 2 2 6 1 1533 387 1534
2444 2 2 6 1 1532 1534 511
2445 2 2 6 1 522 1535 1533
2446 2 2 6 1 1535 1011 1533
2447 2 2 6 1 1535 199 1011
2448 2 2 6 1 1533 1011 387
2449 2 2 6 1 511 1534 1492
2450 2 2 6 1 1534 1006 1492
2451 2 2 6 1 1534 387 1006
2452 2 2 6 1 1492 1006 202
2453 2 2 6 1 198 1536 1538
2454 2 2 6 1 1536 1537 1538
2455 2 2 6 1 1536 523 1537
2456 2 2 6 1 1538 1537 524
2457 2 2 6 1 523 1539 1537
2458 2 2 6 1 1539 1540 1537
2459 2 2 6 1 1539 522 1540
2460 2 2 6 1 1537 1540 524
2461 2 2 6 1 523 1541 1539
2462 2 2 6 1 1541 1535 1539
2463 2 2 6 1 1541 199 1535
2464 2 2 6 1 1539 1535 522
2465 2 2 6 1 524 1540 1542
2466 2 2 6 1 1540 1531 1542
2467 2 2 6 1 1540 522 1531
2468 2 2 6 1 1542 1531 201
2469 2 2 6 1 223 1543 1323
2470 2 2 6 1 1543 1544 1323
2471 2 2 6 1 1543 525 1544
2472 2 2 6 1 1323 1544 472
2473 2 2 6 1 525 1545 1544
2474 2 2 6 1 1545 1546 1544
2475 2 2 6 1 1545 526 1546
2476 2 2 6 1 1544 1546 472
2477 2 2 6 1 525 1547 1545
2478 2 2 6 1 1547 1548 1545
2479 2 2 6 1 1547 224 1548
2480 2 2 6 1 1545 1548 526
2481 2 2 6 1 472 1546 1327
2482 2 2 6 1 1546 1549 1327
2483 2 2 6 1 1546 526 1549
2484 2 2 6 1 1327 1549 225
2485 2 2 6 1 118 1452 1469
2486 2 2 6 1 1452 1550 1469
2487 2 2 6 1 1452 501 1550
2488 2 2 6 1 1469 1550 504
2489 2 2 6 1 501 1551 1550
2490 2 2 6 1 1551 1552 1550
2491 2 2 6 1 1551 527 1552
2492 2 2 6 1 1550 1552 504
2493 2 2 6 1 501 1457 1551
2494 2 2 6 1 1457 1553 1551
2495 2 2 6 1 1457 183 1553
2496 2 2 6 1 1551 1553 527
2497 2 2 6 1 504 1552 1470
2498 2 2 6 1 1552 1554 1470
2499 2 2 6 1 1552 527 1554
2500 2 2 6 1 1470 1554 241
2501 2 2 6 1 199 1555 1015
2502 2 2 6 1 1555 1556 1015
2503 2 2 6 1 1555 528 1556
2504 2 2 6 1 1015 1556 390
2505 2 2 6 1 528 1557 1556
2506 2 2 6 1 1557 1558 1556
2507 2 2 6 1 1557 529 1558
2508 2 2 6 1 1556 1558 390
2509 2 2 6 1 528 1559 1557
2510 2 2 6 1 1559 1560 1557
2511 2 2 6 1 1559 197 1560
2512 2 2 6 1 1557 1560 529
2513 2 2 6 1 390 1558 1019
2514 2 2 6 1 1558 1561 1019
2515 2 2 6 1 1558 529 1561
2516 2 2 6 1 1019 1561 200
2517 2 2 6 1 221 1358 1563
2518 2 2 6 1 1358 1562 1563
2519 2 2 6 1 1358 478 1562
2520 2 2 6 1 1563 1562 530
2521 2 2 6 1 478 1564 1562
2522 2 2 6 1 1564 1565 1562
2523 2 2 6 1 1564 490 1565
2524 2 2 6 1 1562 1565 530
2525 2 2 6 1 478 1357 1564
2526 2 2 6 1 1357 1411 1564
2527 2 2 6 1 1357 218 1411
2528 2 2 6 1 1564 1411 490
2529 2 2 6 1 530 1565 1566
2530 2 2 6 1 1565 1414 1566
2531 2 2 6 1 1565 490 1414
2532 2 2 6 1 1566 1414 245
2533 2 2 6 1 182 1463 1568
2534 2 2 6 1 1463 1567 1568
2535 2 2 6 1 1463 502 1567
2536 2 2 6 1 1568 1567 531
2537 2 2 6 1 502 1569 1567
2538 2 2 6 1 1569 1570 1567
2539 2 2 6 1 1569 505 1570
2540 2 2 6 1 1567 1570 531
2541 2 2 6 1 502 1462 1569
2542 2 2 6 1 1462 1466 1569
2543 2 2 6 1 1462 119 1466
2544 2 2 6 1 1569 1466 505
2545 2 2 6 1 531 1570 1571
2546 2 2 6 1 1570 1471 1571
2547 2 2 6 1 1570 505 1471
2548 2 2 6 1 1571 1471 241
2549 2 2 6 1 182 1568 1573
2550 2 2 6 1 1568 1572 1573
2551 2 2 6 1 1568 531 1572
2552 2 2 6 1 1573 1572 533
2553 2 2 6 1 531 1574 1572
2554 2 2 6 1 1574 1575 1572
2555 2 2 6 1 1574 532 1575
2556 2 2 6 1 1572 1575 533
2557 2 2 6 1 531 1571 1574
2558 2 2 6 1 1571 1576 1574
2559 2 2 6 1 1571 241 1576
2560 2 2 6 1 1574 1576 532
2561 2 2 6 1 533 1575 1578
2562 2 2 6 1 1575 1577 1578
2563 2 2 6 1 1575 532 1577
2564 2 2 6 1 1578 1577 246
2565 2 2 6 1 198 1449 1536
2566 2 2 6 1 1449 1579 1536
2567 2 2 6 1 1449 498 1579
2568 2 2 6 1 1536 1579 523
2569 2 2 6 1 498 1580 1579
2570 2 2 6 1 1580 1581 1579
2571 2 2 6 1 1580 528 1581
2572 2 2 6 1 1579 1581 523
2573 2 2 6 1 498 1448 1580
2574 2 2 6 1 1448 1559 1580
2575 2 2 6 1 1448 197 1559
2576 2 2 6 1 1580 1559 528
2577 2 2 6 1 523 1581 1541
2578 2 2 6 1 1581 1555 1541
2579 2 2 6 1 1581 528 1555
2580 2 2 6 1 1541 1555 199
2581 2 2 6 1 183 1444 1553
2582 2 2 6 1 1444 1582 1553
2583 2 2 6 1 1444 499 1582
2584 2 2 6 1 1553 1582 527
2585 2 2 6 1 499 1583 1582
2586 2 2 6 1 1583 1584 1582
2587 2 2 6 1 1583 534 1584
2588 2 2 6 1 1582 1584 527
2589 2 2 6 1 499 1450 1583
2590 2 2 6 1 1450 1585 1583
2591 2 2 6 1 1450 198 1585
2592 2 2 6 1 1583 1585 534
2593 2 2 6 1 527 1584 1554
2594 2 2 6 1 1584 1586 1554
2595 2 2 6 1 1584 534 1586
2596 2 2 6 1 1554 1586 241
2597 2 2 6 1 191 1529 943
2598 2 2 6 1 1529 1587 943
2599 2 2 6 1 1529 520 1587
2600 2 2 6 1 943 1587 369
2601 2 2 6 1 520 1588 1587
2602 2 2 6 1 1588 1589 1587
2603 2 2 6 1 1588 507 1589
2604 2 2 6 1 1587 1589 369
2605 2 2 6 1 520 1528 1588
2606 2 2 6 1 1528 1473 1588
2607 2 2 6 1 1528 79 1473
2608 2 2 6 1 1588 1473 507
2609 2 2 6 1 369 1589 947
2610 2 2 6 1 1589 1478 947
2611 2 2 6 1 1589 507 1478
2612 2 2 6 1 947 1478 242
2613 2 2 6 1 160 126 1591
2614 2 2 6 1 126 1590 1591
2615 2 2 6 1 126 150 1590
2616 2 2 6 1 1591 1590 536
2617 2 2 6 1 150 1592 1590
2618 2 2 6 1 1592 1593 1590
2619 2 2 6 1 1592 535 1593
2620 2 2 6 1 1590 1593 536
2621 2 2 6 1 150 127 1592
2622 2 2 6 1 127 1594 1592
2623 2 2 6 1 127 159 1594
2624 2 2 6 1 1592 1594 535
2625 2 2 6 1 536 1593 1596
2626 2 2 6 1 1593 1595 1596
2627 2 2 6 1 1593 535 1595
2628 2 2 6 1 1596 1595 188
2629 2 2 6 1 192 1522 1598
2630 2 2 6 1 1522 1597 1598
2631 2 2 6 1 1522 518 1597
2632 2 2 6 1 1598 1597 537
2633 2 2 6 1 518 1599 1597
2634 2 2 6 1 1599 1600 1597
2635 2 2 6 1 1599 517 1600
2636 2 2 6 1 1597 1600 537
2637 2 2 6 1 518 1521 1599
2638 2 2 6 1 1521 1513 1599
2639 2 2 6 1 1521 40 1513
2640 2 2 6 1 1599 1513 517
2641 2 2 6 1 537 1600 1601
2642 2 2 6 1 1600 1516 1601
2643 2 2 6 1 1600 517 1516
2644 2 2 6 1 1601 1516 244
2645 2 2 6 1 223 1434 1543
2646 2 2 6 1 1434 1602 1543
2647 2 2 6 1 1434 494 1602
2648 2 2 6 1 1543 1602 525
2649 2 2 6 1 494 1603 1602
2650 2 2 6 1 1603 1604 1602
2651 2 2 6 1 1603 538 1604
2652 2 2 6 1 1602 1604 525
2653 2 2 6 1 494 1433 1603
2654 2 2 6 1 1433 1605 1603
2655 2 2 6 1 1433 222 1605
2656 2 2 6 1 1603 1605 538
2657 2 2 6 1 525 1604 1547
2658 2 2 6 1 1604 1606 1547
2659 2 2 6 1 1604 538 1606
2660 2 2 6 1 1547 1606 224
2661 2 2 6 1 225 1549 1608
2662 2 2 6 1 1549 1607 1608
2663 2 2 6 1 1549 526 1607
2664 2 2 6 1 1608 1607 540
2665 2 2 6 1 526 1609 1607
2666 2 2 6 1 1609 1610 1607
2667 2 2 6 1 1609 539 1610
2668 2 2 6 1 1607 1610 540
2669 2 2 6 1 526 1548 1609
2670 2 2 6 1 1548 1611 1609
2671 2 2 6 1 1548 224 1611
2672 2 2 6 1 1609 1611 539
2673 2 2 6 1 540 1610 1613
2674 2 2 6 1 1610 1612 1613
2675 2 2 6 1 1610 539 1612
2676 2 2 6 1 1613 1612 226
2677 2 2 6 1 192 1598 826
2678 2 2 6 1 1598 1614 826
2679 2 2 6 1 1598 537 1614
2680 2 2 6 1 826 1614 336
2681 2 2 6 1 537 1615 1614
2682 2 2 6 1 1615 1616 1614
2683 2 2 6 1 1615 541 1616
2684 2 2 6 1 1614 1616 336
2685 2 2 6 1 537 1601 1615
2686 2 2 6 1 1601 1617 1615
2687 2 2 6 1 1601 244 1617
2688 2 2 6 1 1615 1617 541
2689 2 2 6 1 336 1616 831
2690 2 2 6 1 1616 1618 831
2691 2 2 6 1 1616 541 1618
2692 2 2 6 1 831 1618 247
2693 2 2 6 1 159 128 1620
2694 2 2 6 1 128 1619 1620
2695 2 2 6 1 128 149 1619
2696 2 2 6 1 1620 1619 543
2697 2 2 6 1 149 1621 1619
2698 2 2 6 1 1621 1622 1619
2699 2 2 6 1 1621 542 1622
2700 2 2 6 1 1619 1622 543
2701 2 2 6 1 149 129 1621
2702 2 2 6 1 129 1623 1621
2703 2 2 6 1 129 158 1623
2704 2 2 6 1 1621 1623 542
2705 2 2 6 1 543 1622 1625
2706 2 2 6 1 1622 1624 1625
2707 2 2 6 1 1622 542 1624
2708 2 2 6 1 1625 1624 243
2709 2 2 6 1 244 1440 1617
2710 2 2 6 1 1440 1626 1617
2711 2 2 6 1 1440 495 1626
2712 2 2 6 1 1617 1626 541
2713 2 2 6 1 495 1627 1626
2714 2 2 6 1 1627 1628 1626
2715 2 2 6 1 1627 544 1628
2716 2 2 6 1 1626 1628 541
2717 2 2 6 1 495 1439 1627
2718 2 2 6 1 1439 1629 1627
2719 2 2 6 1 1439 236 1629
2720 2 2 6 1 1627 1629 544
2721 2 2 6 1 541 1628 1618
2722 2 2 6 1 1628 1630 1618
2723 2 2 6 1 1628 544 1630
2724 2 2 6 1 1618 1630 247
2725 2 2 6 1 158 130 1632
2726 2 2 6 1 130 1631 1632
2727 2 2 6 1 130 148 1631
2728 2 2 6 1 1632 1631 546
2729 2 2 6 1 148 1633 1631
2730 2 2 6 1 1633 1634 1631
2731 2 2 6 1 1633 545 1634
2732 2 2 6 1 1631 1634 546
2733 2 2 6 1 148 131 1633
2734 2 2 6 1 131 1635 1633
2735 2 2 6 1 131 157 1635
2736 2 2 6 1 1633 1635 545
2737 2 2 6 1 546 1634 1637
2738 2 2 6 1 1634 1636 1637
2739 2 2 6 1 1634 545 1636
2740 2 2 6 1 1637 1636 194
2741 2 2 6 1 241 1586 1576
2742 2 2 6 1 1586 1638 1576
2743 2 2 6 1 1586 534 1638
2744 2 2 6 1 1576 1638 532
2745 2 2 6 1 534 1639 1638
2746 2 2 6 1 1639 1640 1638
2747 2 2 6 1 1639 547 1640
2748 2 2 6 1 1638 1640 532
2749 2 2 6 1 534 1585 1639
2750 2 2 6 1 1585 1641 1639
2751 2 2 6 1 1585 198 1641
2752 2 2 6 1 1639 1641 547
2753 2 2 6 1 532 1640 1577
2754 2 2 6 1 1640 1642 1577
2755 2 2 6 1 1640 547 1642
2756 2 2 6 1 1577 1642 246
2757 2 2 6 1 201 1481 1644
2758 2 2 6 1 1481 1643 1644
2759 2 2 6 1 1481 510 1643
2760 2 2 6 1 1644 1643 549
2761 2 2 6 1 510 1645 1643
2762 2 2 6 1 1645 1646 1643
2763 2 2 6 1 1645 548 1646
2764 2 2 6 1 1643 1646 549
2765 2 2 6 1 510 1487 1645
2766 2 2 6 1 1487 1647 1645
2767 2 2 6 1 1487 204 1647
2768 2 2 6 1 1645 1647 548
2769 2 2 6 1 549 1646 1649
2770 2 2 6 1 1646 1648 1649
2771 2 2 6 1 1646 548 1648
2772 2 2 6 1 1649 1648 246
2773 2 2 6 1 183 1650 1442
2774 2 2 6 1 1650 1651 1442
2775 2 2 6 1 1650 550 1651
2776 2 2 6 1 1442 1651 497
2777 2 2 6 1 550 1652 1651
2778 2 2 6 1 1652 1653 1651
2779 2 2 6 1 1652 551 1653
2780 2 2 6 1 1651 1653 497
2781 2 2 6 1 550 1654 1652
2782 2 2 6 1 1654 1655 1652
2783 2 2 6 1 1654 196 1655
2784 2 2 6 1 1652 1655 551
2785 2 2 6 1 497 1653 1447
2786 2 2 6 1 1653 1656 1447
2787 2 2 6 1 1653 551 1656
2788 2 2 6 1 1447 1656 197
2789 2 2 6 1 183 1456 1650
2790 2 2 6 1 1456 1657 1650
2791 2 2 6 1 1456 500 1657
2792 2 2 6 1 1650 1657 550
2793 2 2 6 1 500 1658 1657
2794 2 2 6 1 1658 1659 1657
2795 2 2 6 1 1658 482 1659
2796 2 2 6 1 1657 1659 550
2797 2 2 6 1 500 1455 1658
2798 2 2 6 1 1455 1371 1658
2799 2 2 6 1 1455 117 1371
2800 2 2 6 1 1658 1371 482
2801 2 2 6 1 550 1659 1654
2802 2 2 6 1 1659 1374 1654
2803 2 2 6 1 1659 482 1374
2804 2 2 6 1 1654 1374 196
2805 2 2 6 1 188 1595 933
2806 2 2 6 1 1595 1660 933
2807 2 2 6 1 1595 535 1660
2808 2 2 6 1 933 1660 367
2809 2 2 6 1 535 1661 1660
2810 2 2 6 1 1661 1662 1660
2811 2 2 6 1 1661 543 1662
2812 2 2 6 1 1660 1662 367
2813 2 2 6 1 535 1594 1661
2814 2 2 6 1 1594 1620 1661
2815 2 2 6 1 1594 159 1620
2816 2 2 6 1 1661 1620 543
2817 2 2 6 1 367 1662 937
2818 2 2 6 1 1662 1625 937
2819 2 2 6 1 1662 543 1625
2820 2 2 6 1 937 1625 243
2821 2 2 6 1 236 1329 1629
2822 2 2 6 1 1329 1663 1629
2823 2 2 6 1 1329 473 1663
2824 2 2 6 1 1629 1663 544
2825 2 2 6 1 473 1664 1663
2826 2 2 6 1 1664 1665 1663
2827 2 2 6 1 1664 552 1665
2828 2 2 6 1 1663 1665 544
2829 2 2 6 1 473 1328 1664
2830 2 2 6 1 1328 1666 1664
2831 2 2 6 1 1328 225 1666
2832 2 2 6 1 1664 1666 552
2833 2 2 6 1 544 1665 1630
2834 2 2 6 1 1665 1667 1630
2835 2 2 6 1 1665 552 1667
2836 2 2 6 1 1630 1667 247
2837 2 2 6 1 198 1538 1641
2838 2 2 6 1 1538 1668 1641
2839 2 2 6 1 1538 524 1668
2840 2 2 6 1 1641 1668 547
2841 2 2 6 1 524 1669 1668
2842 2 2 6 1 1669 1670 1668
2843 2 2 6 1 1669 549 1670
2844 2 2 6 1 1668 1670 547
2845 2 2 6 1 524 1542 1669
2846 2 2 6 1 1542 1644 1669
2847 2 2 6 1 1542 201 1644
2848 2 2 6 1 1669 1644 549
2849 2 2 6 1 547 1670 1642
2850 2 2 6 1 1670 1649 1642
2851 2 2 6 1 1670 549 1649
2852 2 2 6 1 1642 1649 246
2853 2 2 6 1 197 1656 1672
2854 2 2 6 1 1656 1671 1672
2855 2 2 6 1 1656 551 1671
2856 2 2 6 1 1672 1671 553
2857 2 2 6 1 551 1673 1671
2858 2 2 6 1 1673 1674 1671
2859 2 2 6 1 1673 483 1674
2860 2 2 6 1 1671 1674 553
2861 2 2 6 1 551 1655 1673
2862 2 2 6 1 1655 1376 1673
2863 2 2 6 1 1655 196 1376
2864 2 2 6 1 1673 1376 483
2865 2 2 6 1 553 1674 1675
2866 2 2 6 1 1674 1379 1675
2867 2 2 6 1 1674 483 1379
2868 2 2 6 1 1675 1379 248
2869 2 2 6 1 200 1561 1004
2870 2 2 6 1 1561 1676 1004
2871 2 2 6 1 1561 529 1676
2872 2 2 6 1 1004 1676 386
2873 2 2 6 1 529 1677 1676
2874 2 2 6 1 1677 1678 1676
2875 2 2 6 1 1677 553 1678
2876 2 2 6 1 1676 1678 386
2877 2 2 6 1 529 1560 1677
2878 2 2 6 1 1560 1672 1677
2879 2 2 6 1 1560 197 1672
2880 2 2 6 1 1677 1672 553
2881 2 2 6 1 386 1678 1005
2882 2 2 6 1 1678 1675 1005
2883 2 2 6 1 1678 553 1675
2884 2 2 6 1 1005 1675 248
2885 2 2 6 1 158 1632 1623
2886 2 2 6 1 1632 1679 1623
2887 2 2 6 1 1632 546 1679
2888 2 2 6 1 1623 1679 542
2889 2 2 6 1 546 1680 1679
2890 2 2 6 1 1680 1681 1679
2891 2 2 6 1 1680 554 1681
2892 2 2 6 1 1679 1681 542
2893 2 2 6 1 546 1637 1680
2894 2 2 6 1 1637 1682 1680
2895 2 2 6 1 1637 194 1682
2896 2 2 6 1 1680 1682 554
2897 2 2 6 1 542 1681 1624
2898 2 2 6 1 1681 1683 1624
2899 2 2 6 1 1681 554 1683
2900 2 2 6 1 1624 1683 243
2901 2 2 6 1 194 1636 1685
2902 2 2 6 1 1636 1684 1685
2903 2 2 6 1 1636 545 1684
2904 2 2 6 1 1685 1684 555
2905 2 2 6 1 545 1686 1684
2906 2 2 6 1 1686 1687 1684
2907 2 2 6 1 1686 486 1687
2908 2 2 6 1 1684 1687 555
2909 2 2 6 1 545 1635 1686
2910 2 2 6 1 1635 1394 1686
2911 2 2 6 1 1635 157 1394
2912 2 2 6 1 1686 1394 486
2913 2 2 6 1 555 1687 1688
2914 2 2 6 1 1687 1397 1688
2915 2 2 6 1 1687 486 1397
2916 2 2 6 1 1688 1397 240
2917 2 2 6 1 182 1573 1690
2918 2 2 6 1 1573 1689 1690
2919 2 2 6 1 1573 533 1689
2920 2 2 6 1 1690 1689 557
2921 2 2 6 1 533 1691 1689
2922 2 2 6 1 1691 1692 1689
2923 2 2 6 1 1691 556 1692
2924 2 2 6 1 1689 1692 557
2925 2 2 6 1 533 1578 1691
2926 2 2 6 1 1578 1693 1691
2927 2 2 6 1 1578 246 1693
2928 2 2 6 1 1691 1693 556
2929 2 2 6 1 557 1692 1695
2930 2 2 6 1 1692 1694 1695
2931 2 2 6 1 1692 556 1694
2932 2 2 6 1 1695 1694 249
2933 2 2 6 1 246 1648 1693
2934 2 2 6 1 1648 1696 1693
2935 2 2 6 1 1648 548 1696
2936 2 2 6 1 1693 1696 556
2937 2 2 6 1 548 1697 1696
2938 2 2 6 1 1697 1698 1696
2939 2 2 6 1 1697 558 1698
2940 2 2 6 1 1696 1698 556
2941 2 2 6 1 548 1647 1697
2942 2 2 6 1 1647 1699 1697
2943 2 2 6 1 1647 204 1699
2944 2 2 6 1 1697 1699 558
2945 2 2 6 1 556 1698 1694
2946 2 2 6 1 1698 1700 1694
2947 2 2 6 1 1698 558 1700
2948 2 2 6 1 1694 1700 249
2949 2 2 6 1 121 84 1702
2950 2 2 6 1 84 1701 1702
2951 2 2 6 1 84 111 1701
2952 2 2 6 1 1702 1701 560
2953 2 2 6 1 111 1703 1701
2954 2 2 6 1 1703 1704 1701
2955 2 2 6 1 1703 559 1704
2956 2 2 6 1 1701 1704 560
2957 2 2 6 1 111 85 1703
2958 2 2 6 1 85 1705 1703
2959 2 2 6 1 85 120 1705
2960 2 2 6 1 1703 1705 559
2961 2 2 6 1 560 1704 1707
2962 2 2 6 1 1704 1706 1707
2963 2 2 6 1 1704 559 1706
2964 2 2 6 1 1707 1706 250
2965 2 2 6 1 142 124 1709
2966 2 2 6 1 124 1708 1709
2967 2 2 6 1 124 151 1708
2968 2 2 6 1 1709 1708 562
2969 2 2 6 1 151 1710 1708
2970 2 2 6 1 1710 1711 1708
2971 2 2 6 1 1710 561 1711
2972 2 2 6 1 1708 1711 562
2973 2 2 6 1 151 125 1710
2974 2 2 6 1 125 1712 1710
2975 2 2 6 1 125 160 1712
2976 2 2 6 1 1710 1712 561
2977 2 2 6 1 562 1711 1714
2978 2 2 6 1 1711 1713 1714
2979 2 2 6 1 1711 561 1713
2980 2 2 6 1 1714 1713 251
2981 2 2 6 1 154 138 1716
2982 2 2 6 1 138 1715 1716
2983 2 2 6 1 138 144 1715
2984 2 2 6 1 1716 1715 564
2985 2 2 6 1 144 1717 1715
2986 2 2 6 1 1717 1718 1715
2987 2 2 6 1 1717 563 1718
2988 2 2 6 1 1715 1718 564
2989 2 2 6 1 144 139 1717
2990 2 2 6 1 139 1719 1717
2991 2 2 6 1 139 153 1719
2992 2 2 6 1 1717 1719 563
2993 2 2 6 1 564 1718 1721
2994 2 2 6 1 1718 1720 1721
2995 2 2 6 1 1718 563 1720
2996 2 2 6 1 1721 1720 252
2997 2 2 6 1 81 44 1723
2998 2 2 6 1 44 1722 1723
2999 2 2 6 1 44 71 1722
3000 2 2 6 1 1723 1722 566
3001 2 2 6 1 71 1724 1722
3002 2 2 6 1 1724 1725 1722
3003 2 2 6 1 1724 565 1725
3004 2 2 6 1 1722 1725 566
3005 2 2 6 1 71 45 1724
3006 2 2 6 1 45 1726 1724
3007 2 2 6 1 45 80 1726
3008 2 2 6 1 1724 1726 565
3009 2 2 6 1 566 1725 1728
3010 2 2 6 1 1725 1727 1728
3011 2 2 6 1 1725 565 1727
3012 2 2 6 1 1728 1727 253
3013 2 2 6 1 182 1690 1730
3014 2 2 6 1 1690 1729 1730
3015 2 2 6 1 1690 557 1729
3016 2 2 6 1 1730 1729 567
3017 2 2 6 1 557 1731 1729
3018 2 2 6 1 1731 1732 1729
3019 2 2 6 1 1731 351 1732
3020 2 2 6 1 1729 1732 567
3021 2 2 6 1 557 1695 1731
3022 2 2 6 1 1695 870 1731
3023 2 2 6 1 1695 249 870
3024 2 2 6 1 1731 870 351
3025 2 2 6 1 567 1732 1733
3026 2 2 6 1 1732 875 1733
3027 2 2 6 1 1732 351 875
3028 2 2 6 1 1733 875 250
3029 2 2 6 1 120 1459 1705
3030 2 2 6 1 1459 1734 1705
3031 2 2 6 1 1459 503 1734
3032 2 2 6 1 1705 1734 559
3033 2 2 6 1 503 1735 1734
3034 2 2 6 1 1735 1736 1734
3035 2 2 6 1 1735 567 1736
3036 2 2 6 1 1734 1736 559
3037 2 2 6 1 503 1464 1735
3038 2 2 6 1 1464 1730 1735
3039 2 2 6 1 1464 182 1730
3040 2 2 6 1 1735 1730 567
3041 2 2 6 1 559 1736 1706
3042 2 2 6 1 1736 1733 1706
3043 2 2 6 1 1736 567 1733
3044 2 2 6 1 1706 1733 250
3045 2 2 6 1 160 1591 1712
3046 2 2 6 1 1591 1737 1712
3047 2 2 6 1 1591 536 1737
3048 2 2 6 1 1712 1737 561
3049 2 2 6 1 536 1738 1737
3050 2 2 6 1 1738 1739 1737
3051 2 2 6 1 1738 285 1739
3052 2 2 6 1 1737 1739 561
3053 2 2 6 1 536 1596 1738
3054 2 2 6 1 1596 635 1738
3055 2 2 6 1 1596 188 635
3056 2 2 6 1 1738 635 285
3057 2 2 6 1 561 1739 1713
3058 2 2 6 1 1739 641 1713
3059 2 2 6 1 1739 285 641
3060 2 2 6 1 1713 641 251
3061 2 2 6 1 189 1300 657
3062 2 2 6 1 1300 1740 657
3063 2 2 6 1 1300 466 1740
3064 2 2 6 1 657 1740 290
3065 2 2 6 1 466 1741 1740
3066 2 2 6 1 1741 1742 1740
3067 2 2 6 1 1741 564 1742
3068 2 2 6 1 1740 1742 290
3069 2 2 6 1 466 1299 1741
3070 2 2 6 1 1299 1716 1741
3071 2 2 6 1 1299 154 1716
3072 2 2 6 1 1741 1716 564
3073 2 2 6 1 290 1742 658
3074 2 2 6 1 1742 1721 658
3075 2 2 6 1 1742 564 1721
3076 2 2 6 1 658 1721 252
3077 2 2 6 1 80 1525 1726
3078 2 2 6 1 1525 1743 1726
3079 2 2 6 1 1525 521 1743
3080 2 2 6 1 1726 1743 565
3081 2 2 6 1 521 1744 1743
3082 2 2 6 1 1744 1745 1743
3083 2 2 6 1 1744 288 1745
3084 2 2 6 1 1743 1745 565
3085 2 2 6 1 521 1530 1744
3086 2 2 6 1 1530 644 1744
3087 2 2 6 1 1530 191 644
3088 2 2 6 1 1744 644 288
3089 2 2 6 1 565 1745 1727
3090 2 2 6 1 1745 650 1727
3091 2 2 6 1 1745 288 650
3092 2 2 6 1 1727 650 253
3093 2 2 6 1 228 1366 1747
3094 2 2 6 1 1366 1746 1747
3095 2 2 6 1 1366 481 1746
3096 2 2 6 1 1747 1746 568
3097 2 2 6 1 481 1748 1746
3098 2 2 6 1 1748 1749 1746
3099 2 2 6 1 1748 297 1749
3100 2 2 6 1 1746 1749 568
3101 2 2 6 1 481 1369 1748
3102 2 2 6 1 1369 675 1748
3103 2 2 6 1 1369 231 675
3104 2 2 6 1 1748 675 297
3105 2 2 6 1 568 1749 1750
3106 2 2 6 1 1749 680 1750
3107 2 2 6 1 1749 297 680
3108 2 2 6 1 1750 680 268
3109 2 2 6 1 209 1287 1752
3110 2 2 6 1 1287 1751 1752
3111 2 2 6 1 1287 462 1751
3112 2 2 6 1 1752 1751 569
3113 2 2 6 1 462 1753 1751
3114 2 2 6 1 1753 1754 1751
3115 2 2 6 1 1753 295 1754
3116 2 2 6 1 1751 1754 569
3117 2 2 6 1 462 1286 1753
3118 2 2 6 1 1286 668 1753
3119 2 2 6 1 1286 208 668
3120 2 2 6 1 1753 668 295
3121 2 2 6 1 569 1754 1755
3122 2 2 6 1 1754 673 1755
3123 2 2 6 1 1754 295 673
3124 2 2 6 1 1755 673 269
3125 2 2 6 1 247 1667 685
3126 2 2 6 1 1667 1756 685
3127 2 2 6 1 1667 552 1756
3128 2 2 6 1 685 1756 298
3129 2 2 6 1 552 1757 1756
3130 2 2 6 1 1757 1758 1756
3131 2 2 6 1 1757 570 1758
3132 2 2 6 1 1756 1758 298
3133 2 2 6 1 552 1666 1757
3134 2 2 6 1 1666 1759 1757
3135 2 2 6 1 1666 225 1759
3136 2 2 6 1 1757 1759 570
3137 2 2 6 1 298 1758 686
3138 2 2 6 1 1758 1760 686
3139 2 2 6 1 1758 570 1760
3140 2 2 6 1 686 1760 271
3141 2 2 6 1 249 1700 664
3142 2 2 6 1 1700 1761 664
3143 2 2 6 1 1700 558 1761
3144 2 2 6 1 664 1761 292
3145 2 2 6 1 558 1762 1761
3146 2 2 6 1 1762 1763 1761
3147 2 2 6 1 1762 571 1763
3148 2 2 6 1 1761 1763 292
3149 2 2 6 1 558 1699 1762
3150 2 2 6 1 1699 1764 1762
3151 2 2 6 1 1699 204 1764
3152 2 2 6 1 1762 1764 571
3153 2 2 6 1 292 1763 665
3154 2 2 6 1 1763 1765 665
3155 2 2 6 1 1763 571 1765
3156 2 2 6 1 665 1765 270
3157 2 2 6 1 235 1204 1767
3158 2 2 6 1 1204 1766 1767
3159 2 2 6 1 1204 442 1766
3160 2 2 6 1 1767 1766 572
3161 2 2 6 1 442 1768 1766
3162 2 2 6 1 1768 1769 1766
3163 2 2 6 1 1768 375 1769
3164 2 2 6 1 1766 1769 572
3165 2 2 6 1 442 1203 1768
3166 2 2 6 1 1203 963 1768
3167 2 2 6 1 1203 233 963
3168 2 2 6 1 1768 963 375
3169 2 2 6 1 572 1769 1770
3170 2 2 6 1 1769 968 1770
3171 2 2 6 1 1769 375 968
3172 2 2 6 1 1770 968 272
3173 2 2 6 1 240 1181 1772
3174 2 2 6 1 1181 1771 1772
3175 2 2 6 1 1181 436 1771
3176 2 2 6 1 1772 1771 573
3177 2 2 6 1 436 1773 1771
3178 2 2 6 1 1773 1774 1771
3179 2 2 6 1 1773 377 1774
3180 2 2 6 1 1771 1774 573
3181 2 2 6 1 436 1180 1773
3182 2 2 6 1 1180 970 1773
3183 2 2 6 1 1180 237 970
3184 2 2 6 1 1773 970 377
3185 2 2 6 1 573 1774 1775
3186 2 2 6 1 1774 975 1775
3187 2 2 6 1 1774 377 975
3188 2 2 6 1 1775 975 273
3189 2 2 6 1 242 1506 952
3190 2 2 6 1 1506 1776 952
3191 2 2 6 1 1506 515 1776
3192 2 2 6 1 952 1776 370
3193 2 2 6 1 515 1777 1776
3194 2 2 6 1 1777 1778 1776
3195 2 2 6 1 1777 574 1778
3196 2 2 6 1 1776 1778 370
3197 2 2 6 1 515 1505 1777
3198 2 2 6 1 1505 1779 1777
3199 2 2 6 1 1505 195 1779
3200 2 2 6 1 1777 1779 574
3201 2 2 6 1 370 1778 953
3202 2 2 6 1 1778 1780 953
3203 2 2 6 1 1778 574 1780
3204 2 2 6 1 953 1780 274
3205 2 2 6 1 243 1683 959
3206 2 2 6 1 1683 1781 959
3207 2 2 6 1 1683 554 1781
3208 2 2 6 1 959 1781 372
3209 2 2 6 1 554 1782 1781
3210 2 2 6 1 1782 1783 1781
3211 2 2 6 1 1782 575 1783
3212 2 2 6 1 1781 1783 372
3213 2 2 6 1 554 1682 1782
3214 2 2 6 1 1682 1784 1782
3215 2 2 6 1 1682 194 1784
3216 2 2 6 1 1782 1784 575
3217 2 2 6 1 372 1783 960
3218 2 2 6 1 1783 1785 960
3219 2 2 6 1 1783 575 1785
3220 2 2 6 1 960 1785 275
3221 2 2 6 1 62 92 1787
3222 2 2 6 1 92 1786 1787
3223 2 2 6 1 92 112 1786
3224 2 2 6 1 1787 1786 577
3225 2 2 6 1 112 1788 1786
3226 2 2 6 1 1788 1789 1786
3227 2 2 6 1 1788 576 1789
3228 2 2 6 1 1786 1789 577
3229 2 2 6 1 112 83 1788
3230 2 2 6 1 83 1790 1788
3231 2 2 6 1 83 121 1790
3232 2 2 6 1 1788 1790 576
3233 2 2 6 1 577 1789 1792
3234 2 2 6 1 1789 1791 1792
3235 2 2 6 1 1789 576 1791
3236 2 2 6 1 1792 1791 276
3237 2 2 6 1 102 132 1794
3238 2 2 6 1 132 1793 1794
3239 2 2 6 1 132 152 1793
3240 2 2 6 1 1794 1793 579
3241 2 2 6 1 152 1795 1793
3242 2 2 6 1 1795 1796 1793
3243 2 2 6 1 1795 578 1796
3244 2 2 6 1 1793 1796 579
3245 2 2 6 1 152 123 1795
3246 2 2 6 1 123 1797 1795
3247 2 2 6 1 123 142 1797
3248 2 2 6 1 1795 1797 578
3249 2 2 6 1 579 1796 1799
3250 2 2 6 1 1796 1798 1799
3251 2 2 6 1 1796 578 1798
3252 2 2 6 1 1799 1798 277
3253 2 2 6 1 12 52 1801
3254 2 2 6 1 52 1800 1801
3255 2 2 6 1 52 72 1800
3256 2 2 6 1 1801 1800 581
3257 2 2 6 1 72 1802 1800
3258 2 2 6 1 1802 1803 1800
3259 2 2 6 1 1802 580 1803
3260 2 2 6 1 1800 1803 581
3261 2 2 6 1 72 43 1802
3262 2 2 6 1 43 1804 1802
3263 2 2 6 1 43 81 1804
3264 2 2 6 1 1802 1804 580
3265 2 2 6 1 581 1803 1806
3266 2 2 6 1 1803 1805 1806
3267 2 2 6 1 1803 580 1805
3268 2 2 6 1 1806 1805 278
3269 2 2 6 1 32 20 1808
3270 2 2 6 1 20 1807 1808
3271 2 2 6 1 20 23 1807
3272 2 2 6 1 1808 1807 582
3273 2 2 6 1 23 1809 1807
3274 2 2 6 1 1809 1810 1807
3275 2 2 6 1 1809 581 1810
3276 2 2 6 1 1807 1810 582
3277 2 2 6 1 23 21 1809
3278 2 2 6 1 21 1801 1809
3279 2 2 6 1 21 12 1801
3280 2 2 6 1 1809 1801 581
3281 2 2 6 1 582 1810 1811
3282 2 2 6 1 1810 1806 1811
3283 2 2 6 1 1810 581 1806
3284 2 2 6 1 1811 1806 278
3285 2 2 6 1 73 60 1813
3286 2 2 6 1 60 1812 1813
3287 2 2 6 1 60 63 1812
3288 2 2 6 1 1813 1812 583
3289 2 2 6 1 63 1814 1812
3290 2 2 6 1 1814 1815 1812
3291 2 2 6 1 1814 577 1815
3292 2 2 6 1 1812 1815 583
3293 2 2 6 1 63 61 1814
3294 2 2 6 1 61 1787 1814
3295 2 2 6 1 61 62 1787
3296 2 2 6 1 1814 1787 577
3297 2 2 6 1 583 1815 1816
3298 2 2 6 1 1815 1792 1816
3299 2 2 6 1 1815 577 1792
3300 2 2 6 1 1816 1792 276
3301 2 2 6 1 113 100 1818
3302 2 2 6 1 100 1817 1818
3303 2 2 6 1 100 103 1817
3304 2 2 6 1 1818 1817 584
3305 2 2 6 1 103 1819 1817
3306 2 2 6 1 1819 1820 1817
3307 2 2 6 1 1819 579 1820
3308 2 2 6 1 1817 1820 584
3309 2 2 6 1 103 101 1819
3310 2 2 6 1 101 1794 1819
3311 2 2 6 1 101 102 1794
3312 2 2 6 1 1819 1794 579
3313 2 2 6 1 584 1820 1821
3314 2 2 6 1 1820 1799 1821
3315 2 2 6 1 1820 579 1799
3316 2 2 6 1 1821 1799 277
3317 2 2 6 1 33 2 1823
3318 2 2 6 1 2 1822 1823
3319 2 2 6 1 2 22 1822
3320 2 2 6 1 1823 1822 586
3321 2 2 6 1 22 1824 1822
3322 2 2 6 1 1824 1825 1822
3323 2 2 6 1 1824 585 1825
3324 2 2 6 1 1822 1825 586
3325 2 2 6 1 22 3 1824
3326 2 2 6 1 3 1826 1824
3327 2 2 6 1 3 41 1826
3328 2 2 6 1 1824 1826 585
3329 2 2 6 1 586 1825 1828
3330 2 2 6 1 1825 1827 1828
3331 2 2 6 1 1825 585 1827
3332 2 2 6 1 1828 1827 279
3333 2 2 6 1 153 140 1830
3334 2 2 6 1 140 1829 1830
3335 2 2 6 1 140 143 1829
3336 2 2 6 1 1830 1829 587
3337 2 2 6 1 143 1831 1829
3338 2 2 6 1 1831 1832 1829
3339 2 2 6 1 1831 586 1832
3340 2 2 6 1 1829 1832 587
3341 2 2 6 1 143 141 1831
3342 2 2 6 1 141 1823 1831
3343 2 2 6 1 141 33 1823
3344 2 2 6 1 1831 1823 586
3345 2 2 6 1 587 1832 1833
3346 2 2 6 1 1832 1828 1833
3347 2 2 6 1 1832 586 1828
3348 2 2 6 1 1833 1828 279
3349 2 2 6 1 195 1055 1835
3350 2 2 6 1 1055 1834 1835
3351 2 2 6 1 1055 401 1834
3352 2 2 6 1 1835 1834 589
3353 2 2 6 1 401 1836 1834
3354 2 2 6 1 1836 1837 1834
3355 2 2 6 1 1836 588 1837
3356 2 2 6 1 1834 1837 589
3357 2 2 6 1 401 1059 1836
3358 2 2 6 1 1059 1838 1836
3359 2 2 6 1 1059 235 1838
3360 2 2 6 1 1836 1838 588
3361 2 2 6 1 589 1837 1840
3362 2 2 6 1 1837 1839 1840
3363 2 2 6 1 1837 588 1839
3364 2 2 6 1 1840 1839 254
3365 2 2 6 1 194 1685 1842
3366 2 2 6 1 1685 1841 1842
3367 2 2 6 1 1685 555 1841
3368 2 2 6 1 1842 1841 591
3369 2 2 6 1 555 1843 1841
3370 2 2 6 1 1843 1844 1841
3371 2 2 6 1 1843 590 1844
3372 2 2 6 1 1841 1844 591
3373 2 2 6 1 555 1688 1843
3374 2 2 6 1 1688 1845 1843
3375 2 2 6 1 1688 240 1845
3376 2 2 6 1 1843 1845 590
3377 2 2 6 1 591 1844 1847
3378 2 2 6 1 1844 1846 1847
3379 2 2 6 1 1844 590 1846
3380 2 2 6 1 1847 1846 255
3381 2 2 6 1 258 1848 734
3382 2 2 6 1 1848 1849 734
3383 2 2 6 1 1848 592 1849
3384 2 2 6 1 734 1849 312
3385 2 2 6 1 592 1850 1849
3386 2 2 6 1 1850 1851 1849
3387 2 2 6 1 1850 593 1851
3388 2 2 6 1 1849 1851 312
3389 2 2 6 1 592 1852 1850
3390 2 2 6 1 1852 1853 1850
3391 2 2 6 1 1852 214 1853
3392 2 2 6 1 1850 1853 593
3393 2 2 6 1 312 1851 735
3394 2 2 6 1 1851 1854 735
3395 2 2 6 1 1851 593 1854
3396 2 2 6 1 735 1854 262
3397 2 2 6 1 202 1008 1856
3398 2 2 6 1 1008 1855 1856
3399 2 2 6 1 1008 389 1855
3400 2 2 6 1 1856 1855 594
3401 2 2 6 1 389 1857 1855
3402 2 2 6 1 1857 1858 1855
3403 2 2 6 1 1857 592 1858
3404 2 2 6 1 1855 1858 594
3405 2 2 6 1 389 1014 1857
3406 2 2 6 1 1014 1852 1857
3407 2 2 6 1 1014 214 1852
3408 2 2 6 1 1857 1852 592
3409 2 2 6 1 594 1858 1859
3410 2 2 6 1 1858 1848 1859
3411 2 2 6 1 1858 592 1848
3412 2 2 6 1 1859 1848 258
3413 2 2 6 1 205 1500 1861
3414 2 2 6 1 1500 1860 1861
3415 2 2 6 1 1500 513 1860
3416 2 2 6 1 1861 1860 596
3417 2 2 6 1 513 1862 1860
3418 2 2 6 1 1862 1863 1860
3419 2 2 6 1 1862 595 1863
3420 2 2 6 1 1860 1863 596
3421 2 2 6 1 513 1499 1862
3422 2 2 6 1 1499 1864 1862
3423 2 2 6 1 1499 203 1864
3424 2 2 6 1 1862 1864 595
3425 2 2 6 1 596 1863 1866
3426 2 2 6 1 1863 1865 1866
3427 2 2 6 1 1863 595 1865
3428 2 2 6 1 1866 1865 256
3429 2 2 6 1 256 1865 726
3430 2 2 6 1 1865 1867 726
3431 2 2 6 1 1865 595 1867
3432 2 2 6 1 726 1867 310
3433 2 2 6 1 595 1868 1867
3434 2 2 6 1 1868 1869 1867
3435 2 2 6 1 1868 597 1869
3436 2 2 6 1 1867 1869 310
3437 2 2 6 1 595 1864 1868
3438 2 2 6 1 1864 1870 1868
3439 2 2 6 1 1864 203 1870
3440 2 2 6 1 1868 1870 597
3441 2 2 6 1 310 1869 727
3442 2 2 6 1 1869 1871 727
3443 2 2 6 1 1869 597 1871
3444 2 2 6 1 727 1871 257
3445 2 2 6 1 262 1872 703
3446 2 2 6 1 1872 1873 703
3447 2 2 6 1 1872 598 1873
3448 2 2 6 1 703 1873 304
3449 2 2 6 1 598 1874 1873
3450 2 2 6 1 1874 1875 1873
3451 2 2 6 1 1874 599 1875
3452 2 2 6 1 1873 1875 304
3453 2 2 6 1 598 1876 1874
3454 2 2 6 1 1876 1877 1874
3455 2 2 6 1 1876 213 1877
3456 2 2 6 1 1874 1877 599
3457 2 2 6 1 304 1875 704
3458 2 2 6 1 1875 1878 704
3459 2 2 6 1 1875 599 1878
3460 2 2 6 1 704 1878 266
3461 2 2 6 1 203 1494 1870
3462 2 2 6 1 1494 1879 1870
3463 2 2 6 1 1494 512 1879
3464 2 2 6 1 1870 1879 597
3465 2 2 6 1 512 1880 1879
3466 2 2 6 1 1880 1881 1879
3467 2 2 6 1 1880 600 1881
3468 2 2 6 1 1879 1881 597
3469 2 2 6 1 512 1493 1880
3470 2 2 6 1 1493 1882 1880
3471 2 2 6 1 1493 202 1882
3472 2 2 6 1 1880 1882 600
3473 2 2 6 1 597 1881 1871
3474 2 2 6 1 1881 1883 1871
3475 2 2 6 1 1881 600 1883
3476 2 2 6 1 1871 1883 257
3477 2 2 6 1 214 990 1853
3478 2 2 6 1 990 1884 1853
3479 2 2 6 1 990 381 1884
3480 2 2 6 1 1853 1884 593
3481 2 2 6 1 381 1885 1884
3482 2 2 6 1 1885 1886 1884
3483 2 2 6 1 1885 598 1886
3484 2 2 6 1 1884 1886 593
3485 2 2 6 1 381 989 1885
3486 2 2 6 1 989 1876 1885
3487 2 2 6 1 989 213 1876
3488 2 2 6 1 1885 1876 598
3489 2 2 6 1 593 1886 1854
3490 2 2 6 1 1886 1872 1854
3491 2 2 6 1 1886 598 1872
3492 2 2 6 1 1854 1872 262
3493 2 2 6 1 257 1883 782
3494 2 2 6 1 1883 1887 782
3495 2 2 6 1 1883 600 1887
3496 2 2 6 1 782 1887 324
3497 2 2 6 1 600 1888 1887
3498 2 2 6 1 1888 1889 1887
3499 2 2 6 1 1888 594 1889
3500 2 2 6 1 1887 1889 324
3501 2 2 6 1 600 1882 1888
3502 2 2 6 1 1882 1856 1888
3503 2 2 6 1 1882 202 1856
3504 2 2 6 1 1888 1856 594
3505 2 2 6 1 324 1889 783
3506 2 2 6 1 1889 1859 783
3507 2 2 6 1 1889 594 1859
3508 2 2 6 1 783 1859 258
3509 2 2 6 1 259 1890 771
3510 2 2 6 1 1890 1891 771
3511 2 2 6 1 1890 601 1891
3512 2 2 6 1 771 1891 322
3513 2 2 6 1 601 1892 1891
3514 2 2 6 1 1892 1893 1891
3515 2 2 6 1 1892 602 1893
3516 2 2 6 1 1891 1893 322
3517 2 2 6 1 601 1894 1892
3518 2 2 6 1 1894 1895 1892
3519 2 2 6 1 1894 221 1895
3520 2 2 6 1 1892 1895 602
3521 2 2 6 1 322 1893 772
3522 2 2 6 1 1893 1896 772
3523 2 2 6 1 1893 602 1896
3524 2 2 6 1 772 1896 261
3525 2 2 6 1 222 1428 1898
3526 2 2 6 1 1428 1897 1898
3527 2 2 6 1 1428 492 1897
3528 2 2 6 1 1898 1897 603
3529 2 2 6 1 492 1899 1897
3530 2 2 6 1 1899 1900 1897
3531 2 2 6 1 1899 601 1900
3532 2 2 6 1 1897 1900 603
3533 2 2 6 1 492 1427 1899
3534 2 2 6 1 1427 1894 1899
3535 2 2 6 1 1427 221 1894
3536 2 2 6 1 1899 1894 601
3537 2 2 6 1 603 1900 1901
3538 2 2 6 1 1900 1890 1901
3539 2 2 6 1 1900 601 1890
3540 2 2 6 1 1901 1890 259
3541 2 2 6 1 222 1898 1903
3542 2 2 6 1 1898 1902 1903
3543 2 2 6 1 1898 603 1902
3544 2 2 6 1 1903 1902 604
3545 2 2 6 1 603 1904 1902
3546 2 2 6 1 1904 1905 1902
3547 2 2 6 1 1904 323 1905
3548 2 2 6 1 1902 1905 604
3549 2 2 6 1 603 1901 1904
3550 2 2 6 1 1901 774 1904
3551 2 2 6 1 1901 259 774
3552 2 2 6 1 1904 774 323
3553 2 2 6 1 604 1905 1906
3554 2 2 6 1 1905 777 1906
3555 2 2 6 1 1905 323 777
3556 2 2 6 1 1906 777 260
3557 2 2 6 1 221 1563 1895
3558 2 2 6 1 1563 1907 1895
3559 2 2 6 1 1563 530 1907
3560 2 2 6 1 1895 1907 602
3561 2 2 6 1 530 1908 1907
3562 2 2 6 1 1908 1909 1907
3563 2 2 6 1 1908 605 1909
3564 2 2 6 1 1907 1909 602
3565 2 2 6 1 530 1566 1908
3566 2 2 6 1 1566 1910 1908
3567 2 2 6 1 1566 245 1910
3568 2 2 6 1 1908 1910 605
3569 2 2 6 1 602 1909 1896
3570 2 2 6 1 1909 1911 1896
3571 2 2 6 1 1909 605 1911
3572 2 2 6 1 1896 1911 261
3573 2 2 6 1 224 1606 1913
3574 2 2 6 1 1606 1912 1913
3575 2 2 6 1 1606 538 1912
3576 2 2 6 1 1913 1912 606
3577 2 2 6 1 538 1914 1912
3578 2 2 6 1 1914 1915 1912
3579 2 2 6 1 1914 604 1915
3580 2 2 6 1 1912 1915 606
3581 2 2 6 1 538 1605 1914
3582 2 2 6 1 1605 1903 1914
3583 2 2 6 1 1605 222 1903
3584 2 2 6 1 1914 1903 604
3585 2 2 6 1 606 1915 1916
3586 2 2 6 1 1915 1906 1916
3587 2 2 6 1 1915 604 1906
3588 2 2 6 1 1916 1906 260
3589 2 2 6 1 245 1403 1918
3590 2 2 6 1 1403 1917 1918
3591 2 2 6 1 1403 487 1917
3592 2 2 6 1 1918 1917 608
3593 2 2 6 1 487 1919 1917
3594 2 2 6 1 1919 1920 1917
3595 2 2 6 1 1919 607 1920
3596 2 2 6 1 1917 1920 608
3597 2 2 6 1 487 1402 1919
3598 2 2 6 1 1402 1921 1919
3599 2 2 6 1 1402 229 1921
3600 2 2 6 1 1919 1921 607
3601 2 2 6 1 608 1920 1923
3602 2 2 6 1 1920 1922 1923
3603 2 2 6 1 1920 607 1922
3604 2 2 6 1 1923 1922 263
3605 2 2 6 1 229 1314 1925
3606 2 2 6 1 1314 1924 1925
3607 2 2 6 1 1314 471 1924
3608 2 2 6 1 1925 1924 610
3609 2 2 6 1 471 1926 1924
3610 2 2 6 1 1926 1927 1924
3611 2 2 6 1 1926 609 1927
3612 2 2 6 1 1924 1927 610
3613 2 2 6 1 471 1319 1926
3614 2 2 6 1 1319 1928 1926
3615 2 2 6 1 1319 230 1928
3616 2 2 6 1 1926 1928 609
3617 2 2 6 1 610 1927 1930
3618 2 2 6 1 1927 1929 1930
3619 2 2 6 1 1927 609 1929
3620 2 2 6 1 1930 1929 265
3621 2 2 6 1 224 1913 1932
3622 2 2 6 1 1913 1931 1932
3623 2 2 6 1 1913 606 1931
3624 2 2 6 1 1932 1931 611
3625 2 2 6 1 606 1933 1931
3626 2 2 6 1 1933 1934 1931
3627 2 2 6 1 1933 319 1934
3628 2 2 6 1 1931 1934 611
3629 2 2 6 1 606 1916 1933
3630 2 2 6 1 1916 755 1933
3631 2 2 6 1 1916 260 755
3632 2 2 6 1 1933 755 319
3633 2 2 6 1 611 1934 1935
3634 2 2 6 1 1934 760 1935
3635 2 2 6 1 1934 319 760
3636 2 2 6 1 1935 760 264
3637 2 2 6 1 213 1278 1877
3638 2 2 6 1 1278 1936 1877
3639 2 2 6 1 1278 461 1936
3640 2 2 6 1 1877 1936 599
3641 2 2 6 1 461 1937 1936
3642 2 2 6 1 1937 1938 1936
3643 2 2 6 1 1937 612 1938
3644 2 2 6 1 1936 1938 599
3645 2 2 6 1 461 1277 1937
3646 2 2 6 1 1277 1939 1937
3647 2 2 6 1 1277 211 1939
3648 2 2 6 1 1937 1939 612
3649 2 2 6 1 599 1938 1878
3650 2 2 6 1 1938 1940 1878
3651 2 2 6 1 1938 612 1940
3652 2 2 6 1 1878 1940 266
3653 2 2 6 1 226 1612 1942
3654 2 2 6 1 1612 1941 1942
3655 2 2 6 1 1612 539 1941
3656 2 2 6 1 1942 1941 613
3657 2 2 6 1 539 1943 1941
3658 2 2 6 1 1943 1944 1941
3659 2 2 6 1 1943 611 1944
3660 2 2 6 1 1941 1944 613
3661 2 2 6 1 539 1611 1943
3662 2 2 6 1 1611 1932 1943
3663 2 2 6 1 1611 224 1932
3664 2 2 6 1 1943 1932 611
3665 2 2 6 1 613 1944 1945
3666 2 2 6 1 1944 1935 1945
3667 2 2 6 1 1944 611 1935
3668 2 2 6 1 1945 1935 264
3669 2 2 6 1 263 1922 810
3670 2 2 6 1 1922 1946 810
3671 2 2 6 1 1922 607 1946
3672 2 2 6 1 810 1946 331
3673 2 2 6 1 607 1947 1946
3674 2 2 6 1 1947 1948 1946
3675 2 2 6 1 1947 610 1948
3676 2 2 6 1 1946 1948 331
3677 2 2 6 1 607 1921 1947
3678 2 2 6 1 1921 1925 1947
3679 2 2 6 1 1921 229 1925
3680 2 2 6 1 1947 1925 610
3681 2 2 6 1 331 1948 811
3682 2 2 6 1 1948 1930 811
3683 2 2 6 1 1948 610 1930
3684 2 2 6 1 811 1930 265
3685 2 2 6 1 261 1911 798
3686 2 2 6 1 1911 1949 798
3687 2 2 6 1 1911 605 1949
3688 2 2 6 1 798 1949 328
3689 2 2 6 1 605 1950 1949
3690 2 2 6 1 1950 1951 1949
3691 2 2 6 1 1950 608 1951
3692 2 2 6 1 1949 1951 328
3693 2 2 6 1 605 1910 1950
3694 2 2 6 1 1910 1918 1950
3695 2 2 6 1 1910 245 1918
3696 2 2 6 1 1950 1918 608
3697 2 2 6 1 328 1951 799
3698 2 2 6 1 1951 1923 799
3699 2 2 6 1 1951 608 1923
3700 2 2 6 1 799 1923 263
3701 2 2 6 1 211 1341 1953
3702 2 2 6 1 1341 1952 1953
3703 2 2 6 1 1341 476 1952
3704 2 2 6 1 1953 1952 615
3705 2 2 6 1 476 1954 1952
3706 2 2 6 1 1954 1955 1952
3707 2 2 6 1 1954 614 1955
3708 2 2 6 1 1952 1955 615
3709 2 2 6 1 476 1347 1954
3710 2 2 6 1 1347 1956 1954
3711 2 2 6 1 1347 212 1956
3712 2 2 6 1 1954 1956 614
3713 2 2 6 1 615 1955 1958
3714 2 2 6 1 1955 1957 1958
3715 2 2 6 1 1955 614 1957
3716 2 2 6 1 1958 1957 267
3717 2 2 6 1 266 1940 694
3718 2 2 6 1 1940 1959 694
3719 2 2 6 1 1940 612 1959
3720 2 2 6 1 694 1959 301
3721 2 2 6 1 612 1960 1959
3722 2 2 6 1 1960 1961 1959
3723 2 2 6 1 1960 615 1961
3724 2 2 6 1 1959 1961 301
3725 2 2 6 1 612 1939 1960
3726 2 2 6 1 1939 1953 1960
3727 2 2 6 1 1939 211 1953
3728 2 2 6 1 1960 1953 615
3729 2 2 6 1 301 1961 695
3730 2 2 6 1 1961 1958 695
3731 2 2 6 1 1961 615 1958
3732 2 2 6 1 695 1958 267
3733 2 2 6 1 230 1318 839
3734 2 2 6 1 1318 1962 839
3735 2 2 6 1 1318 470 1962
3736 2 2 6 1 839 1962 339
3737 2 2 6 1 470 1963 1962
3738 2 2 6 1 1963 1964 1962
3739 2 2 6 1 1963 568 1964
3740 2 2 6 1 1962 1964 339
3741 2 2 6 1 470 1317 1963
3742 2 2 6 1 1317 1747 1963
3743 2 2 6 1 1317 228 1747
3744 2 2 6 1 1963 1747 568
3745 2 2 6 1 339 1964 840
3746 2 2 6 1 1964 1750 840
3747 2 2 6 1 1964 568 1750
3748 2 2 6 1 840 1750 268
3749 2 2 6 1 212 1346 848
3750 2 2 6 1 1346 1965 848
3751 2 2 6 1 1346 475 1965
3752 2 2 6 1 848 1965 342
3753 2 2 6 1 475 1966 1965
3754 2 2 6 1 1966 1967 1965
3755 2 2 6 1 1966 569 1967
3756 2 2 6 1 1965 1967 342
3757 2 2 6 1 475 1345 1966
3758 2 2 6 1 1345 1752 1966
3759 2 2 6 1 1345 209 1752
3760 2 2 6 1 1966 1752 569
3761 2 2 6 1 342 1967 849
3762 2 2 6 1 1967 1755 849
3763 2 2 6 1 1967 569 1755
3764 2 2 6 1 849 1755 269
3765 2 2 6 1 204 1496 1764
3766 2 2 6 1 1496 1968 1764
3767 2 2 6 1 1496 514 1968
3768 2 2 6 1 1764 1968 571
3769 2 2 6 1 514 1969 1968
3770 2 2 6 1 1969 1970 1968
3771 2 2 6 1 1969 346 1970
3772 2 2 6 1 1968 1970 571
3773 2 2 6 1 514 1501 1969
3774 2 2 6 1 1501 853 1969
3775 2 2 6 1 1501 205 853
3776 2 2 6 1 1969 853 346
3777 2 2 6 1 571 1970 1765
3778 2 2 6 1 1970 859 1765
3779 2 2 6 1 1970 346 859
3780 2 2 6 1 1765 859 270
3781 2 2 6 1 225 1608 1759
3782 2 2 6 1 1608 1971 1759
3783 2 2 6 1 1608 540 1971
3784 2 2 6 1 1759 1971 570
3785 2 2 6 1 540 1972 1971
3786 2 2 6 1 1972 1973 1971
3787 2 2 6 1 1972 349 1973
3788 2 2 6 1 1971 1973 570
3789 2 2 6 1 540 1613 1972
3790 2 2 6 1 1613 862 1972
3791 2 2 6 1 1613 226 862
3792 2 2 6 1 1972 862 349
3793 2 2 6 1 570 1973 1760
3794 2 2 6 1 1973 868 1760
3795 2 2 6 1 1973 349 868
3796 2 2 6 1 1760 868 271
3797 2 2 6 1 252 1720 1975
3798 2 2 6 1 1720 1974 1975
3799 2 2 6 1 1720 563 1974
3800 2 2 6 1 1975 1974 616
3801 2 2 6 1 563 1976 1974
3802 2 2 6 1 1976 1977 1974
3803 2 2 6 1 1976 587 1977
3804 2 2 6 1 1974 1977 616
3805 2 2 6 1 563 1719 1976
3806 2 2 6 1 1719 1830 1976
3807 2 2 6 1 1719 153 1830
3808 2 2 6 1 1976 1830 587
3809 2 2 6 1 616 1977 1978
3810 2 2 6 1 1977 1833 1978
3811 2 2 6 1 1977 587 1833
3812 2 2 6 1 1978 1833 279
3813 2 2 6 1 81 1723 1804
3814 2 2 6 1 1723 1979 1804
3815 2 2 6 1 1723 566 1979
3816 2 2 6 1 1804 1979 580
3817 2 2 6 1 566 1980 1979
3818 2 2 6 1 1980 1981 1979
3819 2 2 6 1 1980 617 1981
3820 2 2 6 1 1979 1981 580
3821 2 2 6 1 566 1728 1980
3822 2 2 6 1 1728 1982 1980
3823 2 2 6 1 1728 253 1982
3824 2 2 6 1 1980 1982 617
3825 2 2 6 1 580 1981 1805
3826 2 2 6 1 1981 1983 1805
3827 2 2 6 1 1981 617 1983
3828 2 2 6 1 1805 1983 278
3829 2 2 6 1 121 1702 1790
3830 2 2 6 1 1702 1984 1790
3831 2 2 6 1 1702 560 1984
3832 2 2 6 1 1790 1984 576
3833 2 2 6 1 560 1985 1984
3834 2 2 6 1 1985 1986 1984
3835 2 2 6 1 1985 618 1986
3836 2 2 6 1 1984 1986 576
3837 2 2 6 1 560 1707 1985
3838 2 2 6 1 1707 1987 1985
3839 2 2 6 1 1707 250 1987
3840 2 2 6 1 1985 1987 618
3841 2 2 6 1 576 1986 1791
3842 2 2 6 1 1986 1988 1791
3843 2 2 6 1 1986 618 1988
3844 2 2 6 1 1791 1988 276
3845 2 2 6 1 142 1709 1797
3846 2 2 6 1 1709 1989 1797
3847 2 2 6 1 1709 562 1989
3848 2 2 6 1 1797 1989 578
3849 2 2 6 1 562 1990 1989
3850 2 2 6 1 1990 1991 1989
3851 2 2 6 1 1990 619 1991
3852 2 2 6 1 1989 1991 578
3853 2 2 6 1 562 1714 1990
3854 2 2 6 1 1714 1992 1990
3855 2 2 6 1 1714 251 1992
3856 2 2 6 1 1990 1992 619
3857 2 2 6 1 578 1991 1798
3858 2 2 6 1 1991 1993 1798
3859 2 2 6 1 1991 619 1993
3860 2 2 6 1 1798 1993 277
3861 2 2 6 1 232 1025 1995
3862 2 2 6 1 1025 1994 1995
3863 2 2 6 1 1025 391 1994
3864 2 2 6 1 1995 1994 620
3865 2 2 6 1 391 1996 1994
3866 2 2 6 1 1996 1997 1994
3867 2 2 6 1 1996 582 1997
3868 2 2 6 1 1994 1997 620
3869 2 2 6 1 391 1024 1996
3870 2 2 6 1 1024 1808 1996
3871 2 2 6 1 1024 32 1808
3872 2 2 6 1 1996 1808 582
3873 2 2 6 1 620 1997 1998
3874 2 2 6 1 1997 1811 1998
3875 2 2 6 1 1997 582 1811
3876 2 2 6 1 1998 1811 278
3877 2 2 6 1 193 1172 2000
3878 2 2 6 1 1172 1999 2000
3879 2 2 6 1 1172 433 1999
3880 2 2 6 1 2000 1999 621
3881 2 2 6 1 433 2001 1999
3882 2 2 6 1 2001 2002 1999
3883 2 2 6 1 2001 584 2002
3884 2 2 6 1 1999 2002 621
3885 2 2 6 1 433 1171 2001
3886 2 2 6 1 1171 1818 2001
3887 2 2 6 1 1171 113 1818
3888 2 2 6 1 2001 1818 584
3889 2 2 6 1 621 2002 2003
3890 2 2 6 1 2002 1821 2003
3891 2 2 6 1 2002 584 1821
3892 2 2 6 1 2003 1821 277
3893 2 2 6 1 234 1268 2005
3894 2 2 6 1 1268 2004 2005
3895 2 2 6 1 1268 459 2004
3896 2 2 6 1 2005 2004 622
3897 2 2 6 1 459 2006 2004
3898 2 2 6 1 2006 2007 2004
3899 2 2 6 1 2006 583 2007
3900 2 2 6 1 2004 2007 622
3901 2 2 6 1 459 1267 2006
3902 2 2 6 1 1267 1813 2006
3903 2 2 6 1 1267 73 1813
3904 2 2 6 1 2006 1813 583
3905 2 2 6 1 622 2007 2008
3906 2 2 6 1 2007 1816 2008
3907 2 2 6 1 2007 583 1816
3908 2 2 6 1 2008 1816 276
3909 2 2 6 1 41 1518 1826
3910 2 2 6 1 1518 2009 1826
3911 2 2 6 1 1518 519 2009
3912 2 2 6 1 1826 2009 585
3913 2 2 6 1 519 2010 2009
3914 2 2 6 1 2010 2011 2009
3915 2 2 6 1 2010 623 2011
3916 2 2 6 1 2009 2011 585
3917 2 2 6 1 519 1523 2010
3918 2 2 6 1 1523 2012 2010
3919 2 2 6 1 1523 192 2012
3920 2 2 6 1 2010 2012 623
3921 2 2 6 1 585 2011 1827
3922 2 2 6 1 2011 2013 1827
3923 2 2 6 1 2011 623 2013
3924 2 2 6 1 1827 2013 279
3925 2 2 6 1 192 828 2012
3926 2 2 6 1 828 2014 2012
3927 2 2 6 1 828 337 2014
3928 2 2 6 1 2012 2014 623
3929 2 2 6 1 337 2015 2014
3930 2 2 6 1 2015 2016 2014
3931 2 2 6 1 2015 616 2016
3932 2 2 6 1 2014 2016 623
3933 2 2 6 1 337 832 2015
3934 2 2 6 1 832 1975 2015
3935 2 2 6 1 832 252 1975
3936 2 2 6 1 2015 1975 616
3937 2 2 6 1 623 2016 2013
3938 2 2 6 1 2016 1978 2013
3939 2 2 6 1 2016 616 1978
3940 2 2 6 1 2013 1978 279
3941 2 2 6 1 250 874 1987
3942 2 2 6 1 874 2017 1987
3943 2 2 6 1 874 350 2017
3944 2 2 6 1 1987 2017 618
3945 2 2 6 1 350 2018 2017
3946 2 2 6 1 2018 2019 2017
3947 2 2 6 1 2018 622 2019
3948 2 2 6 1 2017 2019 618
3949 2 2 6 1 350 873 2018
3950 2 2 6 1 873 2005 2018
3951 2 2 6 1 873 234 2005
3952 2 2 6 1 2018 2005 622
3953 2 2 6 1 618 2019 1988
3954 2 2 6 1 2019 2008 1988
3955 2 2 6 1 2019 622 2008
3956 2 2 6 1 1988 2008 276
3957 2 2 6 1 251 818 1992
3958 2 2 6 1 818 2020 1992
3959 2 2 6 1 818 333 2020
3960 2 2 6 1 1992 2020 619
3961 2 2 6 1 333 2021 2020
3962 2 2 6 1 2021 2022 2020
3963 2 2 6 1 2021 621 2022
3964 2 2 6 1 2020 2022 619
3965 2 2 6 1 333 817 2021
3966 2 2 6 1 817 2000 2021
3967 2 2 6 1 817 193 2000
3968 2 2 6 1 2021 2000 621
3969 2 2 6 1 619 2022 1993
3970 2 2 6 1 2022 2003 1993
3971 2 2 6 1 2022 621 2003
3972 2 2 6 1 1993 2003 277
3973 2 2 6 1 253 825 1982
3974 2 2 6 1 825 2023 1982
3975 2 2 6 1 825 335 2023
3976 2 2 6 1 1982 2023 617
3977 2 2 6 1 335 2024 2023
3978 2 2 6 1 2024 2025 2023
3979 2 2 6 1 2024 620 2025
3980 2 2 6 1 2023 2025 617
3981 2 2 6 1 335 824 2024
3982 2 2 6 1 824 1995 2024
3983 2 2 6 1 824 232 1995
3984 2 2 6 1 2024 1995 620
3985 2 2 6 1 617 2025 1983
3986 2 2 6 1 2025 1998 1983
3987 2 2 6 1 2025 620 1998
3988 2 2 6 1 1983 1998 278
3989 2 2 6 1 265 1929 887
3990 2 2 6 1 1929 2026 887
3991 2 2 6 1 1929 609 2026
3992 2 2 6 1 887 2026 354
3993 2 2 6 1 609 2027 2026
3994 2 2 6 1 2027 2028 2026
3995 2 2 6 1 2027 371 2028
3996 2 2 6 1 2026 2028 354
3997 2 2 6 1 609 1928 2027
3998 2 2 6 1 1928 949 2027
3999 2 2 6 1 1928 230 949
4000 2 2 6 1 2027 949 371
4001 2 2 6 1 354 2028 888
4002 2 2 6 1 2028 954 888
4003 2 2 6 1 2028 371 954
4004 2 2 6 1 888 954 274
4005 2 2 6 1 267 1957 880
4006 2 2 6 1 1957 2029 880
4007 2 2 6 1 1957 614 2029
4008 2 2 6 1 880 2029 352
4009 2 2 6 1 614 2030 2029
4010 2 2 6 1 2030 2031 2029
4011 2 2 6 1 2030 373 2031
4012 2 2 6 1 2029 2031 352
4013 2 2 6 1 614 1956 2030
4014 2 2 6 1 1956 956 2030
4015 2 2 6 1 1956 212 956
4016 2 2 6 1 2030 956 373
4017 2 2 6 1 352 2031 881
4018 2 2 6 1 2031 961 881
4019 2 2 6 1 2031 373 961
4020 2 2 6 1 881 961 275
4021 2 2 6 1 205 1861 966
4022 2 2 6 1 1861 2032 966
4023 2 2 6 1 1861 596 2032
4024 2 2 6 1 966 2032 374
4025 2 2 6 1 596 2033 2032
4026 2 2 6 1 2033 2034 2032
4027 2 2 6 1 2033 357 2034
4028 2 2 6 1 2032 2034 374
4029 2 2 6 1 596 1866 2033
4030 2 2 6 1 1866 891 2033
4031 2 2 6 1 1866 256 891
4032 2 2 6 1 2033 891 357
4033 2 2 6 1 374 2034 967
4034 2 2 6 1 2034 896 967
4035 2 2 6 1 2034 357 896
4036 2 2 6 1 967 896 272
4037 2 2 6 1 226 1942 973
4038 2 2 6 1 1942 2035 973
4039 2 2 6 1 1942 613 2035
4040 2 2 6 1 973 2035 376
4041 2 2 6 1 613 2036 2035
4042 2 2 6 1 2036 2037 2035
4043 2 2 6 1 2036 359 2037
4044 2 2 6 1 2035 2037 376
4045 2 2 6 1 613 1945 2036
4046 2 2 6 1 1945 898 2036
4047 2 2 6 1 1945 264 898
4048 2 2 6 1 2036 898 359
4049 2 2 6 1 376 2037 974
4050 2 2 6 1 2037 903 974
4051 2 2 6 1 2037 359 903
4052 2 2 6 1 974 903 273
4053 2 2 6 1 254 1839 921
4054 2 2 6 1 1839 2038 921
4055 2 2 6 1 1839 588 2038
4056 2 2 6 1 921 2038 364
4057 2 2 6 1 588 2039 2038
4058 2 2 6 1 2039 2040 2038
4059 2 2 6 1 2039 572 2040
4060 2 2 6 1 2038 2040 364
4061 2 2 6 1 588 1838 2039
4062 2 2 6 1 1838 1767 2039
4063 2 2 6 1 1838 235 1767
4064 2 2 6 1 2039 1767 572
4065 2 2 6 1 364 2040 922
4066 2 2 6 1 2040 1770 922
4067 2 2 6 1 2040 572 1770
4068 2 2 6 1 922 1770 272
4069 2 2 6 1 255 1846 926
4070 2 2 6 1 1846 2041 926
4071 2 2 6 1 1846 590 2041
4072 2 2 6 1 926 2041 365
4073 2 2 6 1 590 2042 2041
4074 2 2 6 1 2042 2043 2041
4075 2 2 6 1 2042 573 2043
4076 2 2 6 1 2041 2043 365
4077 2 2 6 1 590 1845 2042
4078 2 2 6 1 1845 1772 2042
4079 2 2 6 1 1845 240 1772
4080 2 2 6 1 2042 1772 573
4081 2 2 6 1 365 2043 927
4082 2 2 6 1 2043 1775 927
4083 2 2 6 1 2043 573 1775
4084 2 2 6 1 927 1775 273
4085 2 2 6 1 195 1835 1779
4086 2 2 6 1 1835 2044 1779
4087 2 2 6 1 1835 589 2044
4088 2 2 6 1 1779 2044 574
4089 2 2 6 1 589 2045 2044
4090 2 2 6 1 2045 2046 2044
4091 2 2 6 1 2045 363 2046
4092 2 2 6 1 2044 2046 574
4093 2 2 6 1 589 1840 2045
4094 2 2 6 1 1840 913 2045
4095 2 2 6 1 1840 254 913
4096 2 2 6 1 2045 913 363
4097 2 2 6 1 574 2046 1780
4098 2 2 6 1 2046 917 1780
4099 2 2 6 1 2046 363 917
4100 2 2 6 1 1780 917 274
4101 2 2 6 1 194 1842 1784
4102 2 2 6 1 1842 2047 1784
4103 2 2 6 1 1842 591 2047
4104 2 2 6 1 1784 2047 575
4105 2 2 6 1 591 2048 2047
4106 2 2 6 1 2048 2049 2047
4107 2 2 6 1 2048 361 2049
4108 2 2 6 1 2047 2049 575
4109 2 2 6 1 591 1847 2048
4110 2 2 6 1 1847 906 2048
4111 2 2 6 1 1847 255 906
4112 2 2 6 1 2048 906 361
4113 2 2 6 1 575 2049 1785
4114 2 2 6 1 2049 910 1785
4115 2 2 6 1 2049 361 910
4116 2 2 6 1 1785 910 275
$EndElements
